date,country,iso2,group,component,cycle,yoy_growth,qoq_annualised
1975-01-01,Australia,AU,Asia-Pacific,Consumption,0.8562584222324593,NA,NA
1975-04-01,Australia,AU,Asia-Pacific,Consumption,1.0617431342168455,NA,3.399598060821063
1975-07-01,Australia,AU,Asia-Pacific,Consumption,-0.31179592305176745,NA,-2.9143563701353514
1975-10-01,Australia,AU,Asia-Pacific,Consumption,-2.923837886403604,NA,-7.861432344521546
1976-01-01,Australia,AU,Asia-Pacific,Consumption,-1.7880045974592598,-0.05879270628561528,7.1410198286933735
1976-04-01,Australia,AU,Asia-Pacific,Consumption,-0.4657963096788091,1.0648520053679889,7.8941769074354795
1976-07-01,Australia,AU,Asia-Pacific,Consumption,1.1998779222568459,4.110424516733779,9.26793367532781
1976-10-01,Australia,AU,Asia-Pacific,Consumption,1.6277180120693222,7.152672981665731,4.30756151520626
1977-01-01,Australia,AU,Asia-Pacific,Consumption,0.8284087519456238,5.213417933426889,-0.6160003642619927
1977-04-01,Australia,AU,Asia-Pacific,Consumption,1.1834921371655673,4.236060242649131,3.984746144324447
1977-07-01,Australia,AU,Asia-Pacific,Consumption,0.7637782939144765,2.136312970434062,0.8689445864675349
1977-10-01,Australia,AU,Asia-Pacific,Consumption,0.20688891223226324,1.1361225786146179,0.3067999479284822
1978-01-01,Australia,AU,Asia-Pacific,Consumption,-0.08018594647050367,1.6345464596613013,1.3776951599247411
1978-04-01,Australia,AU,Asia-Pacific,Consumption,1.4993025704998357,2.8486555760474985,8.841182609869236
1978-07-01,Australia,AU,Asia-Pacific,Consumption,0.6410353240189528,2.4046168958365755,-0.9072101343761574
1978-10-01,Australia,AU,Asia-Pacific,Consumption,-1.0274939006818096,1.2937961291138222,-4.136483118962531
1979-01-01,Australia,AU,Asia-Pacific,Consumption,-0.5947959612205826,2.022109257388216,4.290947673022316
1979-04-01,Australia,AU,Asia-Pacific,Consumption,-0.7919221654660016,0.26240153137706557,1.802351705824634
1979-07-01,Australia,AU,Asia-Pacific,Consumption,-1.304665675357778,0.6335227082853834,0.5772745732571138
1979-10-01,Australia,AU,Asia-Pacific,Consumption,-1.5579149870529339,2.0819822712851987,1.6573551330367309
1980-01-01,Australia,AU,Asia-Pacific,Consumption,-0.9990012747241759,2.2466356052577297,4.94956100891244
1980-04-01,Australia,AU,Asia-Pacific,Consumption,-1.3519926618827793,2.131810082817154,1.3430496160623306
1980-07-01,Australia,AU,Asia-Pacific,Consumption,-1.277487052656073,2.7597925217117236,3.089204328835393
1980-10-01,Australia,AU,Asia-Pacific,Consumption,-1.028541832710944,3.2991555483071977,3.814807239418627
1981-01-01,Australia,AU,Asia-Pacific,Consumption,-1.2388271031264027,2.560318738212075,1.9942137685319494
1981-04-01,Australia,AU,Asia-Pacific,Consumption,0.014937714437708235,4.187720154014052,7.8526552792702375
1981-07-01,Australia,AU,Asia-Pacific,Consumption,1.6627310994385283,5.768875648891125,9.413826308343687
1981-10-01,Australia,AU,Asia-Pacific,Consumption,1.232785426467588,5.082868784180405,1.070779780575748
1982-01-01,Australia,AU,Asia-Pacific,Consumption,1.2839244500481313,5.32182485290793,2.9500380434420492
1982-04-01,Australia,AU,Asia-Pacific,Consumption,2.7607069485798776,5.508066822094015,8.597623156014578
1982-07-01,Australia,AU,Asia-Pacific,Consumption,1.8942613635050023,2.94536614040517,-0.8369764184116946
1982-10-01,Australia,AU,Asia-Pacific,Consumption,2.1967639273499233,3.622004258229161,3.7773322518717123
1983-01-01,Australia,AU,Asia-Pacific,Consumption,1.5885845682883366,2.9040096480843047,0.07805960286262348
1983-04-01,Australia,AU,Asia-Pacific,Consumption,0.2860870673028395,0.06827209798441203,-2.745327044384993
1983-07-01,Australia,AU,Asia-Pacific,Consumption,0.43194005044752726,1.03160699054623,3.016363151835577
1983-10-01,Australia,AU,Asia-Pacific,Consumption,-0.04496839978088054,0.21445473631906964,0.508723234963071
1984-01-01,Australia,AU,Asia-Pacific,Consumption,0.6170681719897182,1.460966472259706,5.064106546625169
1984-04-01,Australia,AU,Asia-Pacific,Consumption,-0.525650706093869,1.6124914725862638,-2.139227043078762
1984-07-01,Australia,AU,Asia-Pacific,Consumption,-2.5777129855229006,-0.5774205109403852,-5.743284782271019
1984-10-01,Australia,AU,Asia-Pacific,Consumption,-2.8313274936549346,-0.32956739497667087,1.5001356988179282
1985-01-01,Australia,AU,Asia-Pacific,Consumption,-1.4298811370919282,0.4493754185537213,8.179877800746738
1985-04-01,Australia,AU,Asia-Pacific,Consumption,-1.0724876596130035,2.0006711433415703,4.065955856072634
1985-07-01,Australia,AU,Asia-Pacific,Consumption,0.40597396543365705,5.5894258998284485,8.611734243676494
1985-10-01,Australia,AU,Asia-Pacific,Consumption,1.0223110857175959,6.519711232244063,5.221277028480387
1986-01-01,Australia,AU,Asia-Pacific,Consumption,-1.0044362518104102,3.150874267688053,-5.295470057477303
1986-04-01,Australia,AU,Asia-Pacific,Consumption,0.24129415682770228,4.0969196515765915,7.850137391626788
1986-07-01,Australia,AU,Asia-Pacific,Consumption,0.21234896505422599,2.6451676113925515,2.804726082940334
1986-10-01,Australia,AU,Asia-Pacific,Consumption,-0.707627710841961,1.1628706301028302,-0.7079108966784986
1987-01-01,Australia,AU,Asia-Pacific,Consumption,-1.138960807654124,2.810958422685772,1.2968811128544644
1987-04-01,Australia,AU,Asia-Pacific,Consumption,-1.3515877258053322,1.403144871714801,2.218883187742904
1987-07-01,Australia,AU,Asia-Pacific,Consumption,-0.6515392301442171,2.1796819680460544,5.910874468265348
1987-10-01,Australia,AU,Asia-Pacific,Consumption,-0.4441067905391498,3.3497679834727734,3.9724331650283773
1988-01-01,Australia,AU,Asia-Pacific,Consumption,-0.3831291917464952,3.8774829978603265,3.4077411704046767
1988-04-01,Australia,AU,Asia-Pacific,Consumption,-1.3024614764594689,3.1966679973422174,-0.5043768143295324
1988-07-01,Australia,AU,Asia-Pacific,Consumption,-0.6685879637023748,3.1451004509063907,5.704604282522041
1988-10-01,Australia,AU,Asia-Pacific,Consumption,0.12074609223362234,3.728588301199487,6.306384566200762
1989-01-01,Australia,AU,Asia-Pacific,Consumption,1.5151678088952794,5.048848522135607,8.688782054149158
1989-04-01,Australia,AU,Asia-Pacific,Consumption,1.749046211807024,6.1727092865950794,3.9910662435083566
1989-07-01,Australia,AU,Asia-Pacific,Consumption,1.8242968852974581,5.568361038218939,3.2872112890174776
1989-10-01,Australia,AU,Asia-Pacific,Consumption,1.8084773124385543,4.702804246963588,2.844157401179359
1990-01-01,Australia,AU,Asia-Pacific,Consumption,2.2070099466309876,3.6350900343068204,4.417925203522088
1990-04-01,Australia,AU,Asia-Pacific,Consumption,1.9772936262286773,3.0925588307146867,1.8209414291398218
1990-07-01,Australia,AU,Asia-Pacific,Consumption,1.4819146817346374,2.4406244013341905,0.6794735714954925
1990-10-01,Australia,AU,Asia-Pacific,Consumption,0.2631425721147753,1.1588843956658934,-2.282802621493829
1991-01-01,Australia,AU,Asia-Pacific,Consumption,-0.2240492052703498,0.20156154239909796,0.5886337904549066
1991-04-01,Australia,AU,Asia-Pacific,Consumption,-0.4139399383773381,0.18068356573994748,1.73742952250322
1991-07-01,Australia,AU,Asia-Pacific,Consumption,0.17321402828906607,1.2155942292274347,4.819116225445441
1991-10-01,Australia,AU,Asia-Pacific,Consumption,-0.32354157479087453,1.9037617219447966,0.4698673493756189
1992-01-01,Australia,AU,Asia-Pacific,Consumption,0.21646720273732534,2.9107604765464146,4.616628808861378
1992-04-01,Australia,AU,Asia-Pacific,Consumption,0.4437533694519563,3.320890091635853,3.3779479828609738
1992-07-01,Australia,AU,Asia-Pacific,Consumption,0.04530624036340816,2.341178851551895,0.900271265109609
1992-10-01,Australia,AU,Asia-Pacific,Consumption,-0.2170039396222562,2.594769953861409,1.4842317586136744
1993-01-01,Australia,AU,Asia-Pacific,Consumption,-0.9830541609323661,1.3213511985561865,-0.47704621235951095
1993-04-01,Australia,AU,Asia-Pacific,Consumption,-0.8219843614466239,1.3015749659738063,3.2988430525314527
1993-07-01,Australia,AU,Asia-Pacific,Consumption,-1.732726827017774,0.8490752811944446,-0.9097274740078376
1993-10-01,Australia,AU,Asia-Pacific,Consumption,-0.7588380033263188,2.1571899934929917,6.7166906078078625
1994-01-01,Australia,AU,Asia-Pacific,Consumption,-0.8715353158637211,2.8922319369996785,2.4631215616672364
1994-04-01,Australia,AU,Asia-Pacific,Consumption,-1.0815637962732294,2.6099106408555173,2.1695578679548078
1994-07-01,Australia,AU,Asia-Pacific,Consumption,0.0117058649592083,4.707172022609996,7.479318053010076
1994-10-01,Australia,AU,Asia-Pacific,Consumption,-0.22050174948339257,3.596019195662592,2.272079300018248
1995-01-01,Australia,AU,Asia-Pacific,Consumption,0.10193486771562649,4.126103448289875,4.583458572176369
1995-04-01,Australia,AU,Asia-Pacific,Consumption,0.4861889644237807,4.813991875629675,4.921111577314008
1995-07-01,Australia,AU,Asia-Pacific,Consumption,-0.1233686684816741,3.202683193537048,1.0340833246395675
1995-10-01,Australia,AU,Asia-Pacific,Consumption,0.08987605987037256,3.737803990167343,4.412562486539429
1996-01-01,Australia,AU,Asia-Pacific,Consumption,0.06932898560367898,3.4827912527115146,3.563407622353054
1996-04-01,Australia,AU,Asia-Pacific,Consumption,-0.24512380486626117,2.8707044642322543,2.472764423396967
1996-07-01,Australia,AU,Asia-Pacific,Consumption,-1.0312515742669963,2.779729836963085,0.6701848155628909
1996-10-01,Australia,AU,Asia-Pacific,Consumption,-1.2572144665632268,2.4249623314258173,2.993492464390357
1997-01-01,Australia,AU,Asia-Pacific,Consumption,-1.264814684484826,2.5204956773082543,3.945541005882802
1997-04-01,Australia,AU,Asia-Pacific,Consumption,-0.6357783579708084,3.5431774952183304,6.563491695037271
1997-07-01,Australia,AU,Asia-Pacific,Consumption,-0.17584567922159347,4.862662852851862,5.948126246097019
1997-10-01,Australia,AU,Asia-Pacific,Consumption,0.1566339634605793,5.486144343944233,5.487418428759838
1998-01-01,Australia,AU,Asia-Pacific,Consumption,-0.5818598557708726,4.809820212136096,1.2402444786502542
1998-04-01,Australia,AU,Asia-Pacific,Consumption,-0.04513567014640754,4.760408176162123,6.365843551141381
1998-07-01,Australia,AU,Asia-Pacific,Consumption,0.8481080681972046,5.224176944880021,7.803201320968611
1998-10-01,Australia,AU,Asia-Pacific,Consumption,0.7316128775858907,4.792813545391894,3.7619648308073295
1999-01-01,Australia,AU,Asia-Pacific,Consumption,1.4844722183868013,6.289167955477559,7.225662118992915
1999-04-01,Australia,AU,Asia-Pacific,Consumption,1.0771516079389878,5.338109679093961,2.5616104456069877
1999-07-01,Australia,AU,Asia-Pacific,Consumption,1.1669868915168768,4.517559924586045,4.5210023029369495
1999-10-01,Australia,AU,Asia-Pacific,Consumption,1.4965329931090225,4.938920438099004,5.447406884859163
2000-01-01,Australia,AU,Asia-Pacific,Consumption,0.7592313477154732,3.4193268340128924,1.1472877026484696
2000-04-01,Australia,AU,Asia-Pacific,Consumption,0.5907542333524067,3.6272515878241762,3.393309460852123
2000-07-01,Australia,AU,Asia-Pacific,Consumption,0.6522440951513666,3.5693137386651586,4.289250906300879
2000-10-01,Australia,AU,Asia-Pacific,Consumption,0.27957688121134533,2.841342751562337,2.535522936447876
2001-01-01,Australia,AU,Asia-Pacific,Consumption,0.15569090930240984,3.435022235954044,3.5220056402152977
2001-04-01,Australia,AU,Asia-Pacific,Consumption,-0.22035441349706567,3.2151654500008675,2.5138823170394176
2001-07-01,Australia,AU,Asia-Pacific,Consumption,-0.9772152567697204,2.3930226953130074,1.0006798875494383
2001-10-01,Australia,AU,Asia-Pacific,Consumption,-1.212755084211471,2.535396533515666,3.10501828925851
2002-01-01,Australia,AU,Asia-Pacific,Consumption,-0.9732605822020558,2.9125855217841945,5.030761593289412
2002-04-01,Australia,AU,Asia-Pacific,Consumption,-0.4291634195449645,3.853689438083485,6.27829798223658
2002-07-01,Australia,AU,Asia-Pacific,Consumption,-0.09959401457580644,4.966119292825155,5.450399306516118
2002-10-01,Australia,AU,Asia-Pacific,Consumption,-0.6685615063637004,4.661484164171803,1.8864777746451011
2003-01-01,Australia,AU,Asia-Pacific,Consumption,-1.1358535040319369,3.984586396192036,2.3231705213703435
2003-04-01,Australia,AU,Asia-Pacific,Consumption,-1.4114400122701292,3.1945310407980543,3.118076560660654
2003-07-01,Australia,AU,Asia-Pacific,Consumption,-1.1410630573603429,3.163248257265572,5.325268172386188
2003-10-01,Australia,AU,Asia-Pacific,Consumption,0.0768414363034193,4.974239104621425,9.130441164068515
2004-01-01,Australia,AU,Asia-Pacific,Consumption,0.9683709679341151,6.350665617401852,7.8288765724920495
2004-04-01,Australia,AU,Asia-Pacific,Consumption,0.4853301512216016,6.152045217025481,2.323594959155173
2004-07-01,Australia,AU,Asia-Pacific,Consumption,0.5952480934381726,5.9907069803808,4.679915225807463
2004-10-01,Australia,AU,Asia-Pacific,Consumption,0.9015931145723308,5.068798576536615,5.442807548691775
2005-01-01,Australia,AU,Asia-Pacific,Consumption,-0.47641656345754835,2.7807693473539175,-1.3232403442387408
2005-04-01,Australia,AU,Asia-Pacific,Consumption,0.2555828738953769,3.971022582644146,7.084607900316087
2005-07-01,Australia,AU,Asia-Pacific,Consumption,-0.17814381685008795,3.397235028401191,2.384765008835643
2005-10-01,Australia,AU,Asia-Pacific,Consumption,-0.9614849753672916,2.2728475296622364,0.9452575537359564
2006-01-01,Australia,AU,Asia-Pacific,Consumption,-0.834556143602728,3.738840457317494,4.540731366382289
2006-04-01,Australia,AU,Asia-Pacific,Consumption,-0.27286317690922246,3.5244938524161995,6.227221480710909
2006-07-01,Australia,AU,Asia-Pacific,Consumption,-0.1300046035683164,4.050870303869303,4.490270814648056
2006-10-01,Australia,AU,Asia-Pacific,Consumption,0.19170349790468938,5.098137667764391,5.1343270093163085
2007-01-01,Australia,AU,Asia-Pacific,Consumption,1.3600381153904342,6.072814155866446,8.43943731879051
2007-04-01,Australia,AU,Asia-Pacific,Consumption,1.262360656777697,5.3371134561507105,3.284418681847967
2007-07-01,Australia,AU,Asia-Pacific,Consumption,2.071564030205796,5.918245051183568,6.814797194779487
2007-10-01,Australia,AU,Asia-Pacific,Consumption,2.3743367184644524,5.806891063311603,4.688911057828449
2008-01-01,Australia,AU,Asia-Pacific,Consumption,2.0170839851578775,4.184733309696043,1.9508063043282675
2008-04-01,Australia,AU,Asia-Pacific,Consumption,0.7370734403498854,2.9060956797124504,-1.8301318380864018
2008-07-01,Australia,AU,Asia-Pacific,Consumption,-0.4042707298689214,0.8643377921812245,-1.3522343553454164
2008-10-01,Australia,AU,Asia-Pacific,Consumption,-1.4116709278403325,-0.5274512016702815,-0.8782449175775753
2009-01-01,Australia,AU,Asia-Pacific,Consumption,-1.7598571812243935,-0.5874539534724832,1.7107952971194607
2009-04-01,Australia,AU,Asia-Pacific,Consumption,-0.9413180358535355,1.4551597657332493,6.340323038736528
2009-07-01,Australia,AU,Asia-Pacific,Consumption,-1.2435128623613307,2.2497321958486083,1.8260553651160194
2009-10-01,Australia,AU,Asia-Pacific,Consumption,-0.6262957802635792,3.8383084216528474,5.476059985639381
2010-01-01,Australia,AU,Asia-Pacific,Consumption,-0.8636880020687762,3.9182495339179724,2.0305597461799607
2010-04-01,Australia,AU,Asia-Pacific,Consumption,-0.15669515076930815,3.7781815905717053,5.78005126535146
2010-07-01,Australia,AU,Asia-Pacific,Consumption,0.12192119645058246,4.330505625888037,4.035351506381346
2010-10-01,Australia,AU,Asia-Pacific,Consumption,0.4966865303754515,4.0577948802951624,4.385217003267883
2011-01-01,Australia,AU,Asia-Pacific,Consumption,0.3800178839943728,4.145534625705238,2.3815187278202643
2011-04-01,Australia,AU,Asia-Pacific,Consumption,0.3468591983973369,3.3694233165594056,2.6756060287681294
2011-07-01,Australia,AU,Asia-Pacific,Consumption,0.30316557082139817,3.008703833816462,2.5924735754095707
2011-10-01,Australia,AU,Asia-Pacific,Consumption,0.01700458914907256,2.3077592025801508,1.5814384783226387
2012-01-01,Australia,AU,Asia-Pacific,Consumption,0.768878457483432,3.135628799704193,5.692997116316434
2012-04-01,Australia,AU,Asia-Pacific,Consumption,0.5452365039208167,2.904472416721404,1.7509804968369735
2012-07-01,Australia,AU,Asia-Pacific,Consumption,0.17645800274253276,2.539611673060982,1.1330306007678814
2012-10-01,Australia,AU,Asia-Pacific,Consumption,-0.29445456428841027,2.317002890804254,0.6910033492957268
2013-01-01,Australia,AU,Asia-Pacific,Consumption,-0.36267121732700836,1.461916081663972,2.2726498797553063
2013-04-01,Australia,AU,Asia-Pacific,Consumption,-0.7211410360229794,1.2957004118939963,1.0861178177570707
2013-07-01,Australia,AU,Asia-Pacific,Consumption,-0.47307694559955027,1.8848040374429331,3.4894451029636286
2013-10-01,Australia,AU,Asia-Pacific,Consumption,-0.59593537903304294,2.2080169130621385,1.9838548517725485
2014-01-01,Australia,AU,Asia-Pacific,Consumption,-0.4510217186691739,2.3980465867088796,3.0327685743422705
2014-04-01,Australia,AU,Asia-Pacific,Consumption,-0.6393600497707832,2.545472537408777,1.6758216205566612
2014-07-01,Australia,AU,Asia-Pacific,Consumption,-0.3028293212295366,2.6102280070688266,3.7484669816038263
2014-10-01,Australia,AU,Asia-Pacific,Consumption,-0.2372982072743014,2.7725511331283315,2.633147356010568
2015-01-01,Australia,AU,Asia-Pacific,Consumption,-0.4011067237108426,2.4341640655842767,1.6792203041660514
2015-04-01,Australia,AU,Asia-Pacific,Consumption,-0.34879202139974275,2.6405346705283606,2.5013040403329967
2015-07-01,Australia,AU,Asia-Pacific,Consumption,-0.00536862624677184,2.607539499507716,3.6164862975212486
2015-10-01,Australia,AU,Asia-Pacific,Consumption,-0.06624941690382136,2.4348280816782975,1.942301684692893
2016-01-01,Australia,AU,Asia-Pacific,Consumption,0.24161103094302167,2.8531655036731607,3.3525699921455043
2016-04-01,Australia,AU,Asia-Pacific,Consumption,0.16495417441255225,2.663316925479009,1.74190972755639
2016-07-01,Australia,AU,Asia-Pacific,Consumption,0.2747660229261706,2.361171133027007,2.40790312771324
2016-10-01,Australia,AU,Asia-Pacific,Consumption,0.5367901718729158,2.6080939423344773,2.929992921922775
2017-01-01,Australia,AU,Asia-Pacific,Consumption,0.5924955918205389,2.2728933257873507,2.011767525956998
2017-04-01,Australia,AU,Asia-Pacific,Consumption,0.770474490436289,2.4381813598091995,2.403061863643785
2017-07-01,Australia,AU,Asia-Pacific,Consumption,1.0549813878341867,2.518207183818255,2.728006423749463
2017-10-01,Australia,AU,Asia-Pacific,Consumption,1.6640568038977412,2.7666268012321638,3.9236713915784094
2018-01-01,Australia,AU,Asia-Pacific,Consumption,1.9442772944822322,2.8903945108647022,2.5068383644871517
2018-04-01,Australia,AU,Asia-Pacific,Consumption,2.310314727415807,2.9781412280479813,2.7540487323769014
2018-07-01,Australia,AU,Asia-Pacific,Consumption,2.1664818414317972,2.4533212901367563,0.6287266721045626
2018-10-01,Australia,AU,Asia-Pacific,Consumption,2.14658725727363,1.7360613168744266,1.0546314985290905
2019-01-01,Australia,AU,Asia-Pacific,Consumption,2.1437964199767343,1.3780034041081635,1.0746067134220993
2019-04-01,Australia,AU,Asia-Pacific,Consumption,2.1800601961884927,0.991781338857578,1.2091604713745596
2019-07-01,Australia,AU,Asia-Pacific,Consumption,1.7228010175529336,0.6459843016871858,-0.7544614765770064
2019-10-01,Australia,AU,Asia-Pacific,Consumption,1.7717375714363695,0.7119204377916688,1.3183760429470226
2020-01-01,Australia,AU,Asia-Pacific,Consumption,0.2269743264668011,-0.7983504511795303,-4.966476842462697
2020-04-01,Australia,AU,Asia-Pacific,Consumption,-13.618419388342629,-14.608823405857407,-54.03273134733695
2020-07-01,Australia,AU,Asia-Pacific,Consumption,-6.6584947607246665,-7.077283562423986,29.37169789715668
2020-10-01,Australia,AU,Asia-Pacific,Consumption,-2.5073940437325,-2.8237774278442984,18.332400581265773
2021-01-01,Australia,AU,Asia-Pacific,Consumption,-1.5341807602089683,-0.12889686999617567,5.813045388929794
2021-04-01,Australia,AU,Asia-Pacific,Consumption,-1.178687538175363,14.2603578204195,3.524287414325755
2021-07-01,Australia,AU,Asia-Pacific,Consumption,-6.485871085216309,2.177882067955217,-18.958205112700455
2021-10-01,Australia,AU,Asia-Pacific,Consumption,-0.9371044548542318,3.7490208489524335,24.61695570525464
2022-01-01,Australia,AU,Asia-Pacific,Consumption,0.8120210238949299,4.679930023845991,9.536682088504023
2022-04-01,Australia,AU,Asia-Pacific,Consumption,2.3604857360761202,6.003087703303045,8.816918132153972
2022-07-01,Australia,AU,Asia-Pacific,Consumption,2.4596997078994476,11.50999209483441,3.0694124534250022
2022-10-01,Australia,AU,Asia-Pacific,Consumption,2.718450298298563,6.288147067908589,3.72957559755136
2023-01-01,Australia,AU,Asia-Pacific,Consumption,2.4984932976006964,4.357834180626874,1.8154305393771608
2023-04-01,Australia,AU,Asia-Pacific,Consumption,2.3355135790677477,2.6609770816850897,2.029489736386836
2023-07-01,Australia,AU,Asia-Pacific,Consumption,1.572438083923887,1.7953658917472026,-0.3930323063265462
2023-10-01,Australia,AU,Asia-Pacific,Consumption,1.023687767194889,0.9728918049571433,0.4396792503911229
2024-01-01,Australia,AU,Asia-Pacific,Consumption,0.8349306919547685,0.9831701535985005,1.8565439339425893
2024-04-01,Australia,AU,Asia-Pacific,Consumption,0.011323131182889353,0.30031617034360636,-0.7019261966327406
2024-07-01,Australia,AU,Asia-Pacific,Consumption,-0.7486844252747266,0.28345751014065,-0.46046694713837155
2024-10-01,Australia,AU,Asia-Pacific,Consumption,-0.7131982606784955,0.8522184219998508,2.714722897827926
2025-01-01,Australia,AU,Asia-Pacific,Consumption,-1.0004087194795723,0.7434412841242022,1.421435382439995
1975-01-01,Australia,AU,Asia-Pacific,GDP,-0.940061101577252,NA,NA
1975-04-01,Australia,AU,Asia-Pacific,GDP,1.4977091398867393,NA,12.470894829068868
1975-07-01,Australia,AU,Asia-Pacific,GDP,-0.29744539994128694,NA,-4.463154448853146
1975-10-01,Australia,AU,Asia-Pacific,GDP,-2.4921842674947183,NA,-6.062447792412939
1976-01-01,Australia,AU,Asia-Pacific,GDP,1.170491821641845,4.828049774021892,17.366906508284785
1976-04-01,Australia,AU,Asia-Pacific,GDP,0.7878034056928819,2.005216818706579,1.1795630078076158
1976-07-01,Australia,AU,Asia-Pacific,GDP,0.9208600980918268,3.9295064900562338,3.2340042365454735
1976-10-01,Australia,AU,Asia-Pacific,GDP,1.1109779111624458,6.3083747628029485,3.4530252985739196
1977-01-01,Australia,AU,Asia-Pacific,GDP,-0.10415252784580459,1.4227548366919862,-2.175573196159064
1977-04-01,Australia,AU,Asia-Pacific,GDP,0.6318507847551778,2.5343020104598324,5.6257517028790005
1977-07-01,Australia,AU,Asia-Pacific,GDP,-0.4712909002623053,1.2933251019997982,-1.7299033972946631
1977-10-01,Australia,AU,Asia-Pacific,GDP,-1.451318557770304,0.1223668342824169,-1.2308077722956057
1978-01-01,Australia,AU,Asia-Pacific,GDP,-1.4354355617183363,1.3572628219010952,2.764010754315649
1978-04-01,Australia,AU,Asia-Pacific,GDP,-1.2772573329395691,0.7871438208338688,3.345275698610095
1978-07-01,Australia,AU,Asia-Pacific,GDP,-0.44806525891831217,2.7293033214272455,6.038734605078844
1978-10-01,Australia,AU,Asia-Pacific,GDP,-0.31949345651694744,3.846951117720465,3.239783412877273
1979-01-01,Australia,AU,Asia-Pacific,GDP,1.7118244340514126,5.867774395505343,10.84730386545516
1979-04-01,Australia,AU,Asia-Pacific,GDP,-0.5875001679693981,3.409824837602571,-6.4865225330009935
1979-07-01,Australia,AU,Asia-Pacific,GDP,-0.33575699024305333,2.825885984073828,3.702979190963873
1979-10-01,Australia,AU,Asia-Pacific,GDP,0.9017176943310837,3.9224786573512915,7.626154105987126
1980-01-01,Australia,AU,Asia-Pacific,GDP,0.7086479334975906,1.6802537165297338,1.878404102168929
1980-04-01,Australia,AU,Asia-Pacific,GDP,0.29903482261253245,3.5476572658277306,0.9830916641909937
1980-07-01,Australia,AU,Asia-Pacific,GDP,0.1891837119164571,3.1597138259430224,2.1512054314250406
1980-10-01,Australia,AU,Asia-Pacific,GDP,1.2507595649346028,2.9544081604628403,6.804931444066398
1981-01-01,Australia,AU,Asia-Pacific,GDP,0.992604541024528,2.8581699961016227,1.4934514447240588
1981-04-01,Australia,AU,Asia-Pacific,GDP,1.912936091814305,4.156745455401989,6.177393501392459
1981-07-01,Australia,AU,Asia-Pacific,GDP,3.2925289453438524,5.616311155313625,7.989468231071584
1981-10-01,Australia,AU,Asia-Pacific,GDP,2.2662327309046706,3.5027676890463155,-1.649242421002839
1982-01-01,Australia,AU,Asia-Pacific,GDP,0.8501073821094067,2.3279883490696207,-3.2056659151827205
1982-04-01,Australia,AU,Asia-Pacific,GDP,1.1123377617912018,1.6672307355317884,3.534363047241129
1982-07-01,Australia,AU,Asia-Pacific,GDP,-0.18409375812354806,-0.9920963794618487,-2.6478402289029646
1982-10-01,Australia,AU,Asia-Pacific,GDP,-2.4608254675821675,-2.201780160887523,-6.487977546705537
1983-01-01,Australia,AU,Asia-Pacific,GDP,-4.110449141922013,-2.367944452622339,-3.8703230821219847
1983-04-01,Australia,AU,Asia-Pacific,GDP,-5.030256740612068,-3.456492623269547,-0.8198296353477019
1983-07-01,Australia,AU,Asia-Pacific,GDP,-3.0161924648628227,-0.029878140094652395,11.058617703796614
1983-10-01,Australia,AU,Asia-Pacific,GDP,-2.1275139478971195,3.266913637934188,6.699189565409824
1984-01-01,Australia,AU,Asia-Pacific,GDP,-0.530101153221052,6.651458445263891,9.66785614719683
1984-04-01,Australia,AU,Asia-Pacific,GDP,-0.21804813400341272,8.018026430510083,4.646442305637066
1984-07-01,Australia,AU,Asia-Pacific,GDP,-0.1775960945560231,6.169630550379779,3.665034183275395
1984-10-01,Australia,AU,Asia-Pacific,GDP,-0.474037965798044,5.096553097364165,2.4068797533473685
1985-01-01,Australia,AU,Asia-Pacific,GDP,0.07426560429812197,4.144405099915893,5.859264157403743
1985-04-01,Australia,AU,Asia-Pacific,GDP,1.3545947338389142,5.193685864717956,8.843565364845318
1985-07-01,Australia,AU,Asia-Pacific,GDP,1.6880729280854563,5.551262965974502,5.095342588301577
1985-10-01,Australia,AU,Asia-Pacific,GDP,0.4609216735297221,4.669136587520306,-1.1216257604694135
1986-01-01,Australia,AU,Asia-Pacific,GDP,0.19740092194155254,3.8915791386603615,2.7490343619639646
1986-04-01,Australia,AU,Asia-Pacific,GDP,-0.9365457991788756,1.4994901881257405,-0.7247904372931657
1986-07-01,Australia,AU,Asia-Pacific,GDP,-1.626386771789763,0.48859106760801296,1.0517461062306666
1986-10-01,Australia,AU,Asia-Pacific,GDP,-0.9408943644508373,2.4047690781332065,6.543086281631361
1987-01-01,Australia,AU,Asia-Pacific,GDP,-0.8985084709438664,2.7041339929150254,3.9464940210912403
1987-04-01,Australia,AU,Asia-Pacific,GDP,-0.2505781015773754,4.467326757886347,6.327980622592122
1987-07-01,Australia,AU,Asia-Pacific,GDP,0.6155917893590611,5.989759241086823,7.141476039032568
1987-10-01,Australia,AU,Asia-Pacific,GDP,1.7189931342125389,6.356873013605302,8.011541371705277
1988-01-01,Australia,AU,Asia-Pacific,GDP,1.2509612428941372,5.777521785917372,1.629089110339521
1988-04-01,Australia,AU,Asia-Pacific,GDP,0.5021838642838352,4.2944832536809585,0.39582649364646727
1988-07-01,Australia,AU,Asia-Pacific,GDP,0.48138350874776803,3.3058692365923292,3.187019970678051
1988-10-01,Australia,AU,Asia-Pacific,GDP,1.312524105600071,2.9192065628876662,6.4648906768866254
1989-01-01,Australia,AU,Asia-Pacific,GDP,1.4913131655018736,3.441338384410919,3.7176163964325326
1989-04-01,Australia,AU,Asia-Pacific,GDP,2.930824213880981,5.496867385660842,8.617942498646158
1989-07-01,Australia,AU,Asia-Pacific,GDP,3.0834305958436174,5.531811529280084,3.3267965451550197
1989-10-01,Australia,AU,Asia-Pacific,GDP,2.162164081831045,3.6391236845169317,-1.1058607021659839
1990-01-01,Australia,AU,Asia-Pacific,GDP,2.318133071378295,3.4797160477957334,3.0799858495477395
1990-04-01,Australia,AU,Asia-Pacific,GDP,1.869301576567005,1.4645214383060434,0.5571640606873984
1990-07-01,Australia,AU,Asia-Pacific,GDP,0.7615567589553285,0.09361276747661407,-2.1568381381626978
1990-10-01,Australia,AU,Asia-Pacific,GDP,0.7548521150868809,0.9198074047382931,2.1989178468807324
1991-01-01,Australia,AU,Asia-Pacific,GDP,-1.0620661790924066,-1.114812401317522,-5.058493374675521
1991-04-01,Australia,AU,Asia-Pacific,GDP,-1.7991042427743624,-1.434551879763113,-0.7217938530949652
1991-07-01,Australia,AU,Asia-Pacific,GDP,-1.9303235983762725,-0.45790743690421465,1.7497396332728954
1991-10-01,Australia,AU,Asia-Pacific,GDP,-2.449868773884015,-0.9398175732377112,0.27127730154674623
1992-01-01,Australia,AU,Asia-Pacific,GDP,-2.2859641897259464,1.1002242136713747,3.1016737729608224
1992-04-01,Australia,AU,Asia-Pacific,GDP,-2.2011344439852762,2.005073593185358,2.897603664960968
1992-07-01,Australia,AU,Asia-Pacific,GDP,-1.890355419547499,2.5485254168330584,3.923546927863697
1992-10-01,Australia,AU,Asia-Pacific,GDP,-0.5329795946882633,4.539829677445972,8.236494343998402
1993-01-01,Australia,AU,Asia-Pacific,GDP,-0.5774724749216861,4.4532282131713785,2.755267915862447
1993-04-01,Australia,AU,Asia-Pacific,GDP,-0.767218028203849,4.303542633106439,2.2988613447012085
1993-07-01,Australia,AU,Asia-Pacific,GDP,-1.433807140675935,3.45090672028725,0.513003276586943
1993-10-01,Australia,AU,Asia-Pacific,GDP,-0.449456735094108,3.2001010142849395,7.2332715199891595
1994-01-01,Australia,AU,Asia-Pacific,GDP,0.3490868937357488,4.160775052533694,6.597964068857465
1994-04-01,Australia,AU,Asia-Pacific,GDP,0.6592953458601104,4.771766931549237,4.742828860763382
1994-07-01,Australia,AU,Asia-Pacific,GDP,0.5169634718278767,5.3990240161402525,3.022031614951004
1994-10-01,Australia,AU,Asia-Pacific,GDP,0.7068224542661335,4.698947610667403,4.432965898097763
1995-01-01,Australia,AU,Asia-Pacific,GDP,-0.3164972969679552,2.963586850403921,-0.34347897219646484
1995-04-01,Australia,AU,Asia-Pacific,GDP,-0.8074337548532543,2.2424272674280488,1.8581905288598932
1995-07-01,Australia,AU,Asia-Pacific,GDP,0.5066229090363574,3.773262954601364,9.145374363644265
1995-10-01,Australia,AU,Asia-Pacific,GDP,-0.4982904113700606,2.647462032522263,-0.0702377902186413
1996-01-01,Australia,AU,Asia-Pacific,GDP,0.04808992890229045,4.280713682753046,6.189527628726665
1996-04-01,Australia,AU,Asia-Pacific,GDP,-0.33017947852961255,4.450815220793203,2.538596681020522
1996-07-01,Australia,AU,Asia-Pacific,GDP,-0.5660516429758079,2.951734426826391,3.149051187777019
1996-10-01,Australia,AU,Asia-Pacific,GDP,-0.6510947511161524,3.915695122086227,3.7856049908207012
1997-01-01,Australia,AU,Asia-Pacific,GDP,-0.993925467687487,3.062975477108587,2.7786490488161064
1997-04-01,Australia,AU,Asia-Pacific,GDP,0.9198825492394593,5.383008219740937,11.81872765154992
1997-07-01,Australia,AU,Asia-Pacific,GDP,0.017864083985785588,4.734692861526746,0.5557897549202551
1997-10-01,Australia,AU,Asia-Pacific,GDP,0.3940722828425672,5.202843742116592,5.658208513180085
1998-01-01,Australia,AU,Asia-Pacific,GDP,-0.015702699574743437,5.131425634871789,2.4929766198368952
1998-04-01,Australia,AU,Asia-Pacific,GDP,-0.0208469761774294,3.1968372683570223,4.080374185490854
1998-07-01,Australia,AU,Asia-Pacific,GDP,0.8072133150229931,4.900940292874978,7.372201852992077
1998-10-01,Australia,AU,Asia-Pacific,GDP,1.346703692415188,5.028141697205157,6.167014130500803
1999-01-01,Australia,AU,Asia-Pacific,GDP,1.1072767130200587,5.153031843704348,2.9925372058336563
1999-04-01,Australia,AU,Asia-Pacific,GDP,0.5453592654466443,4.542747088475174,1.6392351645741599
1999-07-01,Australia,AU,Asia-Pacific,GDP,0.6588898470131924,3.7686772835625604,4.275922633341622
1999-10-01,Australia,AU,Asia-Pacific,GDP,1.4209558145522865,3.9280633630266237,6.8045584483570565
2000-01-01,Australia,AU,Asia-Pacific,GDP,0.8786023048576843,3.560584300088898,1.522620954082754
2000-04-01,Australia,AU,Asia-Pacific,GDP,0.9454525578602334,4.125769247096223,3.8999749526034577
2000-07-01,Australia,AU,Asia-Pacific,GDP,0.3051726132616609,3.3115356259520112,1.0189881487647767
2000-10-01,Australia,AU,Asia-Pacific,GDP,-0.9542029661176198,1.23527058047177,-1.5005017335639081
2001-01-01,Australia,AU,Asia-Pacific,GDP,-0.8996081604036716,1.785213858292245,3.7223940653646537
2001-04-01,Australia,AU,Asia-Pacific,GDP,-0.8768456440835521,1.7026739353141807,3.5698152606912004
2001-07-01,Australia,AU,Asia-Pacific,GDP,-0.5851774577107555,2.604345740060232,4.625675367748983
2001-10-01,Australia,AU,Asia-Pacific,GDP,-0.27260925960909055,4.152673123787842,4.692807801346532
2002-01-01,Australia,AU,Asia-Pacific,GDP,-0.3440945406417136,4.007564179367229,3.1419582876822005
2002-04-01,Australia,AU,Asia-Pacific,GDP,0.5063079188729952,4.819116400640944,6.816024145786059
2002-07-01,Australia,AU,Asia-Pacific,GDP,-0.0988278164477176,3.907866688465944,0.9806765190489841
2002-10-01,Australia,AU,Asia-Pacific,GDP,-0.10703763847177929,3.5738500759611824,3.3567413513274857
2003-01-01,Australia,AU,Asia-Pacific,GDP,-0.7288418215466711,3.011369014831189,0.8920340431622265
2003-04-01,Australia,AU,Asia-Pacific,GDP,-1.166212061515119,1.7124833070036871,1.6204813144760521
2003-07-01,Australia,AU,Asia-Pacific,GDP,-0.32593958004603085,3.147559916594034,6.720982957410371
2003-10-01,Australia,AU,Asia-Pacific,GDP,0.5175681598990588,3.988414197922374,6.720158476640847
2004-01-01,Australia,AU,Asia-Pacific,GDP,0.44630145321127995,4.526101700788843,3.0427840546281004
2004-04-01,Australia,AU,Asia-Pacific,GDP,0.3642645605304732,4.865533740861494,2.9782094747666576
2004-07-01,Australia,AU,Asia-Pacific,GDP,0.20024436412683766,3.841958245811661,2.6266809772110378
2004-10-01,Australia,AU,Asia-Pacific,GDP,0.14574641570735394,2.9219146019288544,3.039983901109622
2005-01-01,Australia,AU,Asia-Pacific,GDP,0.15863972763882542,2.982236763274848,3.284072700012075
2005-04-01,Australia,AU,Asia-Pacific,GDP,-0.18958982455770726,2.6911291927268266,1.8137791925745717
2005-07-01,Australia,AU,Asia-Pacific,GDP,0.07611161824959065,3.095401926563923,4.243771912559424
2005-10-01,Australia,AU,Asia-Pacific,GDP,0.11644794147708205,3.164450198922353,3.3161769905433403
2006-01-01,Australia,AU,Asia-Pacific,GDP,-0.6012342225137474,2.407870947257429,0.25775569335237947
2006-04-01,Australia,AU,Asia-Pacific,GDP,-1.1182390212829616,2.212975154402308,1.034196021154088
2006-07-01,Australia,AU,Asia-Pacific,GDP,-0.39299637245378877,2.6459051282973434,5.975491808139566
2006-10-01,Australia,AU,Asia-Pacific,GDP,0.09545773344828407,3.0659666719481393,4.996423165146524
2007-01-01,Australia,AU,Asia-Pacific,GDP,0.6905329761141481,4.347975319137376,5.385790282109326
2007-04-01,Australia,AU,Asia-Pacific,GDP,0.5889843296048967,4.7287295590594525,2.557212980842394
2007-07-01,Australia,AU,Asia-Pacific,GDP,1.0410460080881094,4.416440245577569,4.7263345542120305
2007-10-01,Australia,AU,Asia-Pacific,GDP,0.6683262845154229,3.512365378835547,1.380123698178437
2008-01-01,Australia,AU,Asia-Pacific,GDP,1.0429072311528114,3.2466873645629946,4.323078225019117
2008-04-01,Australia,AU,Asia-Pacific,GDP,0.6790836715174432,2.938814108214949,1.3257199554502108
2008-07-01,Australia,AU,Asia-Pacific,GDP,0.6579584406495432,2.4217025205723886,2.6578882036417895
2008-10-01,Australia,AU,Asia-Pacific,GDP,-0.4459566220351558,1.6504007700964607,-1.7050833037252744
2009-01-01,Australia,AU,Asia-Pacific,GDP,-0.13257200119905482,1.5548214721262,3.940761033138074
2009-04-01,Australia,AU,Asia-Pacific,GDP,-0.14812742509047538,1.8756388203469143,2.6089893483330684
2009-07-01,Australia,AU,Asia-Pacific,GDP,-0.46540241521160436,1.5594445291467807,1.3931110388412549
2009-10-01,Australia,AU,Asia-Pacific,GDP,-0.3297108792774296,2.7863699153902743,3.2026182412487003
2010-01-01,Australia,AU,Asia-Pacific,GDP,-0.5594748538089367,2.237158390679106,1.7439149342934002
2010-04-01,Australia,AU,Asia-Pacific,GDP,-0.6139948165236888,2.198076822593542,2.452663075990813
2010-07-01,Australia,AU,Asia-Pacific,GDP,-0.5766405276272596,2.5575957751968303,2.831186849254408
2010-10-01,Australia,AU,Asia-Pacific,GDP,-0.44330566366312874,2.5639051153074632,3.227855601691232
2011-01-01,Australia,AU,Asia-Pacific,GDP,-1.3330350522561354,1.9150821636483073,-0.8513768723432236
2011-04-01,Australia,AU,Asia-Pacific,GDP,-0.8362627245931552,2.4786224818365454,4.7068243487437655
2011-07-01,Australia,AU,Asia-Pacific,GDP,-0.1375432354099669,3.1514869153044245,5.522644583125924
2011-10-01,Australia,AU,Asia-Pacific,GDP,0.25550004107035457,3.419952488892264,4.3017178960425895
2012-01-01,Australia,AU,Asia-Pacific,GDP,0.5717321736198409,4.630210257324485,3.9896542013856617
2012-04-01,Australia,AU,Asia-Pacific,GDP,0.5923766270071533,4.15263562844963,2.7965258332443454
2012-07-01,Australia,AU,Asia-Pacific,GDP,0.5431022253869832,3.3973603725673485,2.501543559596797
2012-10-01,Australia,AU,Asia-Pacific,GDP,0.275723312788312,2.7246234989336315,1.6107704015077218
2013-01-01,Australia,AU,Asia-Pacific,GDP,0.13155300843492418,2.248099752417154,2.0835592153197524
2013-04-01,Australia,AU,Asia-Pacific,GDP,-0.15468052247380612,1.9225331674103785,1.4942594932172426
2013-07-01,Australia,AU,Asia-Pacific,GDP,0.0023987821583400758,2.108595203838348,3.245791705308676
2013-10-01,Australia,AU,Asia-Pacific,GDP,0.1448648271989354,2.497042733804733,3.164560521373261
2014-01-01,Australia,AU,Asia-Pacific,GDP,0.27764439868962,2.751648795740458,3.101983463062652
2014-04-01,Australia,AU,Asia-Pacific,GDP,0.146944391291162,2.883969704166489,2.0235431269213677
2014-07-01,Australia,AU,Asia-Pacific,GDP,-0.08143904978163323,2.4745944343798953,1.608290626162301
2014-10-01,Australia,AU,Asia-Pacific,GDP,-0.3249720140034425,2.0643403997880228,1.5235443830057704
2015-01-01,Australia,AU,Asia-Pacific,GDP,0.026618776122048528,2.2588591009501613,3.880058267711206
2015-04-01,Australia,AU,Asia-Pacific,GDP,-0.4658075483787716,1.8728141353108185,0.4793632643639967
2015-07-01,Australia,AU,Asia-Pacific,GDP,-0.10682246488043223,2.4356923503454198,3.859803486300706
2015-10-01,Australia,AU,Asia-Pacific,GDP,-0.08083786056836467,2.6800194484456696,2.50085277540677
2016-01-01,Australia,AU,Asia-Pacific,GDP,0.2359046061433073,2.6187361291691857,3.6349249906052705
2016-04-01,Australia,AU,Asia-Pacific,GDP,0.3000522119287505,3.147238757477666,2.593373777597918
2016-07-01,Australia,AU,Asia-Pacific,GDP,-0.28469074113059806,2.1735421357847784,-0.03498300047084513
2016-10-01,Australia,AU,Asia-Pacific,GDP,0.2959652356473801,2.696565325265965,4.592945533331516
2017-01-01,Australia,AU,Asia-Pacific,GDP,0.03864221675263123,2.0892785764605293,1.205777995383528
2017-04-01,Australia,AU,Asia-Pacific,GDP,0.10746051297859036,2.0594969430581145,2.474247243988259
2017-07-01,Australia,AU,Asia-Pacific,GDP,0.49163415892061313,2.992948888149627,3.6988247798952045
2017-10-01,Australia,AU,Asia-Pacific,GDP,0.37883970519234045,2.2631198344317482,1.6736293184600015
2018-01-01,Australia,AU,Asia-Pacific,GDP,0.8750724956073072,2.9799666150557513,4.07316511787954
2018-04-01,Australia,AU,Asia-Pacific,GDP,1.1121297029669615,3.1118014524007975,3.001586593368444
2018-07-01,Australia,AU,Asia-Pacific,GDP,0.9795491861080464,2.560106300003717,1.4920441703068832
2018-10-01,Australia,AU,Asia-Pacific,GDP,0.704727696931374,2.366387406690862,0.8987537452085803
2019-01-01,Australia,AU,Asia-Pacific,GDP,0.916111903192531,2.055187090835453,2.828363854457905
2019-04-01,Australia,AU,Asia-Pacific,GDP,0.7375967987932196,1.6208978479637537,1.2644296218816464
2019-07-01,Australia,AU,Asia-Pacific,GDP,0.8117907508444975,1.8189105104058356,2.284094820075211
2019-10-01,Australia,AU,Asia-Pacific,GDP,0.886880490543248,2.1721012984484034,2.3115168973788514
2020-01-01,Australia,AU,Asia-Pacific,GDP,0.2196021185856033,1.3107410370006178,-0.6170771913332374
2020-04-01,Australia,AU,Asia-Pacific,GDP,-7.25343840606876,-5.95036407141496,-27.779990811780664
2020-07-01,Australia,AU,Asia-Pacific,GDP,-4.35793210318192,-3.077853494822236,13.774137126446107
2020-10-01,Australia,AU,Asia-Pacific,GDP,-1.6010170960814023,-0.33038656589940985,13.301384613070155
2021-01-01,Australia,AU,Asia-Pacific,GDP,6.910589852270055e-4,2.0121195034722206,8.752947086153284
2021-04-01,Australia,AU,Asia-Pacific,GDP,0.24977111504330754,9.807517016429124,3.4015992400469486
2021-07-01,Australia,AU,Asia-Pacific,GDP,-2.0674619753719083,4.659554634927154,-6.8177123995617706
2021-10-01,Australia,AU,Asia-Pacific,GDP,0.7382270279784497,4.7610379181419304,13.70731774592926
2022-01-01,Australia,AU,Asia-Pacific,GDP,1.0569742504114146,3.5165822870771635,3.7751245618942164
2022-04-01,Australia,AU,Asia-Pacific,GDP,1.4862008842129526,3.7203559480101234,4.216693883778788
2022-07-01,Australia,AU,Asia-Pacific,GDP,1.3306862371261983,5.890809200159985,1.8641006090376777
2022-10-01,Australia,AU,Asia-Pacific,GDP,1.3537642906048764,3.1027994973586104,2.5552789347237592
2023-01-01,Australia,AU,Asia-Pacific,GDP,1.2055197640884894,2.6191579889783156,1.8405585283730375
2023-04-01,Australia,AU,Asia-Pacific,GDP,1.0397292175906636,1.9995073087857307,1.7380911630084483
2023-07-01,Australia,AU,Asia-Pacific,GDP,0.9527587943656223,2.0387943992769664,2.0212489710026205
2023-10-01,Australia,AU,Asia-Pacific,GDP,0.4501219199953702,1.4822797667736864,0.3292204047106395
2024-01-01,Australia,AU,Asia-Pacific,GDP,-0.0016711972093490755,1.1492337576887834,0.5083744920334254
2024-04-01,Australia,AU,Asia-Pacific,GDP,-0.3468797693040342,0.9439006810131545,0.9167588563059326
2024-07-01,Australia,AU,Asia-Pacific,GDP,-0.5990722676460709,0.7578715088444099,1.277132282327642
2024-10-01,Australia,AU,Asia-Pacific,GDP,-0.6004051757053176,1.2441352882230916,2.2742755222253663
2025-01-01,Australia,AU,Asia-Pacific,GDP,-0.9588216588337034,1.3279277071651663,0.8435441678017241
1975-01-01,Australia,AU,Asia-Pacific,Investment,1.495879368300807,NA,NA
1975-04-01,Australia,AU,Asia-Pacific,Investment,1.3921414063716118,NA,4.776126471301012
1975-07-01,Australia,AU,Asia-Pacific,Investment,1.2978992874339084,NA,4.817849541687735
1975-10-01,Australia,AU,Asia-Pacific,Investment,-0.7664692815931664,NA,-3.051696508312318
1976-01-01,Australia,AU,Asia-Pacific,Investment,0.029068721507637205,3.7379084588470946,8.409354330711949
1976-04-01,Australia,AU,Asia-Pacific,Investment,1.3213170327022457,5.150419026159625,10.426168740551134
1976-07-01,Australia,AU,Asia-Pacific,Investment,-1.7900504375682962,2.158531663465091,-7.149699909090401
1976-10-01,Australia,AU,Asia-Pacific,Investment,1.7853314512899585,7.833409939288316,19.647816594980583
1977-01-01,Australia,AU,Asia-Pacific,Investment,-0.6066914421536248,4.6901128562533145,-4.163834001428057
1977-04-01,Australia,AU,Asia-Pacific,Investment,-3.479130480448642,0.5796663575745598,-6.015617254163885
1977-07-01,Australia,AU,Asia-Pacific,Investment,-1.7496302249654345,5.485195663068332,12.472417312884687
1977-10-01,Australia,AU,Asia-Pacific,Investment,-4.680641818136694,-0.9486720983600705,-6.087654450733027
1978-01-01,Australia,AU,Asia-Pacific,Investment,-3.5895072895254962,2.612343859721733,10.080229830899157
1978-04-01,Australia,AU,Asia-Pacific,Investment,-1.2831176073746866,7.867791372891908,15.006172798516815
1978-07-01,Australia,AU,Asia-Pacific,Investment,-0.701933628457713,6.786417327114158,8.146921129773688
1978-10-01,Australia,AU,Asia-Pacific,Investment,1.3181344223373417,11.78769832934563,13.917469558192863
1979-01-01,Australia,AU,Asia-Pacific,Investment,1.4953200700957994,10.900800434020042,6.5326382495968005
1979-04-01,Australia,AU,Asia-Pacific,Investment,0.7321857206960816,7.832516750194252,2.7330380632136553
1979-07-01,Australia,AU,Asia-Pacific,Investment,-3.0088951218949953,3.486199390643918,-9.238348308427646
1979-10-01,Australia,AU,Asia-Pacific,Investment,-1.8410346122389036,2.5864237423110836,10.318366964861525
1980-01-01,Australia,AU,Asia-Pacific,Investment,-2.351271305442854,1.8282531906852029,3.4999560430932775
1980-04-01,Australia,AU,Asia-Pacific,Investment,-1.4023210488804672,3.4447704675496738,9.199107170671539
1980-07-01,Australia,AU,Asia-Pacific,Investment,4.2863864697405445,12.75012924665564,27.983086807996216
1980-10-01,Australia,AU,Asia-Pacific,Investment,3.632918348195208,10.77013157903437,2.3983762943764475
1981-01-01,Australia,AU,Asia-Pacific,Investment,5.644586710710047,13.098310493709064,12.812671701792056
1981-04-01,Australia,AU,Asia-Pacific,Investment,5.252522729444365,11.53111658050232,2.9303315178445644
1981-07-01,Australia,AU,Asia-Pacific,Investment,8.400114221663209,8.738968325936902,16.81449378973454
1981-10-01,Australia,AU,Asia-Pacific,Investment,9.63733553484055,10.36553323862286,8.904635945120276
1982-01-01,Australia,AU,Asia-Pacific,Investment,8.021916705172119,6.475560569285754,-2.7472189755563647
1982-04-01,Australia,AU,Asia-Pacific,Investment,3.847559025042134,2.4497045376485005,-13.17309260870445
1982-07-01,Australia,AU,Asia-Pacific,Investment,0.34225451601898377,-4.4078607212412635,-10.615767245824514
1982-10-01,Australia,AU,Asia-Pacific,Investment,-3.635091973897796,-9.769512878428621,-12.541972683629155
1983-01-01,Australia,AU,Asia-Pacific,Investment,-9.902838182928015,-14.497684042216008,-21.659903630705912
1983-04-01,Australia,AU,Asia-Pacific,Investment,-10.93220726929073,-11.35193826428651,-0.5901094969864573
1983-07-01,Australia,AU,Asia-Pacific,Investment,-7.3860117349285215,-4.228922641035915,17.876295247177865
1983-10-01,Australia,AU,Asia-Pacific,Investment,-5.772300011722972,1.4893296208358109,10.331036363857748
1984-01-01,Australia,AU,Asia-Pacific,Investment,-5.277298331136998,8.41503993485997,6.042937625390721
1984-04-01,Australia,AU,Asia-Pacific,Investment,-0.729932668059605,14.169259636117282,22.426769308042793
1984-07-01,Australia,AU,Asia-Pacific,Investment,-3.5949607914303883,7.931688571768802,-7.073989010216053
1984-10-01,Australia,AU,Asia-Pacific,Investment,-2.2335049467425185,7.8372744639867875,9.953379932729689
1985-01-01,Australia,AU,Asia-Pacific,Investment,3.1633313778461027,12.871530998699754,26.179963764242586
1985-04-01,Australia,AU,Asia-Pacific,Investment,2.711741601261332,7.972180259261741,2.8293663502907407
1985-07-01,Australia,AU,Asia-Pacific,Investment,5.5669709181758424,13.757103292392259,16.06570312230602
1985-10-01,Australia,AU,Asia-Pacific,Investment,1.2211801085429514,8.079612253063395,-12.756584224585765
1986-01-01,Australia,AU,Asia-Pacific,Investment,-0.5787988228384997,0.8833979710759721,-2.604893363707106
1986-04-01,Australia,AU,Asia-Pacific,Investment,-1.2682943835192741,0.6248530349569847,1.7951866058147914
1986-07-01,Australia,AU,Asia-Pacific,Investment,-4.46074479009738,-5.459130282936009,-8.270230149265956
1986-10-01,Australia,AU,Asia-Pacific,Investment,-0.6598239179295227,2.638701523224718,19.634743000057142
1987-01-01,Australia,AU,Asia-Pacific,Investment,-5.487213238536768,-0.4533441840607111,-14.973076192848822
1987-04-01,Australia,AU,Asia-Pacific,Investment,-0.9281874946340772,4.710431571347051,22.45028962744584
1987-07-01,Australia,AU,Asia-Pacific,Investment,-3.2354817425944358,5.483309401966707,-5.178718826787332
1987-10-01,Australia,AU,Asia-Pacific,Investment,1.6790515793185454,6.4499007639906125,23.501108448152763
1988-01-01,Australia,AU,Asia-Pacific,Investment,1.589165029472813,10.999195495811698,3.224102734435519
1988-04-01,Australia,AU,Asia-Pacific,Investment,1.3292485334348916,5.945875871401185,2.23701112980379
1988-07-01,Australia,AU,Asia-Pacific,Investment,1.955722519946454,8.598537717981003,5.43192855953194
1988-10-01,Australia,AU,Asia-Pacific,Investment,7.143370263598715,8.544667988030596,23.285629528351137
1989-01-01,Australia,AU,Asia-Pacific,Investment,10.003239867056521,11.125657968135805,13.548062654856352
1989-04-01,Australia,AU,Asia-Pacific,Investment,11.312153125784437,12.291450469661136,6.900181135905115
1989-07-01,Australia,AU,Asia-Pacific,Investment,11.132377177226482,11.060661939549021,0.5087744390834814
1989-10-01,Australia,AU,Asia-Pacific,Investment,7.870451779906085,2.1840579153419526,-12.220786568477138
1990-01-01,Australia,AU,Asia-Pacific,Investment,7.086524272999756,-1.8645179036774095,-2.6462406212210965
1990-04-01,Australia,AU,Asia-Pacific,Investment,3.040983875195219,-7.576299205567061,-15.94694407165349
1990-07-01,Australia,AU,Asia-Pacific,Investment,2.6293269250137006,-8.094680847777447,-1.5647521297580624
1990-10-01,Australia,AU,Asia-Pacific,Investment,-1.0047353747782723,-8.664284925374588,-14.499202878865702
1991-01-01,Australia,AU,Asia-Pacific,Investment,-5.243550019729919,-12.214713718801029,-16.84795579492686
1991-04-01,Australia,AU,Asia-Pacific,Investment,-8.134102689857126,-11.045997064448976,-11.272077454245277
1991-07-01,Australia,AU,Asia-Pacific,Investment,-7.351961836421263,-9.729560986222374,3.700992183148344
1991-10-01,Australia,AU,Asia-Pacific,Investment,-7.58067816480152,-6.100013055491615,0.0189888440573327
1992-01-01,Australia,AU,Asia-Pacific,Investment,-7.86510880129404,-1.8334473717040112,0.218306940223556
1992-04-01,Australia,AU,Asia-Pacific,Investment,-7.629799496394231,1.674882061716687,2.7612402794375157
1992-07-01,Australia,AU,Asia-Pacific,Investment,-7.382794837051954,1.5731667018991757,3.2941307438782985
1992-10-01,Australia,AU,Asia-Pacific,Investment,0.051086571151992555,9.701121430955162,32.53080776028128
1993-01-01,Australia,AU,Asia-Pacific,Investment,-3.4558848733458323,6.9568372853050064,-10.758829642377066
1993-04-01,Australia,AU,Asia-Pacific,Investment,-3.370638302302477,7.283664248334887,4.068548131557037
1993-07-01,Australia,AU,Asia-Pacific,Investment,-5.46151318257625,5.4097965697391,-4.201339970504847
1993-10-01,Australia,AU,Asia-Pacific,Investment,-3.6451912865473335,0.23452218806720992,11.829710233593715
1994-01-01,Australia,AU,Asia-Pacific,Investment,-1.7755395268036906,6.024055698677877,12.399304400065603
1994-04-01,Australia,AU,Asia-Pacific,Investment,2.577059254371796,10.664985123767146,22.63226583191411
1994-07-01,Australia,AU,Asia-Pacific,Investment,5.615518919068994,16.119655740846817,17.617342497813837
1994-10-01,Australia,AU,Asia-Pacific,Investment,6.827975949502979,15.787695064048712,10.501867526401298
1995-01-01,Australia,AU,Asia-Pacific,Investment,1.9197062770747244,9.229978341961775,-13.831562488282145
1995-04-01,Australia,AU,Asia-Pacific,Investment,-2.1528945429674304,0.9815621062399416,-10.361399110973224
1995-07-01,Australia,AU,Asia-Pacific,Investment,3.257100869976568,3.4970475381433275,27.67928422542738
1995-10-01,Australia,AU,Asia-Pacific,Investment,-4.091250679801625,-4.945013598624826,-23.266377020671314
1996-01-01,Australia,AU,Asia-Pacific,Investment,-2.0897218281564682,2.0644875590260625,14.206442142321407
1996-04-01,Australia,AU,Asia-Pacific,Investment,1.7541708490650243,10.060971793703288,21.62453782773568
1996-07-01,Australia,AU,Asia-Pacific,Investment,-4.849250127385424,-1.8953387333045413,-20.145957882603938
1996-10-01,Australia,AU,Asia-Pacific,Investment,-2.7073025597549414,7.628450308470747,14.828779146429838
1997-01-01,Australia,AU,Asia-Pacific,Investment,2.4642558610353786,10.802556331596058,26.902866234822653
1997-04-01,Australia,AU,Asia-Pacific,Investment,4.333184474841967,8.797322686983478,13.603603249285356
1997-07-01,Australia,AU,Asia-Pacific,Investment,2.538675362777788,13.539532606258575,-1.1771182055035467
1997-10-01,Australia,AU,Asia-Pacific,Investment,5.24761118162187,14.002912103227949,16.682297134307333
1998-01-01,Australia,AU,Asia-Pacific,Investment,4.5972392021634105,8.04460914781373,3.069654413165779
1998-04-01,Australia,AU,Asia-Pacific,Investment,0.6745758198403469,2.0929956248975756,-10.202850842379263
1998-07-01,Australia,AU,Asia-Pacific,Investment,2.192234164886753,5.231940527488987,11.3786614048621
1998-10-01,Australia,AU,Asia-Pacific,Investment,4.4357935761060645,4.588301851091359,14.107742428716818
1999-01-01,Australia,AU,Asia-Pacific,Investment,1.1703090647079746,1.797832123855514,-8.0922244957776
1999-04-01,Australia,AU,Asia-Pacific,Investment,1.4106590250486175,5.795830746426489,5.789143647904638
1999-07-01,Australia,AU,Asia-Pacific,Investment,4.649072913027016,7.367209614860215,17.664176878597004
1999-10-01,Australia,AU,Asia-Pacific,Investment,4.59823976388767,4.944834047991975,4.418240161243858
2000-01-01,Australia,AU,Asia-Pacific,Investment,4.947622296263103,8.460402899856412,5.970050911680147
2000-04-01,Australia,AU,Asia-Pacific,Investment,7.087825063250468,10.297035004673738,13.135672067173942
2000-07-01,Australia,AU,Asia-Pacific,Investment,0.39148056189127267,0.34488689983529497,-22.144415540756768
2000-10-01,Australia,AU,Asia-Pacific,Investment,-10.678562561550144,-10.632580078616272,-39.49162775256241
2001-01-01,Australia,AU,Asia-Pacific,Investment,-10.282364209162342,-10.474247821598759,6.603379939750198
2001-04-01,Australia,AU,Asia-Pacific,Investment,-10.383393013810547,-12.533096786724585,4.90027620667064
2001-07-01,Australia,AU,Asia-Pacific,Investment,-7.870140985670772,-3.0786774944273176,15.6732616284323
2001-10-01,Australia,AU,Asia-Pacific,Investment,-5.444861372717134,10.704562636540516,15.641332771308925
2002-01-01,Australia,AU,Asia-Pacific,Investment,-4.50082947717978,11.55889916805588,10.020726065811658
2002-04-01,Australia,AU,Asia-Pacific,Investment,-0.7989676655627449,15.665640391741498,21.327241101413108
2002-07-01,Australia,AU,Asia-Pacific,Investment,-0.9702271182045891,13.264702621904156,6.069510549082935
2002-10-01,Australia,AU,Asia-Pacific,Investment,3.0283127695499705,15.089625461484957,22.941024129632126
2003-01-01,Australia,AU,Asia-Pacific,Investment,1.8064724222964381,13.136182833788546,2.2069555550260134
2003-04-01,Australia,AU,Asia-Pacific,Investment,-1.692211693619546,6.1068075019825585,-6.79026022581084
2003-07-01,Australia,AU,Asia-Pacific,Investment,-0.036771091674408465,8.065335126934059,13.903621048888937
2003-10-01,Australia,AU,Asia-Pacific,Investment,3.4766739895153207,7.674082581858777,21.376013949330996
2004-01-01,Australia,AU,Asia-Pacific,Investment,2.4733753509976966,7.9504223697133725,3.312314706444397
2004-04-01,Australia,AU,Asia-Pacific,Investment,0.7952743874729699,9.794980771119022,0.587973379811757
2004-07-01,Australia,AU,Asia-Pacific,Investment,-0.5860483187587967,6.751008048449236,1.7277301582097948
2004-10-01,Australia,AU,Asia-Pacific,Investment,0.9689261925217417,4.758336245937578,13.405326739284362
2005-01-01,Australia,AU,Asia-Pacific,Investment,-1.1775955037485186,3.5577696846036844,-1.4899515388911766
2005-04-01,Australia,AU,Asia-Pacific,Investment,2.226403721405602,8.561666303480031,20.603559855317144
2005-07-01,Australia,AU,Asia-Pacific,Investment,2.472463874975744,10.089985875231733,7.841008445216602
2005-10-01,Australia,AU,Asia-Pacific,Investment,3.134417071612308,9.077936358096927,9.35712867074514
2006-01-01,Australia,AU,Asia-Pacific,Investment,0.7767644726219044,8.730618712373506,-2.8792221217848635
2006-04-01,Australia,AU,Asia-Pacific,Investment,-0.3499769016117923,4.050692635197706,1.883855546613944
2006-07-01,Australia,AU,Asia-Pacific,Investment,-1.0712112521805202,2.926595199198978,3.344618701221691
2006-10-01,Australia,AU,Asia-Pacific,Investment,-2.4722013235119276,0.7030025881228141,0.46275822644048503
2007-01-01,Australia,AU,Asia-Pacific,Investment,-0.22127280369286206,5.148644198444785,14.90334431950302
2007-04-01,Australia,AU,Asia-Pacific,Investment,2.3799125511099732,8.709393362986617,16.126852204781272
2007-07-01,Australia,AU,Asia-Pacific,Investment,0.7552626843032249,7.6319905623210005,-0.9649925014407756
2007-10-01,Australia,AU,Asia-Pacific,Investment,1.9546625112879314,10.050717973259005,10.137667870192502
2008-01-01,Australia,AU,Asia-Pacific,Investment,3.10200129687117,8.758066611887116,9.732738874015467
2008-04-01,Australia,AU,Asia-Pacific,Investment,4.353268901346376,7.214730947754866,9.95350954825227
2008-07-01,Australia,AU,Asia-Pacific,Investment,3.6273765616559768,7.920834173800273,1.8594204027408523
2008-10-01,Australia,AU,Asia-Pacific,Investment,1.34831980553295,4.256840149476382,-4.518308227103063
2009-01-01,Australia,AU,Asia-Pacific,Investment,-2.976030400502409,-1.3851211052090306,-12.835106144726183
2009-04-01,Australia,AU,Asia-Pacific,Investment,-4.8734885054131825,-4.681084545409142,-3.230344212548175
2009-07-01,Australia,AU,Asia-Pacific,Investment,-5.307865535621372,-4.509801850195849,2.5445511835940238
2009-10-01,Australia,AU,Asia-Pacific,Investment,-1.218403266750323,1.7636935379877983,20.575673325631527
2010-01-01,Australia,AU,Asia-Pacific,Investment,-2.648064472694292,4.581187213329763,-1.5651314433583252
2010-04-01,Australia,AU,Asia-Pacific,Investment,-3.9090877901580425,5.149270120770666,-0.958012582784562
2010-07-01,Australia,AU,Asia-Pacific,Investment,-4.136669540228495,5.287777077032807,3.098579008642588
2010-10-01,Australia,AU,Asia-Pacific,Investment,-4.989223123060635,0.26935931941878266,0.5020022951754299
2011-01-01,Australia,AU,Asia-Pacific,Investment,-2.25079388928396,4.3454891305247045,14.739387801065362
2011-04-01,Australia,AU,Asia-Pacific,Investment,-3.4576612973691474,4.282323785505859,-1.2106739628599428
2011-07-01,Australia,AU,Asia-Pacific,Investment,2.7669756020590706,10.582306945860154,28.298511650059766
2011-10-01,Australia,AU,Asia-Pacific,Investment,1.7673422751044061,10.238806010440094,-0.8720014465048109
2012-01-01,Australia,AU,Asia-Pacific,Investment,4.283292988020368,9.77076390693643,12.86721938705071
2012-04-01,Australia,AU,Asia-Pacific,Investment,6.853280416482393,13.252178933676717,12.714986144101204
2012-07-01,Australia,AU,Asia-Pacific,Investment,6.620163020769794,6.452458570045039,1.0996301955330523
2012-10-01,Australia,AU,Asia-Pacific,Investment,6.41213548666697,6.8653663427731715,0.77962964440772
2013-01-01,Australia,AU,Asia-Pacific,Investment,4.15025333211071,1.6843060527319764,-7.85702177311407
2013-04-01,Australia,AU,Asia-Pacific,Investment,1.9483619691971696,-3.50022401871275,-8.023134141677701
2013-07-01,Australia,AU,Asia-Pacific,Investment,3.3711658571566363,-2.251355477450012,6.095104360584003
2013-10-01,Australia,AU,Asia-Pacific,Investment,2.5010372207494127,-3.3029539633735894,-3.4267642992865888
2014-01-01,Australia,AU,Asia-Pacific,Investment,2.4474780473574334,-1.456646809135087,-0.4717931561600608
2014-04-01,Australia,AU,Asia-Pacific,Investment,1.4712962149982054,-0.5579897873261075,-4.428506054441783
2014-07-01,Australia,AU,Asia-Pacific,Investment,0.07700199275909383,-3.6607595611556576,-6.315974734734198
2014-10-01,Australia,AU,Asia-Pacific,Investment,-0.37917461911123224,-3.4849789942976273,-2.7236420318544674
2015-01-01,Australia,AU,Asia-Pacific,Investment,-0.6505211284417783,-3.889377073540423,-2.0893854731312445
2015-04-01,Australia,AU,Asia-Pacific,Investment,-1.5804668617300102,-3.975930627376556,-4.7747202697863145
2015-07-01,Australia,AU,Asia-Pacific,Investment,-2.92913781331886,-4.008951792698667,-6.448059396022643
2015-10-01,Australia,AU,Asia-Pacific,Investment,-3.3709107856632556,-4.020630597595698,-2.77035725144259
2016-01-01,Australia,AU,Asia-Pacific,Investment,-2.8018251809669783,-3.157180999206588,1.3644129204251954
2016-04-01,Australia,AU,Asia-Pacific,Investment,-3.7800309532707437,-3.1386555229428126,-4.700618364731213
2016-07-01,Australia,AU,Asia-Pacific,Investment,-5.501512169456147,-3.407588704244091,-7.523792121227757
2016-10-01,Australia,AU,Asia-Pacific,Investment,-2.2071263500254323,0.46148754838402084,12.705947759069858
2017-01-01,Australia,AU,Asia-Pacific,Investment,-1.6643986100236923,0.5874285976693372,1.8681771175664608
2017-04-01,Australia,AU,Asia-Pacific,Investment,-0.9523751291774623,2.4404066587674578,2.7112938796612696
2017-07-01,Australia,AU,Asia-Pacific,Investment,1.8055824462662704,7.084823484761316,11.053875182747674
2017-10-01,Australia,AU,Asia-Pacific,Investment,1.757535628632333,3.9031447258162544,-0.02076727671038725
2018-01-01,Australia,AU,Asia-Pacific,Investment,3.1284368273827496,4.885961457912558,5.799444045951674
2018-04-01,Australia,AU,Asia-Pacific,Investment,2.304094758204065,3.498720041673131,-2.837671785296436
2018-07-01,Australia,AU,Asia-Pacific,Investment,2.797189523885057,1.3810492134918917,2.5831918700227163
2018-10-01,Australia,AU,Asia-Pacific,Investment,0.9081839776822059,-0.309027404661677,-6.781073749324662
2019-01-01,Australia,AU,Asia-Pacific,Investment,0.2404374801590406,-2.1868608262247236,-1.7118896403005124
2019-04-01,Australia,AU,Asia-Pacific,Investment,-2.130184491954401,-3.556683099474256,-8.316960878294566
2019-07-01,Australia,AU,Asia-Pacific,Investment,-0.7829517698709592,-2.5065379673245403,6.783772398621579
2019-10-01,Australia,AU,Asia-Pacific,Investment,-1.390841961933162,-1.008731124818496,-0.7898463793004851
2020-01-01,Australia,AU,Asia-Pacific,Investment,-2.231300614184591,-0.9451703003156453,-1.4576463422891095
2020-04-01,Australia,AU,Asia-Pacific,Investment,-8.402206916052219,-4.492139872937884,-22.50483916878352
2020-07-01,Australia,AU,Asia-Pacific,Investment,-7.162517357283943,-4.3334110504938295,7.418687688397796
2020-10-01,Australia,AU,Asia-Pacific,Investment,-3.29572262753485,0.41249852241520557,18.193791912335655
2021-01-01,Australia,AU,Asia-Pacific,Investment,0.8826500658879691,5.69551539274471,19.674421139028908
2021-04-01,Australia,AU,Asia-Pacific,Investment,2.4884071254711175,13.716142810211451,9.577670501083446
2021-07-01,Australia,AU,Asia-Pacific,Investment,2.367997552489066,12.568550142815837,2.8283170188153406
2021-10-01,Australia,AU,Asia-Pacific,Investment,1.8730996685207244,8.383476912545973,1.4534989912561969
2022-01-01,Australia,AU,Asia-Pacific,Investment,1.8342921257478086,4.308556061463342,3.3747377346983853
2022-04-01,Australia,AU,Asia-Pacific,Investment,1.0884595437901265,2.0696234032088867,0.6219398680656241
2022-07-01,Australia,AU,Asia-Pacific,Investment,0.5120164063168926,1.7019967929725155,1.3578105778698557
2022-10-01,Australia,AU,Asia-Pacific,Investment,-0.6569473401699901,1.0965652612338062,-0.9682271356986405
2023-01-01,Australia,AU,Asia-Pacific,Investment,0.49143934203236944,2.3359386108541713,8.332231133179846
2023-04-01,Australia,AU,Asia-Pacific,Investment,2.1462954310779803,4.774087338327604,10.374534777959354
2023-07-01,Australia,AU,Asia-Pacific,Investment,2.190679394476935,5.418552282464972,3.9356703544193294
2023-10-01,Australia,AU,Asia-Pacific,Investment,1.5562147140217055,5.964424980956373,1.215263658266963
2024-01-01,Australia,AU,Asia-Pacific,Investment,0.09382815238092582,3.355368325534691,-2.1039954885068823
2024-04-01,Australia,AU,Asia-Pacific,Investment,-0.24319597749525762,1.3595380440470706,2.3912136520088723
2024-07-01,Australia,AU,Asia-Pacific,Investment,0.3167261577211199,1.8692013883688574,5.974323731706477
2024-10-01,Australia,AU,Asia-Pacific,Investment,0.08740084212445666,2.2687896147290942,2.8136165637079102
2025-01-01,Australia,AU,Asia-Pacific,Investment,-0.7871733703425178,2.8524517475560174,0.23065304280081023
1991-01-01,China,CN,Asia-Pacific,GDP,1.111439968778842,NA,NA
1991-04-01,China,CN,Asia-Pacific,GDP,2.125560057706148,NA,14.556509907473725
1991-07-01,China,CN,Asia-Pacific,GDP,2.047267378511218,NA,10.189637434906729
1991-10-01,China,CN,Asia-Pacific,GDP,1.97890385270201,NA,10.240225148437787
1992-01-01,China,CN,Asia-Pacific,GDP,-5.4749450912128195,3.9271844338335526,-19.27763475548403
1992-04-01,China,CN,Asia-Pacific,GDP,-3.1371661205407615,5.270836106842225,19.931116599508414
1992-07-01,China,CN,Asia-Pacific,GDP,-2.064719901153072,6.452550712223548,14.916495856432022
1992-10-01,China,CN,Asia-Pacific,GDP,-2.4369014296516527,6.187825119379831,9.181322777062917
1993-01-01,China,CN,Asia-Pacific,GDP,-2.0076936376285865,14.112654763672694,12.421683821687424
1993-04-01,China,CN,Asia-Pacific,GDP,-1.1001199189315682,12.718706835722848,14.355324887709031
1993-07-01,China,CN,Asia-Pacific,GDP,-0.4727091113056214,12.298384112975924,13.235204965444325
1993-10-01,China,CN,Asia-Pacific,GDP,0.12042978080374372,13.272116690783697,13.07625308829401
1994-01-01,China,CN,Asia-Pacific,GDP,0.32356349067219886,13.034393343952999,11.47079043436463
1994-04-01,China,CN,Asia-Pacific,GDP,0.9466904864694446,12.71607337644678,13.082045017684152
1994-07-01,China,CN,Asia-Pacific,GDP,1.3629839371337005,12.448153272599072,12.163524550053495
1994-10-01,China,CN,Asia-Pacific,GDP,0.9780771007181308,11.390949029062725,8.847436114148621
1995-01-01,China,CN,Asia-Pacific,GDP,0.89366591824196,11.00361089589068,9.921437901676455
1995-04-01,China,CN,Asia-Pacific,GDP,1.2233020967427135,10.591949183835148,11.435398169462019
1995-07-01,China,CN,Asia-Pacific,GDP,1.3959534188082676,10.21437189244736,10.653215384502346
1995-10-01,China,CN,Asia-Pacific,GDP,1.108386619545409,10.164798766938965,8.64914361211504
1996-01-01,China,CN,Asia-Pacific,GDP,1.1282306846078887,10.111969726028569,9.710121738034871
1996-04-01,China,CN,Asia-Pacific,GDP,0.6438768181727013,9.133612584389006,7.521969602903766
1996-07-01,China,CN,Asia-Pacific,GDP,0.9831098341391703,9.131579293844005,10.645082222322344
1996-10-01,China,CN,Asia-Pacific,GDP,1.4343590086866431,9.700205175179377,10.923647137456527
1997-01-01,China,CN,Asia-Pacific,GDP,1.3688029906556727,9.445454644054685,8.691119613536102
1997-04-01,China,CN,Asia-Pacific,GDP,1.3197342550026314,9.714847456465314,8.599540852546284
1997-07-01,China,CN,Asia-Pacific,GDP,0.6660817217552569,8.562296561446914,6.034878642248742
1997-10-01,China,CN,Asia-Pacific,GDP,0.9045700922890058,8.199288638000901,9.471615443672476
1998-01-01,China,CN,Asia-Pacific,GDP,-0.4363305568094722,6.786108225108478,3.0383979619664103
1998-04-01,China,CN,Asia-Pacific,GDP,-0.318403454176901,6.830341612338842,8.776474401467738
1998-07-01,China,CN,Asia-Pacific,GDP,0.0350372232567754,7.731279487429532,9.638630142611504
1998-10-01,China,CN,Asia-Pacific,GDP,1.543736540538395,8.912452162678797,14.196306144669535
1999-01-01,China,CN,Asia-Pacific,GDP,-0.34823118435269634,8.289579425294669,0.546907012429898
1999-04-01,China,CN,Asia-Pacific,GDP,-0.8684546078716503,7.597370872304232,6.007640189505992
1999-07-01,China,CN,Asia-Pacific,GDP,-0.5794448804603879,7.497199617148809,9.23794512198981
1999-10-01,China,CN,Asia-Pacific,GDP,0.3177189671769521,6.868467869059636,11.681379152312843
2000-01-01,China,CN,Asia-Pacific,GDP,-0.4391537012656552,8.004752927418757,5.092047245866382
2000-04-01,China,CN,Asia-Pacific,GDP,-0.24403694564423,8.73874538150936,8.943610005868408
2000-07-01,China,CN,Asia-Pacific,GDP,-0.1729622858300797,8.555944028013052,8.506739708004574
2000-10-01,China,CN,Asia-Pacific,GDP,-0.09451485378482796,7.78825219282222,8.610611811549518
2001-01-01,China,CN,Asia-Pacific,GDP,-0.17625259494827816,8.52996604557461,8.058902656875944
2001-04-01,China,CN,Asia-Pacific,GDP,-0.43665054260726144,8.155990445472838,7.447707605461318
2001-07-01,China,CN,Asia-Pacific,GDP,-0.8939604903158722,7.723675264658958,6.777478984749052
2001-10-01,China,CN,Asia-Pacific,GDP,-0.8844914005840671,7.7647464349114514,8.774896492559492
2002-01-01,China,CN,Asia-Pacific,GDP,-0.8188626566398016,8.03514165689112,9.14048354479462
2002-04-01,China,CN,Asia-Pacific,GDP,-0.828249659707448,8.420665965767604,8.989804840967253
2002-07-01,China,CN,Asia-Pacific,GDP,-0.5821452661771211,9.2681820705236,10.167543403773038
2002-10-01,China,CN,Asia-Pacific,GDP,-0.6177259979790912,9.374681434109178,9.2008939469018
2003-01-01,China,CN,Asia-Pacific,GDP,-0.048507199360931993,10.035322002390323,11.783045817919202
2003-04-01,China,CN,Asia-Pacific,GDP,-1.622137910627878,8.631850771548422,3.3759199175996457
2003-07-01,China,CN,Asia-Pacific,GDP,-0.45076721461016594,9.720313622566223,14.521394807844246
2003-10-01,China,CN,Asia-Pacific,GDP,-0.24192283693005856,10.128565279017998,10.833900572708899
2004-01-01,China,CN,Asia-Pacific,GDP,-0.3754517106481503,9.588562190639038,9.623033464403363
2004-04-01,China,CN,Asia-Pacific,GDP,-1.0107908282446996,10.687039320778347,7.769828438156878
2004-07-01,China,CN,Asia-Pacific,GDP,-1.1390630642714883,9.543341452918952,9.946603336406667
2004-10-01,China,CN,Asia-Pacific,GDP,-1.7517979774898766,8.872167421052701,8.149204445243896
2005-01-01,China,CN,Asia-Pacific,GDP,-0.6446680829031403,10.25596212546187,15.15821228204004
2005-04-01,China,CN,Asia-Pacific,GDP,-1.5620067783941958,10.107155971005888,7.174603820332948
2005-07-01,China,CN,Asia-Pacific,GDP,-1.251764365062958,10.66608008116603,12.182299777047234
2005-10-01,China,CN,Asia-Pacific,GDP,-0.6836406435688355,11.951378254104839,13.290397136999132
2006-01-01,China,CN,Asia-Pacific,GDP,-0.06860396497532396,11.544498255509694,13.530692287659463
2006-04-01,China,CN,Asia-Pacific,GDP,-0.2908371015045738,12.303001911122635,10.208618442784712
2006-07-01,China,CN,Asia-Pacific,GDP,-0.5497084017758647,11.773242413579332,10.063261786874023
2006-10-01,China,CN,Asia-Pacific,GDP,0.15825727601902467,11.926960426550437,13.905269188883551
2007-01-01,China,CN,Asia-Pacific,GDP,1.6794611215009172,12.820529996900376,17.10497056905922
2007-04-01,China,CN,Asia-Pacific,GDP,2.1894092916430097,13.513170746204395,12.979181440000787
2007-07-01,China,CN,Asia-Pacific,GDP,1.8802168584627303,13.396989328158071,9.598536114688727
2007-10-01,China,CN,Asia-Pacific,GDP,2.334089757243278,13.052889923291033,12.5288715694154
2008-01-01,China,CN,Asia-Pacific,GDP,2.103527956333591,11.190663400673628,9.656064478589599
2008-04-01,China,CN,Asia-Pacific,GDP,1.7710212556487117,10.22234538889073,9.105909392869194
2008-07-01,China,CN,Asia-Pacific,GDP,0.37528298100825486,8.999851169159356,4.708559235763232
2008-10-01,China,CN,Asia-Pacific,GDP,-1.1254919343436747,6.904225274332632,4.1463679901085015
2009-01-01,China,CN,Asia-Pacific,GDP,-1.7303528022028034,6.388033375484881,7.591296883198595
2009-04-01,China,CN,Asia-Pacific,GDP,-0.49005225831020083,7.819985749621594,14.833718889416048
2009-07-01,China,CN,Asia-Pacific,GDP,0.39713149812410986,9.962647408900693,13.27920587287963
2009-10-01,China,CN,Asia-Pacific,GDP,0.3314882382867562,11.256256557506106,9.320804584530151
2010-01-01,China,CN,Asia-Pacific,GDP,0.19715276636833243,11.582154332988637,8.894887985128719
2010-04-01,China,CN,Asia-Pacific,GDP,0.20243370405634634,10.198469626949347,9.298980065258888
2010-07-01,China,CN,Asia-Pacific,GDP,0.4434811223196205,9.39990303471987,10.08493950396172
2010-10-01,China,CN,Asia-Pacific,GDP,0.5496256346545353,9.416200527489238,9.385994555607624
2011-01-01,China,CN,Asia-Pacific,GDP,0.7578977409507075,9.600991898350841,9.634053468575132
2011-04-01,China,CN,Asia-Pacific,GDP,0.8186050289017526,9.497146546577895,8.883598658167102
2011-07-01,China,CN,Asia-Pacific,GDP,0.6621975004064174,8.940185301976555,7.857094525556363
2011-10-01,China,CN,Asia-Pacific,GDP,0.25282149315173674,8.266529894691743,6.691372926468375
2012-01-01,China,CN,Asia-Pacific,GDP,0.10094137816035048,7.7513568995470905,7.573361487996522
2012-04-01,China,CN,Asia-Pacific,GDP,0.02751705066503067,7.466875825183905,7.745674360714361
2012-07-01,China,CN,Asia-Pacific,GDP,-0.1348531809776659,7.316381581435394,7.255117550562318
2012-10-01,China,CN,Asia-Pacific,GDP,-0.03593231798282477,7.6866170027884095,8.172314611880438
2013-01-01,China,CN,Asia-Pacific,GDP,-0.14403388308474424,7.598958212199136,7.222726325639428
2013-04-01,China,CN,Asia-Pacific,GDP,-0.32936427393187584,7.362212462367523,6.79869136138791
2013-07-01,China,CN,Asia-Pacific,GDP,-0.07798078718083967,7.6575445843232615,8.43644603838527
2013-10-01,China,CN,Asia-Pacific,GDP,-0.1858604641644503,7.338337923163607,6.89548796724182
2014-01-01,China,CN,Asia-Pacific,GDP,-0.18802490073272815,7.337517336234001,7.219443977921003
2014-04-01,China,CN,Asia-Pacific,GDP,-0.17336641156915927,7.43593613186917,7.1923665439285855
2014-07-01,China,CN,Asia-Pacific,GDP,-0.17435134212483683,7.086696992258368,7.039489479942063
2014-10-01,China,CN,Asia-Pacific,GDP,-0.19548645499869577,7.0808794257832375,6.872217701341299
2015-01-01,China,CN,Asia-Pacific,GDP,-0.3073629335900501,6.882462842945358,6.425777646569486
2015-04-01,China,CN,Asia-Pacific,GDP,-0.23053907696286066,6.859324241170839,7.099812136830508
2015-07-01,China,CN,Asia-Pacific,GDP,-0.2369746432451811,6.771438603318813,6.687946928533961
2015-10-01,China,CN,Asia-Pacific,GDP,-0.28970761811881063,6.659707368926604,6.425292763772461
2016-01-01,China,CN,Asia-Pacific,GDP,-0.37596029283522636,6.606892953199051,6.214519983659272
2016-04-01,China,CN,Asia-Pacific,GDP,-0.35426301010799044,6.4743579473166335,6.5696721133008396
2016-07-01,China,CN,Asia-Pacific,GDP,-0.303845557070824,6.454124083754209,6.607011474284263
2016-10-01,China,CN,Asia-Pacific,GDP,-0.15287534657779966,6.580276369361826,6.929901906202929
2017-01-01,China,CN,Asia-Pacific,GDP,0.08511594825309776,6.825678061974116,7.196126754108434
2017-04-01,China,CN,Asia-Pacific,GDP,0.17357945459720892,6.811568791350808,6.513235030807607
2017-07-01,China,CN,Asia-Pacific,GDP,0.017815324644832736,6.522024829337525,5.44883562623113
2017-10-01,China,CN,Asia-Pacific,GDP,0.2940221490914472,6.561288413545796,7.086956243036013
2018-01-01,China,CN,Asia-Pacific,GDP,0.8771200946441947,6.817888655913862,8.222527723580697
2018-04-01,China,CN,Asia-Pacific,GDP,1.0467039381503078,6.808325789161529,6.4749835637982756
2018-07-01,China,CN,Asia-Pacific,GDP,0.43737951336265696,6.262757080490644,3.2665607915475903
2018-10-01,China,CN,Asia-Pacific,GDP,0.7251092721000324,6.182343679466129,6.765302638937953
2019-01-01,China,CN,Asia-Pacific,GDP,1.6545281919765498,6.438459913054473,9.246992657934072
2019-04-01,China,CN,Asia-Pacific,GDP,1.5306991354566102,6.058502812384248,4.955155161117375
2019-07-01,China,CN,Asia-Pacific,GDP,0.6439858732844826,5.700645140019134,1.8351301020871347
2019-10-01,China,CN,Asia-Pacific,GDP,0.839371548607569,5.53662490985829,6.109221718294577
2020-01-01,China,CN,Asia-Pacific,GDP,-10.647341452707723,-6.939544018300481,-40.65768305470101
2020-04-01,China,CN,Asia-Pacific,GDP,-0.41144978203955024,3.3746967071685674,46.21211806299357
2020-07-01,China,CN,Asia-Pacific,GDP,0.14712051438263862,4.784286466232146,7.473489138341449
2020-10-01,China,CN,Asia-Pacific,GDP,1.7311845777000796,6.141072610751053,11.536366296370204
2021-01-01,China,CN,Asia-Pacific,GDP,1.2933576293888867,17.155572789352647,3.4003176597053653
2021-04-01,China,CN,Asia-Pacific,GDP,2.3782286909705426,7.961934871097398,9.437566389972574
2021-07-01,China,CN,Asia-Pacific,GDP,0.550510886675971,5.526523159532815,-2.2681577079168846
2021-10-01,China,CN,Asia-Pacific,GDP,1.0502543312925308,4.390041310437809,6.990438899990181
2022-01-01,China,CN,Asia-Pacific,GDP,0.5269445711170053,4.253080449748481,2.8524742169480533
2022-04-01,China,CN,Asia-Pacific,GDP,-1.5064021930802667,1.0873629764251547,-3.225303503320731
2022-07-01,China,CN,Asia-Pacific,GDP,-0.4036163943800226,3.9771615447062203,9.291036565207378
2022-10-01,China,CN,Asia-Pacific,GDP,-0.7343350379251663,3.1131773519089023,3.5345021288009093
2023-01-01,China,CN,Asia-Pacific,GDP,-0.13323153163804863,4.21104343151093,7.243938535356165
2023-04-01,China,CN,Asia-Pacific,GDP,0.03532780879118467,6.392053886392901,5.498738316207152
2023-07-01,China,CN,Asia-Pacific,GDP,-0.12197286216110523,5.1149873133887525,4.182770273190783
2023-10-01,China,CN,Asia-Pacific,GDP,-0.27299282304285466,5.280849029621493,4.19794899373187
2024-01-01,China,CN,Asia-Pacific,GDP,-0.10650137118712938,4.83494676341607,5.460329470534475
2024-04-01,China,CN,Asia-Pacific,GDP,-0.1849722645628845,4.5788650291136435,4.474411378997445
2024-07-01,China,CN,Asia-Pacific,GDP,-0.3370165145184459,4.577017323859778,4.175379452175321
2024-10-01,China,CN,Asia-Pacific,GDP,0.16134874538260416,5.22081676806323,6.773146770545679
2025-01-01,China,CN,Asia-Pacific,GDP,0.33503094617703044,5.223376663235513,5.470569051223606
2025-04-01,China,CN,Asia-Pacific,GDP,0.056744926683852004,5.019593642786546,3.6592792972015786
2025-07-01,China,CN,Asia-Pacific,GDP,-0.26616557201661467,4.845406453465273,3.478630694890228
2025-10-01,China,CN,Asia-Pacific,GDP,-0.29705431043130376,4.313613535893168,4.64597510025726
1996-04-01,India,IN,Asia-Pacific,Consumption,1.370495656365071,NA,NA
1996-07-01,India,IN,Asia-Pacific,Consumption,0.43114397936388943,NA,0.8509178289500596
1996-10-01,India,IN,Asia-Pacific,Consumption,-0.12044447492318708,NA,2.4053969589473922
1997-01-01,India,IN,Asia-Pacific,Consumption,-0.3299118112114706,NA,3.781811769172805
1997-04-01,India,IN,Asia-Pacific,Consumption,-0.8630085529833332,2.3843885076102467,2.49942747337073
1997-07-01,India,IN,Asia-Pacific,Consumption,-0.5643250420501826,3.6321740550469883,5.842060018697026
1997-10-01,India,IN,Asia-Pacific,Consumption,-1.9279885067312812,2.833175899744589,-0.7905956622622057
1998-01-01,India,IN,Asia-Pacific,Consumption,-2.0568389066973882,2.9290226305718647,4.165198692481908
1998-04-01,India,IN,Asia-Pacific,Consumption,4.133160493481864,9.667198235245955,29.45212989206709
1998-07-01,India,IN,Asia-Pacific,Consumption,3.6792628764517,8.926163637593199,2.877921628086
1998-10-01,India,IN,Asia-Pacific,Consumption,-9.645835018911427,-3.0275171901669395,-48.60531897330276
1999-01-01,India,IN,Asia-Pacific,Consumption,2.33019437634242,9.083715528059066,52.61012956538593
1999-04-01,India,IN,Asia-Pacific,Consumption,2.0413772781038126,2.6074198661341086,3.54694724436726
1999-07-01,India,IN,Asia-Pacific,Consumption,1.1468449975175028,2.1657844417623195,1.1113799305988437
1999-10-01,India,IN,Asia-Pacific,Consumption,1.7384246270892099,16.076942733267963,7.039314192719814
2000-01-01,India,IN,Asia-Pacific,Consumption,0.9428768620071541,3.29274823040997,1.473351553953961
2000-04-01,India,IN,Asia-Pacific,Consumption,0.16308691376773723,2.786595454593588,1.5223361411017322
2000-07-01,India,IN,Asia-Pacific,Consumption,0.20293021011808235,3.706896974774132,4.792586011321021
2000-10-01,India,IN,Asia-Pacific,Consumption,0.06365147109424724,2.9655649393571792,4.073986051052003
2001-01-01,India,IN,Asia-Pacific,Consumption,0.3612270193024513,4.053719549893842,5.825969996100611
2001-04-01,India,IN,Asia-Pacific,Consumption,1.4915215571314144,5.965198138187056,9.168250494274588
2001-07-01,India,IN,Asia-Pacific,Consumption,1.402161051233463,5.844245552900951,4.308775670176601
2001-10-01,India,IN,Asia-Pacific,Consumption,1.4700169301946724,6.067813083996576,4.9682561754345045
2002-01-01,India,IN,Asia-Pacific,Consumption,0.9362074788263212,5.263116794365708,2.6071848375771367
2002-04-01,India,IN,Asia-Pacific,Consumption,-0.3448341120217569,2.8916782515681305,-0.31750367691572023
2002-07-01,India,IN,Asia-Pacific,Consumption,-0.8541418648702007,2.5281499083167347,2.854662297171018
2002-10-01,India,IN,Asia-Pacific,Consumption,-0.9512209323311004,2.4383199030060254,4.608936154191667
2003-01-01,India,IN,Asia-Pacific,Consumption,-0.5657412233601219,3.4521545721391433,6.662523514109608
2003-04-01,India,IN,Asia-Pacific,Consumption,-0.2598070587161907,5.152357660713314,6.483308677380961
2003-07-01,India,IN,Asia-Pacific,Consumption,-0.14197648692628773,5.909707681389342,5.884062379875132
2003-10-01,India,IN,Asia-Pacific,Consumption,-0.01322318759242741,6.281091787752757,6.094472579645327
2004-01-01,India,IN,Asia-Pacific,Consumption,-0.3971462135256981,5.671381619884741,4.223682842637544
2004-04-01,India,IN,Asia-Pacific,Consumption,-3.386637128904128,2.549176966893363,-6.005509934584552
2004-07-01,India,IN,Asia-Pacific,Consumption,-3.160669017830478,2.843555197611103,7.061575302746093
2004-10-01,India,IN,Asia-Pacific,Consumption,-1.506542631461976,4.565727376097151,12.983161293589518
2005-01-01,India,IN,Asia-Pacific,Consumption,-1.2346785882554925,5.424523389488378,7.658866896202454
2005-04-01,India,IN,Asia-Pacific,Consumption,-0.5962184666239225,9.256411351680072,9.322041914182222
2005-07-01,India,IN,Asia-Pacific,Consumption,-1.5024711242786222,8.323250159459583,3.3289305338641384
2005-10-01,India,IN,Asia-Pacific,Consumption,-0.5469929487468377,7.814722858516809,10.949052089818423
2006-01-01,India,IN,Asia-Pacific,Consumption,-0.4395245880825082,7.828484474998021,7.7139133621273
2006-04-01,India,IN,Asia-Pacific,Consumption,-0.6714033437603493,7.121914060136447,6.495760254735927
2006-07-01,India,IN,Asia-Pacific,Consumption,0.8800580484778472,9.727079481446843,13.749592219105722
2006-10-01,India,IN,Asia-Pacific,Consumption,-0.3874679930778932,7.6332342997433855,2.5736713630045926
2007-01-01,India,IN,Asia-Pacific,Consumption,0.028353629852797147,8.051968097090345,9.388848551515139
2007-04-01,India,IN,Asia-Pacific,Consumption,0.13681603149971353,8.483524828019462,8.221987178452395
2007-07-01,India,IN,Asia-Pacific,Consumption,0.9047214614019784,7.771925440525074,10.903194669128169
2007-10-01,India,IN,Asia-Pacific,Consumption,1.6861992378346402,9.87403793441537,10.982121338565776
2008-01-01,India,IN,Asia-Pacific,Consumption,1.7944330469151286,9.601137411983274,8.297246461786756
2008-04-01,India,IN,Asia-Pacific,Consumption,1.4938251205591002,9.210055547390006,6.657659720079323
2008-07-01,India,IN,Asia-Pacific,Consumption,0.21004097246395537,7.162481960904898,2.712900323187739
2008-10-01,India,IN,Asia-Pacific,Consumption,0.3020596937420032,6.466940912156716,8.199957143573045
2009-01-01,India,IN,Asia-Pacific,Consumption,-0.9106049018508178,5.133002840270251,2.9614941742408973
2009-04-01,India,IN,Asia-Pacific,Consumption,-0.08323532385779092,6.243358228057616,11.099081271228783
2009-07-01,India,IN,Asia-Pacific,Consumption,0.6870919453889294,8.275949655042325,10.843266031126575
2009-10-01,India,IN,Asia-Pacific,Consumption,-0.023044142434403957,7.448075894563644,4.88846210165832
2010-01-01,India,IN,Asia-Pacific,Consumption,-2.1269987805083646,6.526865009318428,-0.7233493667399671
2010-04-01,India,IN,Asia-Pacific,Consumption,0.33741834284125183,8.129583700259957,17.5099560349949
2010-07-01,India,IN,Asia-Pacific,Consumption,1.416918380249101,8.399053235916654,11.921144173753362
2010-10-01,India,IN,Asia-Pacific,Consumption,-0.49488420488720974,7.15160567011317,-0.10132816155561386
2011-01-01,India,IN,Asia-Pacific,Consumption,-0.0906101222799367,9.60772816994293,9.101140632579074
2011-04-01,India,IN,Asia-Pacific,Consumption,7.020159439221682,14.195107018468534,35.85947142909731
2011-07-01,India,IN,Asia-Pacific,Consumption,-1.8442582405494907,4.186078869385668,-28.1149684225781
2011-10-01,India,IN,Asia-Pacific,Consumption,-1.016734381370332,6.859065279202525,10.590617477711817
2012-01-01,India,IN,Asia-Pacific,Consumption,1.2950957388378,8.701920684004705,16.472562251787792
2012-04-01,India,IN,Asia-Pacific,Consumption,-0.9206298747788371,-0.6850928742778706,-1.6885828040329898
2012-07-01,India,IN,Asia-Pacific,Consumption,-0.4335586947985413,8.613468766041166,9.079278138698044
2012-10-01,India,IN,Asia-Pacific,Consumption,0.40479567513354836,8.577409141869907,10.446378981026783
2013-01-01,India,IN,Asia-Pacific,Consumption,-0.9380481496001338,4.881209754504567,1.687764702326433
2013-04-01,India,IN,Asia-Pacific,Consumption,-0.5084414994114823,7.490597332664706,8.748967508607564
2013-07-01,India,IN,Asia-Pacific,Consumption,-1.4920977106535651,5.988326361923058,3.070194255731451
2013-10-01,India,IN,Asia-Pacific,Consumption,0.7037414373728726,7.317746633706079,15.76406006815887
2014-01-01,India,IN,Asia-Pacific,Consumption,-0.5471856580545006,7.383494310106187,1.950755407926863
2014-04-01,India,IN,Asia-Pacific,Consumption,-0.6378496959896914,6.837553243779837,6.5652032433021645
2014-07-01,India,IN,Asia-Pacific,Consumption,-0.6066862310198673,7.826048726848711,7.0241761880069475
2014-10-01,India,IN,Asia-Pacific,Consumption,-3.0110609379179527,3.1976234940735537,-2.74964086294176
2015-01-01,India,IN,Asia-Pacific,Consumption,-0.4726015651831993,6.956231412085145,16.98518707997323
2015-04-01,India,IN,Asia-Pacific,Consumption,-0.5758222578932173,6.907327295783006,6.3695867780936055
2015-07-01,India,IN,Asia-Pacific,Consumption,-0.7757096855407755,6.631404906242722,5.920486629845811
2015-10-01,India,IN,Asia-Pacific,Consumption,-1.2900070137092206,8.465170395783872,4.585421095222841
2016-01-01,India,IN,Asia-Pacific,Consumption,1.3165963319103877,8.462540090685522,16.97466585957983
2016-04-01,India,IN,Asia-Pacific,Consumption,-0.21535865541376029,6.94662279146705,0.3059175812197168
2016-07-01,India,IN,Asia-Pacific,Consumption,1.6271410187778268,8.884590072939957,13.672355755737442
2016-10-01,India,IN,Asia-Pacific,Consumption,2.4694916365632005,10.118978583376403,9.522975136968626
2017-01-01,India,IN,Asia-Pacific,Consumption,0.44130818265401484,5.344991715480063,-2.1212816120055322
2017-04-01,India,IN,Asia-Pacific,Consumption,1.6602220802284813,7.942968568118403,10.697824991773075
2017-07-01,India,IN,Asia-Pacific,Consumption,0.40266041120047213,4.679024842609891,0.6165808537033968
2017-10-01,India,IN,Asia-Pacific,Consumption,0.8949258995847882,4.157940832715212,7.43863909738991
2018-01-01,India,IN,Asia-Pacific,Consumption,2.339441465810804,7.455633025596242,11.069487159518587
2018-04-01,India,IN,Asia-Pacific,Consumption,2.3568069661329334,6.0771943021876496,5.1840700981387045
2018-07-01,India,IN,Asia-Pacific,Consumption,3.0247048764118265,7.827190837596731,7.616566995339724
2018-10-01,India,IN,Asia-Pacific,Consumption,2.9586073505039665,7.0985382083794235,4.524028580520678
2019-01-01,India,IN,Asia-Pacific,Consumption,3.8656932494107386,6.4013772796126744,8.280843444451591
2019-04-01,India,IN,Asia-Pacific,Consumption,4.587128515978421,6.962948863300156,7.43035643288863
2019-07-01,India,IN,Asia-Pacific,Consumption,3.9804481350395577,5.570734101190311,2.0477079469003456
2019-10-01,India,IN,Asia-Pacific,Consumption,3.895304300271605,5.467935616849218,4.1128346431563045
2020-01-01,India,IN,Asia-Pacific,Consumption,1.5935495644270066,2.218847025309856,-4.715510921705857
2020-04-01,India,IN,Asia-Pacific,Consumption,-25.201041632556482,-25.283717817460882,-102.57990293819432
2020-07-01,India,IN,Asia-Pacific,Consumption,-8.18086816111921,-7.580907497663603,72.85894922608946
2020-10-01,India,IN,Asia-Pacific,Consumption,0.7820159528785283,1.5957394278935055,40.81942234538474
2021-01-01,India,IN,Asia-Pacific,Consumption,3.2382141661153274,6.517540703180913,14.971694179443773
2021-04-01,India,IN,Asia-Pacific,Consumption,-12.629370336469476,17.624246108027464,-58.15308131880812
2021-07-01,India,IN,Asia-Pacific,Consumption,-0.36423916023205044,13.046401857720724,54.547572224862506
2021-10-01,India,IN,Asia-Pacific,Consumption,4.753320401863349,9.365280929920061,26.094938634182085
2022-01-01,India,IN,Asia-Pacific,Consumption,3.521451284297546,5.822814440316648,0.8018282210301209
2022-04-01,India,IN,Asia-Pacific,Consumption,-0.28057153633332355,18.012247883736876,-9.395347545127208
2022-07-01,India,IN,Asia-Pacific,Consumption,2.1261870233018136,8.253068675236364,15.510855390860456
2022-10-01,India,IN,Asia-Pacific,Consumption,0.5263631519714617,1.6149690221663349,-0.4574599780980293
2023-01-01,India,IN,Asia-Pacific,Consumption,-0.1747895374003966,2.2113848449532014,3.187491512177587
2023-04-01,India,IN,Asia-Pacific,Consumption,0.14697893008055238,6.390974535597138,7.3230112174485384
2023-07-01,India,IN,Asia-Pacific,Consumption,-0.43849946889278574,3.446008230648445,3.7309901710656845
2023-10-01,India,IN,Asia-Pacific,Consumption,-0.1924226915304137,5.332292246358605,7.087676084742611
2024-01-01,India,IN,Asia-Pacific,Consumption,0.21652534469975374,6.475926585508063,7.762028868775417
2024-04-01,India,IN,Asia-Pacific,Consumption,1.5450704668394166,7.508975392264361,11.455206444473731
2024-07-01,India,IN,Asia-Pacific,Consumption,0.1471070814100558,6.7153339602775475,0.5564244431184306
2024-10-01,India,IN,Asia-Pacific,Consumption,1.2144066357833665,7.5486783651612654,10.421053704277483
2025-01-01,India,IN,Asia-Pacific,Consumption,0.10829707178090435,6.040093141330871,1.7276879734538397
1996-04-01,India,IN,Asia-Pacific,GDP,1.1308790423913342,NA,NA
1996-07-01,India,IN,Asia-Pacific,GDP,-1.3694394519736335,NA,-4.714549545653313
1996-10-01,India,IN,Asia-Pacific,GDP,1.5252380058231956,NA,16.868261460599854
1997-01-01,India,IN,Asia-Pacific,GDP,0.6728689695898349,NA,1.882306281061119
1997-04-01,India,IN,Asia-Pacific,GDP,-0.9917457377623935,3.1686973207914804,-1.3612289128417387
1997-07-01,India,IN,Asia-Pacific,GDP,-2.122679119732316,4.543295393623481,0.7838427456746899
1997-10-01,India,IN,Asia-Pacific,GDP,-0.25336495743016935,3.5256297239286027,12.79759878182034
1998-01-01,India,IN,Asia-Pacific,GDP,0.1281307408379563,4.7691040509164395,6.856203589012466
1998-04-01,India,IN,Asia-Pacific,GDP,-0.23805163828677234,6.077373612788506,3.8718493346465266
1998-07-01,India,IN,Asia-Pacific,GDP,-0.42597490458782816,7.028423816338858,4.588043559876098
1998-10-01,India,IN,Asia-Pacific,GDP,-0.09250877463363831,5.497264998000162,6.672963508465557
1999-01-01,India,IN,Asia-Pacific,GDP,0.5605877311086221,5.769710857636667,7.945987027558488
1999-04-01,India,IN,Asia-Pacific,GDP,1.7813404263145396,7.353254069422377,10.206022181789365
1999-07-01,India,IN,Asia-Pacific,GDP,1.2153142513416297,6.967399916256767,3.044626947213658
1999-10-01,India,IN,Asia-Pacific,GDP,1.2645958562086133,6.672244417525874,5.492341513541987
2000-01-01,India,IN,Asia-Pacific,GDP,2.7872434805541473,7.529770291856863,11.376090524882443
2000-04-01,India,IN,Asia-Pacific,GDP,1.536616715476105,5.048324965587625,0.28024087671241205
2000-07-01,India,IN,Asia-Pacific,GDP,1.5241630300883076,5.59819627623348,5.244112189797079
2000-10-01,India,IN,Asia-Pacific,GDP,-0.12699998130690643,3.904667524517791,-1.2817734933207703
2001-01-01,India,IN,Asia-Pacific,GDP,-0.8871362182164824,1.6438619582213931,2.332868259696852
2001-04-01,India,IN,Asia-Pacific,GDP,-0.11922863646747148,3.7030126699473698,8.516843723616319
2001-07-01,India,IN,Asia-Pacific,GDP,-0.33747801675138367,3.5577505621066763,4.663063758434305
2001-10-01,India,IN,Asia-Pacific,GDP,0.6300845545949025,6.257171202931389,9.515909069978079
2002-01-01,India,IN,Asia-Pacific,GDP,-0.1935974289930722,6.293562708581035,2.4784342822954386
2002-04-01,India,IN,Asia-Pacific,GDP,-0.7554494772126809,5.082536426237283,3.6727385942413093
2002-07-01,India,IN,Asia-Pacific,GDP,-1.8490651440495645,4.344686945401222,1.7116658350900593
2002-10-01,India,IN,Asia-Pacific,GDP,-3.034507266829207,2.3475722398540455,1.5274502477893748
2003-01-01,India,IN,Asia-Pacific,GDP,-3.2214598811710142,3.1572097633560503,5.716984376303458
2003-04-01,India,IN,Asia-Pacific,GDP,-2.2180544951151075,4.908748130491247,10.678892062782097
2003-07-01,India,IN,Asia-Pacific,GDP,-1.316996055105834,7.097538147695204,10.466825903905885
2003-10-01,India,IN,Asia-Pacific,GDP,1.3641486654642452,11.159623949658837,17.775793455643907
2004-01-01,India,IN,Asia-Pacific,GDP,-1.8927237184449084,8.280466800900044,-5.799644218731714
2004-04-01,India,IN,Asia-Pacific,GDP,-1.1355136681495248,8.216927522039086,10.424734947338266
2004-07-01,India,IN,Asia-Pacific,GDP,-0.24455937300363675,8.37883310416423,11.11444823240646
2004-10-01,India,IN,Asia-Pacific,GDP,-1.0815753152839878,5.020172660406175,4.341151680611688
2005-01-01,India,IN,Asia-Pacific,GDP,-0.7509442252639836,8.753473940472745,9.133560901534565
2005-04-01,India,IN,Asia-Pacific,GDP,0.09540466807907588,8.971986694156087,11.298785962071634
2005-07-01,India,IN,Asia-Pacific,GDP,-0.27763513918289096,7.818934736518557,6.502240401856341
2005-10-01,India,IN,Asia-Pacific,GDP,-0.030699614848787686,8.99415803563457,9.042044877075739
2006-01-01,India,IN,Asia-Pacific,GDP,0.771958205411891,9.536527067350775,11.303037028399388
2006-04-01,India,IN,Asia-Pacific,GDP,-0.649619371864568,7.3174109457362135,2.422321475613387
2006-07-01,India,IN,Asia-Pacific,GDP,1.0928586134389942,9.460556527410802,15.074822728554693
2006-10-01,India,IN,Asia-Pacific,GDP,1.233659080278047,9.360750451678612,8.642820574146981
2007-01-01,India,IN,Asia-Pacific,GDP,1.9638325542596515,9.274036590961288,10.95618158553009
2007-04-01,India,IN,Asia-Pacific,GDP,1.5130898091075211,10.211613947775788,6.17263090287139
2007-07-01,India,IN,Asia-Pacific,GDP,1.6191994165964216,8.525235590577296,8.329309299760723
2007-10-01,India,IN,Asia-Pacific,GDP,3.585183432484075,10.287283806203718,15.691013436652668
2008-01-01,India,IN,Asia-Pacific,GDP,2.617615879166148,8.517238204481359,3.8759991786406545
2008-04-01,India,IN,Asia-Pacific,GDP,1.365401307033818,7.639718377835436,2.662551596287699
2008-07-01,India,IN,Asia-Pacific,GDP,0.07221651341538611,6.1664669821553275,2.436303717040289
2008-10-01,India,IN,Asia-Pacific,GDP,-2.0934755825703437,1.9686670058241873,-1.1001864686718932
2009-01-01,India,IN,Asia-Pacific,GDP,-4.74238484820914,0.23380981986811378,-3.0634295651836396
2009-04-01,India,IN,Asia-Pacific,GDP,-1.544166088465938,4.644562167754174,20.30556098783194
2009-07-01,India,IN,Asia-Pacific,GDP,-0.9093949332238224,6.543297720639529,10.031245928581711
2009-10-01,India,IN,Asia-Pacific,GDP,-1.296666875474483,8.29776568516003,5.91768538941011
2010-01-01,India,IN,Asia-Pacific,GDP,0.07498097910377602,12.293832934515336,12.920839432237585
2010-04-01,India,IN,Asia-Pacific,GDP,0.7711694862520087,9.761467246445577,10.1760982355529
2010-07-01,India,IN,Asia-Pacific,GDP,0.7464639679274693,9.063512543467311,7.239427116668651
2010-10-01,India,IN,Asia-Pacific,GDP,1.7404034922859426,10.397253442138421,11.252648984094549
2011-01-01,India,IN,Asia-Pacific,GDP,2.536452241018914,9.765376197052333,10.393330451893235
2011-04-01,India,IN,Asia-Pacific,GDP,1.607309728020767,8.077042602565854,3.4227638576069808
2011-07-01,India,IN,Asia-Pacific,GDP,-0.27430640813043417,6.154026531041978,-0.4526371694268505
2011-10-01,India,IN,Asia-Pacific,GDP,0.6782354967610136,6.047564721913901,10.826801747582238
2012-01-01,India,IN,Asia-Pacific,GDP,1.2438420803766452,5.7566057930799275,9.229494736557342
2012-04-01,India,IN,Asia-Pacific,GDP,-0.5505933196098983,4.838185875230394,-0.2509158137911527
2012-07-01,India,IN,Asia-Pacific,GDP,-0.6916196197655331,6.53507283878092,6.334910684775252
2012-10-01,India,IN,Asia-Pacific,GDP,-0.8493635129181967,5.391194062863747,6.251286643913545
2013-01-01,India,IN,Asia-Pacific,GDP,-0.8470013953917299,4.804891428872082,6.884284200590685
2013-04-01,India,IN,Asia-Pacific,GDP,-1.326890202801186,6.106384829534761,4.955057788859563
2013-07-01,India,IN,Asia-Pacific,GDP,-1.367347116288086,6.2020693891224,6.717648923125807
2013-10-01,India,IN,Asia-Pacific,GDP,-1.016850335880292,6.71127180372828,8.288096302337067
2014-01-01,India,IN,Asia-Pacific,GDP,-1.9191915017191117,5.810632703142815,3.2817277982488235
2014-04-01,India,IN,Asia-Pacific,GDP,-0.762850948690571,7.451179882438552,11.517246506042511
2014-07-01,India,IN,Asia-Pacific,GDP,-0.761978139158881,7.493562135919873,6.887177937051092
2014-10-01,India,IN,Asia-Pacific,GDP,-1.5823673331530537,6.317297003646516,3.583035773243637
2015-01-01,India,IN,Asia-Pacific,GDP,-1.5636736549231929,7.223732957181284,6.907471612387894
2015-04-01,India,IN,Asia-Pacific,GDP,-0.5578131343121194,7.046292809115684,10.807485913780113
2015-07-01,India,IN,Asia-Pacific,GDP,-0.3721016752536877,7.1888908240826055,7.457569996918778
2015-10-01,India,IN,Asia-Pacific,GDP,-0.853235543967542,7.467833850727956,4.69880787982504
2016-01-01,India,IN,Asia-Pacific,GDP,0.48261440050810855,8.704058681890103,11.852370937036483
2016-04-01,India,IN,Asia-Pacific,GDP,1.0968602671435936,8.208801691376877,8.826457951727207
2016-07-01,India,IN,Asia-Pacific,GDP,2.2423609976833516,9.041424889895922,10.788062790994957
2016-10-01,India,IN,Asia-Pacific,GDP,1.3947188954378624,8.524448182882693,2.6309010517721276
2017-01-01,India,IN,Asia-Pacific,GDP,0.3013287975059051,5.923292641550049,1.4477487717059034
2017-04-01,India,IN,Asia-Pacific,GDP,1.0769100256793376,5.894525825319974,8.711390686806908
2017-07-01,India,IN,Asia-Pacific,GDP,1.8450043189082235,5.311977574496751,8.457869787702066
2017-10-01,India,IN,Asia-Pacific,GDP,2.4926366265536073,6.590205109328551,7.743811191099326
2018-01-01,India,IN,Asia-Pacific,GDP,3.210159924443533,8.175052794818072,7.787139513663988
2018-04-01,India,IN,Asia-Pacific,GDP,3.3849834657280127,7.342782987178964,5.382311456250477
2018-07-01,India,IN,Asia-Pacific,GDP,3.586979528586504,6.545116669950346,5.267204518787594
2018-10-01,India,IN,Asia-Pacific,GDP,3.97021131211768,6.055925083079572,5.787044843616229
2019-01-01,India,IN,Asia-Pacific,GDP,3.918665191204708,5.076763350337643,3.870492582696272
2019-04-01,India,IN,Asia-Pacific,GDP,4.440344014802379,5.237070276423594,6.023539160594282
2019-07-01,India,IN,Asia-Pacific,GDP,4.056319534800072,4.4973333597333465,2.3082568520266022
2019-10-01,India,IN,Asia-Pacific,GDP,3.2408655086315146,3.1877107836312035,0.5485545392076574
2020-01-01,India,IN,Asia-Pacific,GDP,2.3454151079029244,2.2858903073732506,0.2632106776644605
2020-04-01,India,IN,Asia-Pacific,GDP,-25.252674544899868,-25.82898867410357,-106.435976765313
2020-07-01,India,IN,Asia-Pacific,GDP,-5.674570039918229,-5.790362662726167,82.46276089753621
2020-10-01,India,IN,Asia-Pacific,GDP,0.8119882274726896,1.6499978922006164,30.309996758914792
2021-01-01,India,IN,Asia-Pacific,GDP,0.7510745243796517,2.668895983697084,4.33880304365033
2021-04-01,India,IN,Asia-Pacific,GDP,-8.734772147772976,20.99415733992096,-33.134931340417495
2021-07-01,India,IN,Asia-Pacific,GDP,-0.8669951865942875,9.507152539758934,36.51474169688811
2021-10-01,India,IN,Asia-Pacific,GDP,1.1345219503927466,5.247709596415717,13.272224985541925
2022-01-01,India,IN,Asia-Pacific,GDP,-0.47532603535562107,3.9216247538767846,-0.9655363265054007
2022-04-01,India,IN,Asia-Pacific,GDP,-0.919128332171901,13.178947215597958,3.8943585064671993
2022-07-01,India,IN,Asia-Pacific,GDP,-0.5966930395724049,5.835723172534912,7.141845524635926
2022-10-01,India,IN,Asia-Pacific,GDP,-0.03835101681309849,4.580800893202408,8.252535868211908
2023-01-01,India,IN,Asia-Pacific,GDP,-0.006367075452455226,6.396485473675284,6.297201995386104
2023-04-01,India,IN,Asia-Pacific,GDP,-0.21475295833923297,6.790085922922273,5.468760303455156
2023-07-01,India,IN,Asia-Pacific,GDP,0.4844476491870815,7.3083913179551985,9.215067104767627
2023-10-01,India,IN,Asia-Pacific,GDP,0.36448466306927657,6.754447331416458,6.036759922056945
2024-01-01,India,IN,Asia-Pacific,GDP,0.6463585930838786,7.1116598950151655,7.726052249780935
2024-04-01,India,IN,Asia-Pacific,GDP,0.6787491045883581,7.443112799631635,6.794571921921033
2024-07-01,India,IN,Asia-Pacific,GDP,0.1948967155671207,6.3348905848066295,4.782178245467605
2024-10-01,India,IN,Asia-Pacific,GDP,0.6952240465126045,7.01552473009599,8.759296503214387
2025-01-01,India,IN,Asia-Pacific,GDP,0.6138379154098406,6.699299349380894,6.46115072692055
2025-04-01,India,IN,Asia-Pacific,GDP,0.6173445752098575,6.705525548042246,6.819476716566442
2025-07-01,India,IN,Asia-Pacific,GDP,1.365761726737101,7.962344701283897,9.809454858434208
2025-10-01,India,IN,Asia-Pacific,GDP,1.384354128406549,7.495924761561312,6.893616744324049
1996-04-01,India,IN,Asia-Pacific,Investment,-1.101983282150148,NA,NA
1996-07-01,India,IN,Asia-Pacific,Investment,0.11510971220057317,NA,11.167562163112876
1996-10-01,India,IN,Asia-Pacific,Investment,0.37815017728410066,NA,7.348597087838726
1997-01-01,India,IN,Asia-Pacific,Investment,1.866607645653467,NA,12.245042958851826
1997-04-01,India,IN,Asia-Pacific,Investment,-0.1377354017605464,7.257074788727458,-1.7329030548935975
1997-07-01,India,IN,Asia-Pacific,Investment,-0.6419394667413051,5.531197656664233,4.264053634859977
1997-10-01,India,IN,Asia-Pacific,Investment,0.6351714445993581,6.541177052778124,11.388514672294292
1998-01-01,India,IN,Asia-Pacific,Investment,-0.32102226402493134,4.093839525076248,2.455692848044322
1998-04-01,India,IN,Asia-Pacific,Investment,0.01877464692143498,6.437774147302022,7.642835434009498
1998-07-01,India,IN,Asia-Pacific,Investment,0.33563338636463075,7.260821676610085,7.556243752092229
1998-10-01,India,IN,Asia-Pacific,Investment,1.103895426740561,6.755954456773594,9.369045792948327
1999-01-01,India,IN,Asia-Pacific,Investment,1.4302431956607102,8.044892359949074,7.611444460746242
1999-04-01,India,IN,Asia-Pacific,Investment,4.924744331962895,11.209118586186229,20.299740338958117
1999-07-01,India,IN,Asia-Pacific,Investment,5.340252803302187,11.32222123587372,8.008654350842193
1999-10-01,India,IN,Asia-Pacific,Investment,4.0260419632693125,9.26400376287937,1.136175900970926
2000-01-01,India,IN,Asia-Pacific,Investment,5.77808122184117,10.7317526094171,13.482439846897165
2000-04-01,India,IN,Asia-Pacific,Investment,1.8256585162085108,3.354513875273746,-9.2092145976153
2000-07-01,India,IN,Asia-Pacific,Investment,-0.06006555740796504,1.1631373892152297,-0.7568515933918718
2000-10-01,India,IN,Asia-Pacific,Investment,-2.7564847251103886,-0.05843765688595681,-3.75012428343382
2001-01-01,India,IN,Asia-Pacific,Investment,-5.586822288928227,-4.422172902446242,-3.9725011353439754
2001-04-01,India,IN,Asia-Pacific,Investment,-1.2055046386593924,4.19120931895538,25.244314287991187
2001-07-01,India,IN,Asia-Pacific,Investment,-3.882466690529503,3.7365024235880284,-2.5756791748612784
2001-10-01,India,IN,Asia-Pacific,Investment,-1.9572121016222035,8.745590932213965,16.286229751069925
2002-01-01,India,IN,Asia-Pacific,Investment,-2.3034879699095763,11.659556499926005,7.683361135504185
2002-04-01,India,IN,Asia-Pacific,Investment,-5.174364936457246,4.87185987188159,-1.9064722241864729
2002-07-01,India,IN,Asia-Pacific,Investment,-5.190358349050663,8.026077696895406,10.041192125193987
2002-10-01,India,IN,Asia-Pacific,Investment,-4.314257162737062,7.490601219692294,14.144323842257478
2003-01-01,India,IN,Asia-Pacific,Investment,-6.783022534418877,5.893075491744071,1.293258223711291
2003-04-01,India,IN,Asia-Pacific,Investment,-5.808474724469173,10.264136850981664,15.577773212763901
2003-07-01,India,IN,Asia-Pacific,Investment,-3.144296271974968,13.457204354239494,22.813462138225304
2003-10-01,India,IN,Asia-Pacific,Investment,-5.2622573248650895,10.949486738154235,4.113453377916443
2004-01-01,India,IN,Asia-Pacific,Investment,-2.983495411806661,16.144276349277398,22.072416668203942
2004-04-01,India,IN,Asia-Pacific,Investment,0.9295661448800643,19.477846343877303,28.912053191163523
2004-07-01,India,IN,Asia-Pacific,Investment,1.2368839038353392,17.45308674234778,14.714423732107207
2004-10-01,India,IN,Asia-Pacific,Investment,0.2832087362193681,18.879980761988158,9.821029456477959
2005-01-01,India,IN,Asia-Pacific,Investment,0.7354802103171857,17.242805935570615,15.523717362533773
2005-04-01,India,IN,Asia-Pacific,Investment,1.7630303736365562,14.472983985031362,17.83276538900651
2005-07-01,India,IN,Asia-Pacific,Investment,2.0109594921292278,14.457649329554023,14.65308511019785
2005-10-01,India,IN,Asia-Pacific,Investment,2.3835689481079525,15.758864107306003,15.025888567485879
2006-01-01,India,IN,Asia-Pacific,Investment,2.4507187267432813,15.2825441594306,13.61843757103216
2006-04-01,India,IN,Asia-Pacific,Investment,0.21349193075307846,11.864748690527982,4.161583513396039
2006-07-01,India,IN,Asia-Pacific,Investment,-0.34948924450292285,10.844379803469018,10.571609561961992
2006-10-01,India,IN,Asia-Pacific,Investment,3.3437274210442944,13.90350004794616,27.26236954539445
2007-01-01,India,IN,Asia-Pacific,Investment,4.702095062798089,14.884139005667762,17.54099340191857
2007-04-01,India,IN,Asia-Pacific,Investment,4.8940166335847275,16.957153057263596,12.453639719779375
2007-07-01,India,IN,Asia-Pacific,Investment,5.301001278139664,17.530372792840687,12.864488504270355
2007-10-01,India,IN,Asia-Pacific,Investment,6.291332380727356,14.397998345264895,14.732871755091281
2008-01-01,India,IN,Asia-Pacific,Investment,5.268537772692185,11.566004935724727,6.213019763757899
2008-04-01,India,IN,Asia-Pacific,Investment,6.723369591813255,12.36998452751994,15.669558086960222
2008-07-01,India,IN,Asia-Pacific,Investment,3.814062388893917,8.600259331758942,-2.2144122787736364
2008-10-01,India,IN,Asia-Pacific,Investment,-1.192863946736459,2.1698060041465794,-10.988941555358167
2009-01-01,India,IN,Asia-Pacific,Investment,-13.715725219655903,-9.729408277405938,-41.38383736245217
2009-04-01,India,IN,Asia-Pacific,Investment,-4.364001809662316,-2.188482839346406,45.83325983919835
2009-07-01,India,IN,Asia-Pacific,Investment,-1.4717232024726024,3.297586308564071,19.729864312868273
2009-10-01,India,IN,Asia-Pacific,Investment,-2.6193216133417287,6.872185481373982,3.3094551358814783
2010-01-01,India,IN,Asia-Pacific,Investment,0.1371158518556452,21.884578181425063,18.665733437752152
2010-04-01,India,IN,Asia-Pacific,Investment,-0.7444927537269934,11.388306109265578,3.8481715505604086
2010-07-01,India,IN,Asia-Pacific,Investment,1.1743450944660254,10.150692568434572,14.779410149544248
2010-10-01,India,IN,Asia-Pacific,Investment,3.6271394626571225,13.482743326835767,16.637658169486258
2011-01-01,India,IN,Asia-Pacific,Investment,-0.015474646475454462,6.809897772134299,-8.025648781053718
2011-04-01,India,IN,Asia-Pacific,Investment,0.9449509527282435,8.37530735412102,10.109809878507292
2011-07-01,India,IN,Asia-Pacific,Investment,1.563506998531472,6.798096234726714,8.470565671967023
2011-10-01,India,IN,Asia-Pacific,Investment,2.614405704775089,5.122548412109396,9.935466879016985
2012-01-01,India,IN,Asia-Pacific,Investment,3.5610733479341827,9.445280236795561,9.265278517690945
2012-04-01,India,IN,Asia-Pacific,Investment,3.160857870572768,7.8283835838202975,3.642223266606237
2012-07-01,India,IN,Asia-Pacific,Investment,1.683160190532702,5.491596093389539,-0.8765842897560105
2012-10-01,India,IN,Asia-Pacific,Investment,0.4154821043584906,2.9550197506582165,-0.21083849190830506
2013-01-01,India,IN,Asia-Pacific,Investment,1.7183434397466997,3.1226352925438405,9.93574068523344
2013-04-01,India,IN,Asia-Pacific,Investment,0.057433366685677015,1.7082968049166425,-2.015130683902555
2013-07-01,India,IN,Asia-Pacific,Investment,-1.5539285093733455,1.4602841276392553,-1.8686349988655593
2013-10-01,India,IN,Asia-Pacific,Investment,-1.4597104026799115,2.749548761855891,4.946220044958238
2014-01-01,India,IN,Asia-Pacific,Investment,-2.579356018097313,0.29652550650762777,0.12364766384038717
2014-04-01,India,IN,Asia-Pacific,Investment,-2.451702398002997,2.095914485412642,5.182425231717502
2014-07-01,India,IN,Asia-Pacific,Investment,-1.8193122164171083,4.38837369312246,7.301201831973714
2014-10-01,India,IN,Asia-Pacific,Investment,-5.326805110838157,0.8682237705579965,-9.134379645299617
2015-01-01,India,IN,Asia-Pacific,Investment,-4.510570505427136,2.913325197774519,8.304053372706477
2015-04-01,India,IN,Asia-Pacific,Investment,-4.384125314031316,3.0413873684626225,5.6946739144699166
2015-07-01,India,IN,Asia-Pacific,Investment,-3.002169651933418,3.9314550974655305,10.861472747985346
2015-10-01,India,IN,Asia-Pacific,Investment,-1.0190300236186718,9.563796009579839,13.394984003157617
2016-01-01,India,IN,Asia-Pacific,Investment,-1.2705040615932588,8.628237102346503,4.561817743773133
2016-04-01,India,IN,Asia-Pacific,Investment,2.5599521839444574,12.446766804730025,20.968792724004004
2016-07-01,India,IN,Asia-Pacific,Investment,-0.11815605176905179,8.477543074092608,-5.015422174564321
2016-10-01,India,IN,Asia-Pacific,Investment,-0.46341355045443117,6.214600288478067,4.3432128606994524
2017-01-01,India,IN,Asia-Pacific,Investment,-1.4759195094935993,5.493732046790001,1.6783447770208682
2017-04-01,India,IN,Asia-Pacific,Investment,-1.8542814946252966,1.3002292575631458,4.194781567096584
2017-07-01,India,IN,Asia-Pacific,Investment,1.0639376151406426,6.887337845971331,17.33301217906842
2017-10-01,India,IN,Asia-Pacific,Investment,2.452348577856155,8.584808495158214,11.133095457446984
2018-01-01,India,IN,Asia-Pacific,Investment,5.8333267357721725,12.913409696669476,18.992749583065915
2018-04-01,India,IN,Asia-Pacific,Investment,5.791050222013657,13.156043452611854,5.165316590866098
2018-07-01,India,IN,Asia-Pacific,Investment,8.369086607547398,12.698524795108312,15.502937549054252
2018-10-01,India,IN,Asia-Pacific,Investment,9.080818877989513,11.890088866192272,7.899351741782823
2019-01-01,India,IN,Asia-Pacific,Investment,5.71703275465843,5.0131746775207375,-8.514907171620223
2019-04-01,India,IN,Asia-Pacific,Investment,8.366590796431735,7.590638081373413,15.4751702062768
2019-07-01,India,IN,Asia-Pacific,Investment,3.5137764515971552,0.08129369786011864,-14.534439984998926
2019-10-01,India,IN,Asia-Pacific,Investment,2.7487952700140825,-1.4183274531280432,1.9008671378301756
2020-01-01,India,IN,Asia-Pacific,Investment,-0.9293100516367426,-1.6832945094282792,-9.574775396821167
2020-04-01,India,IN,Asia-Pacific,Investment,-51.503317262974434,-54.772531407491876,-196.88177738597759
2020-07-01,India,IN,Asia-Pacific,Investment,-3.515390675519845,-1.7039234993358576,197.73999164762515
2020-10-01,India,IN,Asia-Pacific,Investment,2.3522628252850217,5.221260494992563,29.60160311514386
2021-01-01,India,IN,Asia-Pacific,Investment,4.206831327320578,11.077916452493142,13.851848433181146
2021-04-01,India,IN,Asia-Pacific,Investment,-6.902842019607686,50.86416792561241,-37.7367714935005
2021-07-01,India,IN,Asia-Pacific,Investment,3.1768039087996804,13.245453091554538,47.26513231139364
2021-10-01,India,IN,Asia-Pacific,Investment,0.41407105353924617,4.869868815169198,-3.900733990397498
2022-01-01,India,IN,Asia-Pacific,Investment,2.953199107270949,5.776237361261849,17.47732261755175
2022-04-01,India,IN,Asia-Pacific,Investment,0.8094368724597192,14.931523672660774,-1.1156262479047996
2022-07-01,India,IN,Asia-Pacific,Investment,0.6596034745655257,4.858761520557664,6.974083702981204
2022-10-01,India,IN,Asia-Pacific,Investment,0.2679209666186589,7.35846696132505,6.098087772672045
2023-01-01,India,IN,Asia-Pacific,Investment,1.164648358080774,5.81968200583205,11.32218279557975
2023-04-01,India,IN,Asia-Pacific,Investment,1.3794640640317077,8.259767616956637,8.64471619659355
2023-07-01,India,IN,Asia-Pacific,Investment,2.768844950973652,9.860195041785857,13.375793402298086
2023-10-01,India,IN,Asia-Pacific,Investment,1.7697850222932046,9.295906003715615,3.840931620391075
2024-01-01,India,IN,Asia-Pacific,Investment,-0.36154381267956814,6.296301451576625,-0.6762354129762116
2024-04-01,India,IN,Asia-Pacific,Investment,0.15214592069961816,6.613417158930446,9.913179026008834
2024-07-01,India,IN,Asia-Pacific,Investment,0.954045380204203,6.037440260938709,11.071885810331139
2024-10-01,India,IN,Asia-Pacific,Investment,-0.5449375429956372,5.544990415435791,1.8711322383794027
2025-01-01,India,IN,Asia-Pacific,Investment,0.8276605446907461,9.05393062700135,13.359525433286024
2000-01-01,Indonesia,ID,Focus,Consumption,0.2018760015303333,NA,NA
2000-04-01,Indonesia,ID,Focus,Consumption,1.0768506748284348,NA,7.287090112424721
2000-07-01,Indonesia,ID,Focus,Consumption,-0.06615592638071392,NA,-0.784330295600455
2000-10-01,Indonesia,ID,Focus,Consumption,-0.061314477133321055,NA,3.810763412920437
2001-01-01,Indonesia,ID,Focus,Consumption,-0.18102808093125927,3.4081998410133707,3.3192761343087795
2001-04-01,Indonesia,ID,Focus,Consumption,-0.13147346769660323,2.5879173320799254,4.00596007669094
2001-07-01,Indonesia,ID,Focus,Consumption,0.008721829845682134,3.8791397706432917,4.3805594586530106
2001-10-01,Indonesia,ID,Focus,Consumption,-0.021800747760521676,3.8544042898134734,3.7118214896011636
2002-01-01,Indonesia,ID,Focus,Consumption,0.05098260865278202,4.059909618387891,4.141297448606451
2002-04-01,Indonesia,ID,Focus,Consumption,-0.039282991660292366,3.935274107751141,3.5074180341439387
2002-07-01,Indonesia,ID,Focus,Consumption,-0.30500688511697127,3.5466574731003675,2.8260929200499163
2002-10-01,Indonesia,ID,Focus,Consumption,-0.37797906456701696,3.5236274189788475,3.6197012731150835
2003-01-01,Indonesia,ID,Focus,Consumption,-0.5187068743046767,3.331455849414411,3.372611170348705
2003-04-01,Indonesia,ID,Focus,Consumption,-0.5297158495092045,3.433552566015763,3.9158049005493467
2003-07-01,Indonesia,ID,Focus,Consumption,-0.4998025409324973,3.752754744563447,4.102901634240652
2003-10-01,Indonesia,ID,Focus,Consumption,0.3847786388903201,4.733515834951163,7.542745634665948
2004-01-01,Indonesia,ID,Focus,Consumption,0.9291099730884075,5.440221586896499,6.199434178130048
2004-04-01,Indonesia,ID,Focus,Consumption,0.6214044467241426,5.162883366499926,2.806452018963057
2004-07-01,Indonesia,ID,Focus,Consumption,0.34440088580304173,4.873214281907323,2.9442252958702397
2004-10-01,Indonesia,ID,Focus,Consumption,0.2802304064841005,3.940497043386415,3.8118766805823157
2005-01-01,Indonesia,ID,Focus,Consumption,0.32944137867870144,3.4616225464347394,4.283936190323345
2005-04-01,Indonesia,ID,Focus,Consumption,0.31643219126600364,3.7741356609391374,4.056504476980649
2005-07-01,Indonesia,ID,Focus,Consumption,0.44834967615106636,4.20342906599771,4.661398916104531
2005-10-01,Indonesia,ID,Focus,Consumption,0.21668429498561576,4.059656172642079,3.2367851071597897
2006-01-01,Indonesia,ID,Focus,Consumption,-0.8010366894375627,3.020654907286513,0.12793112890108205
2006-04-01,Indonesia,ID,Focus,Consumption,-0.7713007565386155,3.0963587188448827,4.359319723214128
2006-07-01,Indonesia,ID,Focus,Consumption,-0.820827793804773,2.9530136563455045,4.088018666107018
2006-10-01,Indonesia,ID,Focus,Consumption,-0.627867670694414,3.4203123240065025,5.105979777803782
2007-01-01,Indonesia,ID,Focus,Consumption,-0.5992667816388125,4.512520764013317,4.49676488892834
2007-04-01,Indonesia,ID,Focus,Consumption,-0.4154749694218799,4.713788467433133,5.164390536893393
2007-07-01,Indonesia,ID,Focus,Consumption,-0.15811551709199284,5.067449999328133,5.502664793687018
2007-10-01,Indonesia,ID,Focus,Consumption,0.15498429803819563,5.232388303584301,5.765732994828454
2008-01-01,Indonesia,ID,Focus,Consumption,0.3294538874388554,5.419953733016314,5.247026606656391
2008-04-01,Indonesia,ID,Focus,Consumption,0.4729522023045555,5.417618910996325,5.155051248813436
2008-07-01,Indonesia,ID,Focus,Consumption,0.3683694970565694,5.089841654805838,4.19155576892507
2008-10-01,Indonesia,ID,Focus,Consumption,0.4403327470285092,4.879575763885313,4.924669431146356
2009-01-01,Indonesia,ID,Focus,Consumption,0.5655753730623341,4.858753847534558,5.163738941253371
2009-04-01,Indonesia,ID,Focus,Consumption,0.3543818455792195,4.531008367688827,3.8440693294305106
2009-07-01,Indonesia,ID,Focus,Consumption,0.2894975816232796,4.597349005608109,4.456918320602199
2009-10-01,Indonesia,ID,Focus,Consumption,0.16301674374818825,4.426323360676676,4.240566851420624
2010-01-01,Indonesia,ID,Focus,Consumption,-0.017332720967935204,4.149957076347732,4.058273803937595
2010-04-01,Indonesia,ID,Focus,Consumption,-0.08327184073010771,4.327102448710107,4.552650818880011
2010-07-01,Indonesia,ID,Focus,Consumption,-0.9016127581494863,3.6086953952647605,1.5832901068208116
2010-10-01,Indonesia,ID,Focus,Consumption,-0.6972002221474578,3.9780169481389294,5.7178530629173
2011-01-01,Indonesia,ID,Focus,Consumption,-0.6172415433663178,4.279607349252146,5.264635408390461
2011-04-01,Indonesia,ID,Focus,Consumption,-0.4752352189047403,4.530626993746978,5.556729396859339
2011-07-01,Indonesia,ID,Focus,Consumption,-0.3602371140756593,5.507395079943933,5.4903624516086325
2011-10-01,Indonesia,ID,Focus,Consumption,-0.3023011128057895,5.403020416748561,5.30035441013581
2012-01-01,Indonesia,ID,Focus,Consumption,-0.2647804685189023,5.400013365067835,5.2526072016675585
2012-04-01,Indonesia,ID,Focus,Consumption,-0.16012839381912752,5.398322325028104,5.549965236700416
2012-07-01,Indonesia,ID,Focus,Consumption,-0.12136651966020444,5.353104934792086,5.309492890664558
2012-10-01,Indonesia,ID,Focus,Consumption,-0.11453335136456726,5.32769691853332,5.198722345100748
2013-01-01,Indonesia,ID,Focus,Consumption,-0.047068584975442314,5.377481473323087,5.451745420826626
2013-04-01,Indonesia,ID,Focus,Consumption,-0.06362929340250417,5.2698417333974845,5.119406276998006
2013-07-01,Indonesia,ID,Focus,Consumption,0.025780299275493045,5.327518170100376,5.540198637476124
2013-10-01,Indonesia,ID,Focus,Consumption,0.06251004869217094,5.357682520794427,5.319379747876951
2014-01-01,Indonesia,ID,Focus,Consumption,0.10790027750031544,5.328990147344115,5.336975927025378
2014-04-01,Indonesia,ID,Focus,Consumption,0.08808637940344553,5.312219511656124,5.052323734246045
2014-07-01,Indonesia,ID,Focus,Consumption,-0.06627039809176073,5.048118936148427,4.483796335445334
2014-10-01,Indonesia,ID,Focus,Consumption,-0.13505756223025633,4.915628731070498,4.789418927565237
2015-01-01,Indonesia,ID,Focus,Consumption,-0.2434530458331977,4.728350782390578,4.587864132305697
2015-04-01,Indonesia,ID,Focus,Consumption,-0.32881014319603025,4.622793063795072,4.630092859864021
2015-07-01,Indonesia,ID,Focus,Consumption,-0.28700762786433837,4.77219262009001,5.081394560625085
2015-10-01,Indonesia,ID,Focus,Consumption,-0.2875065015234095,4.786492462366709,4.846618296672034
2016-01-01,Indonesia,ID,Focus,Consumption,-0.23846741000145033,4.882088422381159,4.970247972363495
2016-04-01,Indonesia,ID,Focus,Consumption,-0.1671646733291711,4.968342738574094,4.975110124635762
2016-07-01,Indonesia,ID,Focus,Consumption,-0.09196826941310077,4.9220505867829445,4.896225953460487
2016-10-01,Indonesia,ID,Focus,Consumption,-0.011997571834100607,4.912941003729188,4.8101799644570065
2017-01-01,Indonesia,ID,Focus,Consumption,0.11942585947066937,4.895362383519952,4.8999334915265536
2017-04-01,Indonesia,ID,Focus,Consumption,0.234007948591115,4.827976471572981,4.705566476847878
2017-07-01,Indonesia,ID,Focus,Consumption,0.45792775189378193,4.855237486751918,5.005270014176233
2017-10-01,Indonesia,ID,Focus,Consumption,0.682616895994496,4.867852346732704,4.8606394043801515
2018-01-01,Indonesia,ID,Focus,Consumption,0.9503437266135568,4.861910559665361,4.876166343257182
2018-04-01,Indonesia,ID,Focus,Consumption,1.371341913164797,5.016873607408812,5.32541866782168
2018-07-01,Indonesia,ID,Focus,Consumption,1.715073570240219,4.9774776083904015,4.847686018102593
2018-10-01,Indonesia,ID,Focus,Consumption,2.302317582568852,5.17523371465316,5.651663829431186
2019-01-01,Indonesia,ID,Focus,Consumption,2.9886347141461473,5.426383954538494,5.8807673027985174
2019-04-01,Indonesia,ID,Focus,Consumption,3.648610927576342,5.499242544232175,5.616853026596402
2019-07-01,Indonesia,ID,Focus,Consumption,3.393211621497013,4.740548622642393,1.812910331743467
2019-10-01,Indonesia,ID,Focus,Consumption,3.8674374450312383,4.481183102159747,4.614201747500601
2020-01-01,Indonesia,ID,Focus,Consumption,2.9966319108174764,2.7986367157058822,-0.8494182430169417
2020-04-01,Indonesia,ID,Focus,Consumption,-4.466084794984135,-5.419870128970672,-27.257174352109814
2020-07-01,Indonesia,ID,Focus,Consumption,-3.290358726470246,-4.046257702163558,7.307360038971922
2020-10-01,Indonesia,ID,Focus,Consumption,-2.997755617018538,-4.24347288875957,3.8253410011165556
2021-01-01,Indonesia,ID,Focus,Consumption,-2.5876767679229062,-2.936818236544525,4.377200365843237
2021-04-01,Indonesia,ID,Focus,Consumption,-2.358428613396437,4.817431154591034,3.7598232124324227
2021-07-01,Indonesia,ID,Focus,Consumption,-3.932275868908418,2.1583179508329664,-3.3290927760603495
2021-10-01,Indonesia,ID,Focus,Consumption,-1.9075909194154854,4.002014113274299,11.200125650881887
2022-01-01,Indonesia,ID,Focus,Consumption,-1.5377459984168909,4.087126124167639,4.717648409416597
2022-04-01,Indonesia,ID,Focus,Consumption,-1.1235779737563036,4.404382317276401,5.028847984867468
2022-07-01,Indonesia,ID,Focus,Consumption,-1.1780453811141047,6.057003846514419,3.281393340891725
2022-10-01,Indonesia,ID,Focus,Consumption,-0.5481400519135107,4.791058021189798,6.136342349583401
2023-01-01,Indonesia,ID,Focus,Consumption,-0.5164477361494293,4.57373947463644,3.848374223203166
2023-04-01,Indonesia,ID,Focus,Consumption,-0.01375242056375018,4.772358894577877,5.8233256646332165
2023-07-01,Indonesia,ID,Focus,Consumption,0.18784986639531348,5.12567490628193,4.6946573877079345
2023-10-01,Indonesia,ID,Focus,Consumption,0.40381889151706396,4.794728866967546,4.8125581923258665
2024-01-01,Indonesia,ID,Focus,Consumption,0.7613151994120891,5.188710514776318,5.424300814438254
2024-04-01,Indonesia,ID,Focus,Consumption,0.9155910569764092,4.893694521221903,4.643261690415557
2024-07-01,Indonesia,ID,Focus,Consumption,1.11961900748706,4.935586477740017,4.862225213780391
2024-10-01,Indonesia,ID,Focus,Consumption,1.2969590470273593,4.923904473008633,4.765830173400332
2025-01-01,Indonesia,ID,Focus,Consumption,1.4228411767555873,4.708718178672555,4.563555637093941
1987-01-01,Indonesia,ID,Focus,GDP,0.08257514651720178,NA,NA
1987-04-01,Indonesia,ID,Focus,GDP,2.975259452556697,NA,19.7014921094123
1987-07-01,Indonesia,ID,Focus,GDP,0.6337953541986993,NA,-1.2348950703113815
1987-10-01,Indonesia,ID,Focus,GDP,-1.5563622816229201,NA,-0.6218181958018931
1988-01-01,Indonesia,ID,Focus,GDP,-3.448388073215243,4.608142030915374,0.5877892803624718
1988-04-01,Indonesia,ID,Focus,GDP,1.5655947089539193,6.741329464520973,28.234241843834695
1988-07-01,Indonesia,ID,Focus,GDP,-1.214286728096561,6.3195333406934395,-2.922079565621516
1988-10-01,Indonesia,ID,Focus,GDP,-0.4856459950760032,9.25793183160728,11.131775767853469
1989-01-01,Indonesia,ID,Focus,GDP,1.111302356528903,12.766576602599145,14.62236836432993
1989-04-01,Indonesia,ID,Focus,GDP,-0.7798594096267717,5.878933983987267,0.6836713693871843
1989-07-01,Indonesia,ID,Focus,GDP,-0.950658951164682,8.503959713845077,7.578023353809726
1989-10-01,Indonesia,ID,Focus,GDP,-1.176422807175046,7.563085557681504,7.3682791431991745
1990-01-01,Indonesia,ID,Focus,GDP,-0.8992548029693734,6.253731702922138,9.384952945292468
1990-04-01,Indonesia,ID,Focus,GDP,-0.3117700431223684,8.738578507080064,10.623058586018885
1990-07-01,Indonesia,ID,Focus,GDP,0.3180085583412299,9.538751841270354,10.778716690570889
1990-10-01,Indonesia,ID,Focus,GDP,0.3359302586909523,9.773341185224993,8.30663651901773
1991-01-01,Indonesia,ID,Focus,GDP,-0.3895309244581098,8.751630982436254,5.2981121341375115
1991-04-01,Indonesia,ID,Focus,GDP,0.5093548269608341,9.033617976777464,11.751006563383726
1991-07-01,Indonesia,ID,Focus,GDP,0.5741280501784466,8.428836018159913,8.359588856100686
1991-10-01,Indonesia,ID,Focus,GDP,0.2815920270320127,8.068722732851086,6.86618337778242
1992-01-01,Indonesia,ID,Focus,GDP,-1.4445163671196037,7.009184654976863,1.0599598226406215
1992-04-01,Indonesia,ID,Focus,GDP,-1.9724463073062752,5.514852506427914,5.773677969187929
1992-07-01,Indonesia,ID,Focus,GDP,-0.32296888225037157,7.023365010336846,14.393638871736414
1992-10-01,Indonesia,ID,Focus,GDP,-1.5261841236913816,6.026218076503653,2.8775956424496485
1993-01-01,Indonesia,ID,Focus,GDP,-1.9177590857558884,7.2618463132368305,6.00247276957333
1993-04-01,Indonesia,ID,Focus,GDP,-2.563615120608313,7.029286221101572,4.843437600646894
1993-07-01,Indonesia,ID,Focus,GDP,-1.0270308100796681,6.7824432079898855,13.40626681928967
1993-10-01,Indonesia,ID,Focus,GDP,0.7206693227914187,9.576136203094876,14.05236762286961
1994-01-01,Indonesia,ID,Focus,GDP,-0.28337441600757507,8.778775948318085,2.813031750466166
1994-04-01,Indonesia,ID,Focus,GDP,0.5417960004652604,10.034249487957325,9.865331759203855
1994-07-01,Indonesia,ID,Focus,GDP,-0.8408985974615868,6.866785389782137,0.7364104265889182
1994-10-01,Indonesia,ID,Focus,GDP,-1.9473794378417966,3.731756986338297,1.5122540090942493
1995-01-01,Indonesia,ID,Focus,GDP,1.4042758860047244,7.7740327485120275,18.982134799161088
1995-04-01,Indonesia,ID,Focus,GDP,1.950325102341166,7.147331217342767,7.3585256345268135
1995-07-01,Indonesia,ID,Focus,GDP,1.5452118522315748,7.74264882472302,3.117680856109928
1995-10-01,Indonesia,ID,Focus,GDP,1.853285398555407,8.740610013431649,5.504098763928766
1996-01-01,Indonesia,ID,Focus,GDP,2.540304672014916,5.62689657836728,6.527281058903611
1996-04-01,Indonesia,ID,Focus,GDP,4.712801082045852,6.776002887102095,11.954950869466074
1996-07-01,Indonesia,ID,Focus,GDP,5.972050555067901,7.93969192938242,7.772437025231227
1996-10-01,Indonesia,ID,Focus,GDP,8.624063858472253,9.766282461598053,12.810460892791298
1997-01-01,Indonesia,ID,Focus,GDP,7.1029610222258714,7.033559609081053,-4.403610351164389
1997-04-01,Indonesia,ID,Focus,GDP,8.177899833133345,5.417805511805085,5.491934480362204
1997-07-01,Indonesia,ID,Focus,GDP,9.453556368312077,4.9389277432915435,5.856925951177061
1997-10-01,Indonesia,ID,Focus,GDP,9.094287485420047,1.4739455033499382,-1.0494680669751233
1998-01-01,Indonesia,ID,Focus,GDP,1.4467467278073565,-5.043758643959961,-30.474426940403987
1998-04-01,Indonesia,ID,Focus,GDP,-6.4021352943121475,-14.275268934785856,-31.434106682941376
1998-07-01,Indonesia,ID,Focus,GDP,-8.263209449568803,-17.61850450836633,-7.516016343144827
1998-10-01,Indonesia,ID,Focus,GDP,-10.193049940107421,-19.2859011399495,-7.719054593307817
1999-01-01,Indonesia,ID,Focus,GDP,-5.404365229570267,-6.839398530609486,19.311583496956075
1999-04-01,Indonesia,ID,Focus,GDP,-5.2531445301990525,1.2634512172255086,0.9772923083986029
1999-07-01,Indonesia,ID,Focus,GDP,-5.550618955719715,3.003353633513939,-0.5564066779911059
1999-10-01,Indonesia,ID,Focus,GDP,-4.783117157772191,5.932358163042295,3.996963524805608
2000-01-01,Indonesia,ID,Focus,GDP,-2.4262375115026784,3.7710741576468365,10.666447475374241
2000-04-01,Indonesia,ID,Focus,GDP,-2.5122950172888627,3.8300563005208232,1.2132208798945499
2000-07-01,Indonesia,ID,Focus,GDP,-1.8440936976962288,5.10647348397768,4.549262055836323
2000-10-01,Indonesia,ID,Focus,GDP,-0.016686753616535627,6.4820559908643105,9.499293552352128
2001-01-01,Indonesia,ID,Focus,GDP,-0.5601929396425315,3.8950548521189177,0.31844292039266975
2001-04-01,Indonesia,ID,Focus,GDP,0.08376087265398943,4.931908625934867,5.3606359751583454
2001-07-01,Indonesia,ID,Focus,GDP,-0.9847003780388136,3.492462980810629,-1.2085205246606279
2001-10-01,Indonesia,ID,Focus,GDP,-1.0479282305566988,1.8879588209781417,3.0812769130221795
2002-01-01,Indonesia,ID,Focus,GDP,-0.18967862116850073,3.563835327762277,7.021948947529211
2002-04-01,Indonesia,ID,Focus,GDP,0.4246040627551781,3.7947068224418956,6.28412195387682
2002-07-01,Indonesia,ID,Focus,GDP,0.6652363535868989,5.349428307228266,5.010365414484852
2002-10-01,Indonesia,ID,Focus,GDP,-0.22115524167962142,4.7558542634714485,0.7069807379949111
2003-01-01,Indonesia,ID,Focus,GDP,0.5898866689791736,4.922105665441734,7.686954555410352
2003-04-01,Indonesia,ID,Focus,GDP,0.7988639984604899,4.7145531925028905,5.4539120621214465
2003-07-01,Indonesia,ID,Focus,GDP,0.6236608728517942,4.481676045772076,4.078856827561594
2003-10-01,Indonesia,ID,Focus,GDP,-0.42702558168189986,4.486690364282708,0.7270380120374398
2004-01-01,Indonesia,ID,Focus,GDP,-0.1512291752088588,4.1082244811295965,6.173091022797905
2004-04-01,Indonesia,ID,Focus,GDP,0.09374225907460634,4.289459516443372,6.17885220337655
2004-07-01,Indonesia,ID,Focus,GDP,-0.028245809006160333,4.476904482783439,4.828636692921862
2004-10-01,Indonesia,ID,Focus,GDP,0.9476022418609823,6.626744843031318,9.326399453028955
2005-01-01,Indonesia,ID,Focus,GDP,0.4869594397527042,6.002366961390138,3.6755794962331834
2005-04-01,Indonesia,ID,Focus,GDP,0.39335417490375757,5.765145729738919,5.229967276771674
2005-07-01,Indonesia,ID,Focus,GDP,0.030932614955374825,5.6162993822258755,4.233251302869689
2005-10-01,Indonesia,ID,Focus,GDP,0.0950337638225057,4.787496095233479,6.011186305059368
2006-01-01,Indonesia,ID,Focus,GDP,-0.013986200926713321,5.214580798547885,5.383918309490809
2006-04-01,Indonesia,ID,Focus,GDP,-0.4921019993212733,4.8986793069012435,3.966361310185107
2006-07-01,Indonesia,ID,Focus,GDP,-0.3106441888323899,5.504630729151572,6.657056991871002
2006-10-01,Indonesia,ID,Focus,GDP,-0.026923688510782553,5.779547566194765,7.110853653232141
2007-01-01,Indonesia,ID,Focus,GDP,0.19551799153059188,6.159081068708971,6.902052319547636
2007-04-01,Indonesia,ID,Focus,GDP,0.05481184878699749,6.536809669169941,5.477275712028984
2007-07-01,Indonesia,ID,Focus,GDP,-0.07083993835495928,6.261869758507288,5.557297349220391
2007-10-01,Indonesia,ID,Focus,GDP,-0.40563317251468745,5.667321929379199,4.732662336719784
2008-01-01,Indonesia,ID,Focus,GDP,0.45076546077222196,6.3171363602464226,9.501310043016531
2008-04-01,Indonesia,ID,Focus,GDP,1.3746500669393535,7.3893348195031905,9.766069549056056
2008-07-01,Indonesia,ID,Focus,GDP,1.8364729485172668,7.976185621417642,7.904700556878197
2008-10-01,Indonesia,ID,Focus,GDP,0.4847806259468824,6.951274178060629,0.6330165632917328
2009-01-01,Indonesia,ID,Focus,GDP,-0.5085626397311805,5.088166595573185,2.0488797130667535
2009-04-01,Indonesia,ID,Focus,GDP,-0.6054010873438727,4.0513161978836365,5.618667958297863
2009-07-01,Indonesia,ID,Focus,GDP,-0.19462560088653771,3.983371886592124,7.6329233117121476
2009-10-01,Indonesia,ID,Focus,GDP,-0.17521615095666185,5.3375617268148545,6.049775924182654
2010-01-01,Indonesia,ID,Focus,GDP,-0.4248965974709262,6.0637827171557745,4.953763674430434
2010-04-01,Indonesia,ID,Focus,GDP,-0.105174920172796,6.461443738274042,7.209312042770932
2010-07-01,Indonesia,ID,Focus,GDP,-0.09172437957085527,6.042887326508506,5.958697664650003
2010-10-01,Indonesia,ID,Focus,GDP,0.10743302987030337,6.1985090121986275,6.672262666943141
2011-01-01,Indonesia,ID,Focus,GDP,0.04614659773935579,6.359383812319663,5.597262874914577
2011-04-01,Indonesia,ID,Focus,GDP,0.055177999909719264,6.017459905696398,5.841616416277873
2011-07-01,Indonesia,ID,Focus,GDP,-0.006976634513769769,5.906879607147175,5.51637647045311
2011-10-01,Indonesia,ID,Focus,GDP,0.038248016860902706,5.714303379308561,5.901957755588683
2012-01-01,Indonesia,ID,Focus,GDP,0.2751688703180348,5.970324961996809,6.6213492056675705
2012-04-01,Indonesia,ID,Focus,GDP,0.33273926641369866,5.973218892382093,5.853192137819008
2012-07-01,Indonesia,ID,Focus,GDP,0.18738442577961606,5.841140273399148,4.988061994521331
2012-10-01,Indonesia,ID,Focus,GDP,0.07042365968335136,5.627242581122971,5.046366986483974
2013-01-01,Indonesia,ID,Focus,GDP,0.17008417084613153,5.435957064852559,5.856207140585923
2013-04-01,Indonesia,ID,Focus,GDP,0.27701599537776833,5.429521492780509,5.827449849530808
2013-07-01,Indonesia,ID,Focus,GDP,0.17379611661079084,5.414563022309338,4.928228112636646
2013-10-01,Indonesia,ID,Focus,GDP,0.03274562204862684,5.332523997332217,4.718210886575491
2014-01-01,Indonesia,ID,Focus,GDP,-0.09420523047574438,5.047539547924984,4.716269342956991
2014-04-01,Indonesia,ID,Focus,GDP,-0.1460637524811721,4.830360852649562,4.958735068429121
2014-07-01,Indonesia,ID,Focus,GDP,-0.17183232877574037,4.849651888680029,5.005392256758512
2014-10-01,Indonesia,ID,Focus,GDP,-0.29317992741537036,4.811401520929337,4.565209415572724
2015-01-01,Indonesia,ID,Focus,GDP,-0.39083197152773796,4.782716971130796,4.601531143762827
2015-04-01,Indonesia,ID,Focus,GDP,-0.5187765008931493,4.648176710248464,4.420574024899793
2015-07-01,Indonesia,ID,Focus,GDP,-0.43518404443036557,4.697986401684062,5.204631022500905
2015-10-01,Indonesia,ID,Focus,GDP,-0.2798521995777325,4.913158278099772,5.425896921235562
2016-01-01,Indonesia,ID,Focus,GDP,-0.33352957747903067,4.892645418701846,4.519479706171126
2016-04-01,Indonesia,ID,Focus,GDP,-0.18865826412120448,5.096978374335848,5.237905847435798
2016-07-01,Indonesia,ID,Focus,GDP,-0.1906328993560042,4.937953445117316,4.568531305626777
2016-10-01,Indonesia,ID,Focus,GDP,-0.17229168406753503,4.7217567625470025,4.5611101909543095
2017-01-01,Indonesia,ID,Focus,GDP,0.05661617037439927,4.918767305811045,5.307521879227295
2017-04-01,Indonesia,ID,Focus,GDP,0.31169129413324836,4.936474595794138,5.3087350073681705
2017-07-01,Indonesia,ID,Focus,GDP,0.4899677340139581,5.016997964979808,4.890624782369457
2017-10-01,Indonesia,ID,Focus,GDP,0.4782917864195116,4.880025274955813,4.013219430858328
2018-01-01,Indonesia,ID,Focus,GDP,0.8821059388498635,4.941176964288374,5.552128636557541
2018-04-01,Indonesia,ID,Focus,GDP,1.553983282054092,5.2382608479287995,6.497070541929872
2018-07-01,Indonesia,ID,Focus,GDP,1.806944461046848,5.1886148095576345,4.692040628884797
2018-10-01,Indonesia,ID,Focus,GDP,1.5505743018507343,4.817105096757857,2.527180579659216
2019-01-01,Indonesia,ID,Focus,GDP,2.1351697351770436,4.871536981158542,5.769856174160282
2019-04-01,Indonesia,ID,Focus,GDP,3.0775731265084887,5.019800742483227,7.090125587228613
2019-07-01,Indonesia,ID,Focus,GDP,3.5972973197693334,5.1727927495040404,5.304008656968051
2019-10-01,Indonesia,ID,Focus,GDP,2.8050994125168893,4.537041687271071,-0.01582366927266321
2020-01-01,Indonesia,ID,Focus,GDP,1.7696506738678848,2.8373972782418377,-1.0287214619566498
2020-04-01,Indonesia,ID,Focus,GDP,-5.518877944423835,-5.445552429066325,-26.041673242004038
2020-07-01,Indonesia,ID,Focus,GDP,-2.773615350539979,-3.237418173926443,14.136545677527579
2020-10-01,Indonesia,ID,Focus,GDP,-2.721626180080261,-2.374363458581996,3.436395192105124
2021-01-01,Indonesia,ID,Focus,GDP,-2.2119465509998997,-0.7764192596102504,5.363055333930333
2021-04-01,Indonesia,ID,Focus,GDP,-2.0864417306848924,6.718600410848197,3.9384054398297508
2021-07-01,Indonesia,ID,Focus,GDP,-2.380038233901552,3.780631654942468,2.3846706539046636
2021-10-01,Indonesia,ID,Focus,GDP,-1.4008392375476197,4.822514912741838,7.603928223302603
2022-01-01,Indonesia,ID,Focus,GDP,-0.9846797459794974,4.851576264910307,5.4793007426042095
2022-04-01,Indonesia,ID,Focus,GDP,-0.6629683211085112,5.173222875826866,5.2249918834959885
2022-07-01,Indonesia,ID,Focus,GDP,-0.5225965515143205,5.731207172335573,4.6166078399394905
2022-10-01,Indonesia,ID,Focus,GDP,-0.4620877129721821,4.9317162270973824,4.405964442349841
2023-01-01,Indonesia,ID,Focus,GDP,-0.18909230499366236,4.900702617547026,5.355246304402783
2023-04-01,Indonesia,ID,Focus,GDP,0.023867791919059307,4.895407817386399,5.203812682853481
2023-07-01,Indonesia,ID,Focus,GDP,0.09117258449540741,4.915955456367982,4.698798395865822
2023-10-01,Indonesia,ID,Focus,GDP,0.1055389675340304,4.952867012079665,4.553610665196572
2024-01-01,Indonesia,ID,Focus,GDP,0.34307145928892363,4.989562415011051,5.502027916128327
2024-04-01,Indonesia,ID,Focus,GDP,0.3587271015608601,4.853540266864442,4.659724090267048
2024-07-01,Indonesia,ID,Focus,GDP,0.38034379493335135,4.858610743245961,4.719080301391898
2024-10-01,Indonesia,ID,Focus,GDP,0.41846872931024237,4.923165708081356,4.811830524538152
2025-01-01,Indonesia,ID,Focus,GDP,0.4629927778699715,4.761733817122149,4.856300352291498
2025-04-01,Indonesia,ID,Focus,GDP,0.6458651516819048,4.952245121565113,5.421769308038904
2025-07-01,Indonesia,ID,Focus,GDP,0.646289007673076,4.947077710506065,4.698410657155705
2025-10-01,Indonesia,ID,Focus,GDP,0.963939576134671,5.2365519183659615,5.969727355977739
2000-01-01,Indonesia,ID,Focus,Investment,-5.188755539340742,NA,NA
2000-04-01,Indonesia,ID,Focus,Investment,1.899395384035588,NA,34.21620406500807
2000-07-01,Indonesia,ID,Focus,Investment,2.683546651879291,NA,8.987233554029217
2000-10-01,Indonesia,ID,Focus,Investment,4.645082722062047,NA,13.675577474148781
2001-01-01,Indonesia,ID,Focus,Investment,6.157114946957702,17.183466840797834,11.854852270005267
2001-04-01,Indonesia,ID,Focus,Investment,6.635563995590517,10.556392803297143,7.707907915005308
2001-07-01,Indonesia,ID,Focus,Investment,-3.3922788687834085,-0.26651069184921994,-34.304380426556236
2001-10-01,Indonesia,ID,Focus,Investment,-3.1853447291097132,-2.012983367760768,6.68968677050259
2002-01-01,Indonesia,ID,Focus,Investment,-2.282192350099464,-2.585916914775055,9.563118081948119
2002-04-01,Indonesia,ID,Focus,Investment,-0.6113299914271582,-1.3258558520004016,12.748152166103921
2002-07-01,Indonesia,ID,Focus,Investment,0.9666019431377355,10.377877996067397,12.51055496571496
2002-10-01,Indonesia,ID,Focus,Investment,2.553856886770142,11.880549679336738,12.700373503579954
2003-01-01,Indonesia,ID,Focus,Investment,-6.806703683008755,1.7603842743351805,-30.917543538058112
2003-04-01,Indonesia,ID,Focus,Investment,-6.652387763135572,0.40897387910590055,7.342510585186801
2003-07-01,Indonesia,ID,Focus,Investment,-5.3901335202564695,0.2775847464942416,11.984998435268324
2003-10-01,Indonesia,ID,Focus,Investment,-4.255431654747949,0.02226109756371386,11.679078907857843
2004-01-01,Indonesia,ID,Focus,Investment,-3.0355920188933436,10.80264699746003,12.204000061527154
2004-04-01,Indonesia,ID,Focus,Investment,-1.725414572858832,12.146810072565373,12.71916288560817
2004-07-01,Indonesia,ID,Focus,Investment,3.3034272065113792,16.07793154708368,27.70948433334155
2004-10-01,Indonesia,ID,Focus,Investment,3.6730052292480204,15.444569924067864,9.14563241579458
2005-01-01,Indonesia,ID,Focus,Investment,4.147277617975046,14.794422546525254,9.603410551356717
2005-04-01,Indonesia,ID,Focus,Investment,5.309377831695813,14.706807474777861,12.368702598618597
2005-07-01,Indonesia,ID,Focus,Investment,5.303123028658687,9.70308927859378,7.694611548605224
2005-10-01,Indonesia,ID,Focus,Investment,-1.4947122098244652,2.548241309182586,-19.473759461850193
2006-01-01,Indonesia,ID,Focus,Investment,-1.6578571388368337,1.9160966786543554,7.074832029243794
2006-04-01,Indonesia,ID,Focus,Investment,-1.4379691882442927,0.9801551645576723,8.624936542231865
2006-07-01,Indonesia,ID,Focus,Investment,-1.8491003303118363,0.5872100935739866,6.122831264670481
2006-10-01,Indonesia,ID,Focus,Investment,-2.4616752035966925,6.79050761114155,5.339430608420059
2007-01-01,Indonesia,ID,Focus,Investment,-2.3002736192628053,7.135172386887589,8.453491132227953
2007-04-01,Indonesia,ID,Focus,Investment,-1.485532803421571,7.74759549840347,11.074628988295387
2007-07-01,Indonesia,ID,Focus,Investment,-0.6261302038925408,9.028120833671238,11.244932605741553
2007-10-01,Indonesia,ID,Focus,Investment,1.3070656294577285,11.571244117658708,15.511923744369938
2008-01-01,Indonesia,ID,Focus,Investment,3.3619707685050932,13.445165226011824,15.949175565640417
2008-04-01,Indonesia,ID,Focus,Investment,3.289974383164948,12.519970010384185,7.373848125784832
2008-07-01,Indonesia,ID,Focus,Investment,2.491791595459142,10.806649398986323,4.391650160150107
2008-10-01,Indonesia,ID,Focus,Investment,2.034298252881015,8.34753083953892,5.675449506580321
2009-01-01,Indonesia,ID,Focus,Investment,1.0170661803182757,5.200801836539171,3.3622595536414224
2009-04-01,Indonesia,ID,Focus,Investment,-0.850280146282242,3.3316839678935395,-0.10262334879769242
2009-07-01,Indonesia,ID,Focus,Investment,-1.025065127110557,3.887658417897555,6.615547960166168
2009-10-01,Indonesia,ID,Focus,Investment,-2.3012934055962644,3.01077774305476,2.1679268072091418
2010-01-01,Indonesia,ID,Focus,Investment,-2.198632662806083,4.082537449385626,7.649298378964886
2010-04-01,Indonesia,ID,Focus,Investment,-1.4079495178879238,6.700471708983713,10.369113689594656
2010-07-01,Indonesia,ID,Focus,Investment,-1.6329688518460992,6.614195496446129,6.270443110015833
2010-10-01,Indonesia,ID,Focus,Investment,-1.0635352839786756,8.42353574795851,9.405287813258667
2011-01-01,Indonesia,ID,Focus,Investment,-0.4133432735486985,8.929752657550694,9.674166017333619
2011-04-01,Indonesia,ID,Focus,Investment,-0.49836789713672214,8.003798338842216,6.665296414760746
2011-07-01,Indonesia,ID,Focus,Investment,-0.15960033779007127,8.505582866710526,8.277581221489072
2011-10-01,Indonesia,ID,Focus,Investment,0.5041785567147343,8.523914878110617,9.47861585885903
2012-01-01,Indonesia,ID,Focus,Investment,1.0331037491322863,8.311289515814835,8.823664568150491
2012-04-01,Indonesia,ID,Focus,Investment,1.8670745771781367,9.123226736024392,9.913045295598977
2012-07-01,Indonesia,ID,Focus,Investment,2.2239030107752686,9.01907926300396,7.860991329407341
2012-10-01,Indonesia,ID,Focus,Investment,2.4766026703683472,8.472669537815491,7.292976958105157
2013-01-01,Indonesia,ID,Focus,Investment,1.5126706310455984,6.834877335226253,2.2724957577935356
2013-04-01,Indonesia,ID,Focus,Investment,0.907194051065546,5.245640903283899,3.5560995678295626
2013-07-01,Indonesia,ID,Focus,Investment,0.47861278149520514,4.310638279938317,4.120980836025012
2013-10-01,Indonesia,ID,Focus,Investment,-0.1827643558874846,3.251614897999744,3.056883430350865
2014-01-01,Indonesia,ID,Focus,Investment,-0.14112396300600993,4.120246505540237,5.747022187955508
2014-04-01,Indonesia,ID,Focus,Investment,-0.3179464424632244,4.421662862390718,4.761764995231488
2014-07-01,Indonesia,ID,Focus,Investment,-0.7299693538412094,4.321350256973133,3.7197304143546717
2014-10-01,Indonesia,ID,Focus,Investment,-1.0631391616908745,4.5429513892212725,3.9432879593434222
2015-01-01,Indonesia,ID,Focus,Investment,-0.9104944785185212,4.556756870980294,5.802244114991595
2015-04-01,Indonesia,ID,Focus,Investment,-0.9026997097480752,4.652175087603538,5.143437861724465
2015-07-01,Indonesia,ID,Focus,Investment,-0.8588295232751786,5.024980462379602,5.210951913458928
2015-10-01,Indonesia,ID,Focus,Investment,-0.8346630866793705,5.303086353089981,5.055711522184936
2016-01-01,Indonesia,ID,Focus,Investment,-1.1256390551173112,4.781758240288525,3.716931663785772
2016-04-01,Indonesia,ID,Focus,Investment,-1.4003437044049494,4.420882574334328,3.6999351979076778
2016-07-01,Indonesia,ID,Focus,Investment,-1.5581034714149105,4.137881441641156,4.078947382686238
2016-10-01,Indonesia,ID,Focus,Investment,-1.4092544595824783,4.175560734247341,5.206428692609677
2017-01-01,Indonesia,ID,Focus,Investment,-1.0294291856251854,4.750652372268505,6.017298215870426
2017-04-01,Indonesia,ID,Focus,Investment,-0.22901951843696394,5.717917424695074,7.568995407613954
2017-07-01,Indonesia,ID,Focus,Investment,0.4631804709776064,6.444515050631949,6.98533788643374
2017-10-01,Indonesia,ID,Focus,Investment,1.2322369988860236,6.923206440634999,7.121194252621876
2018-01-01,Indonesia,ID,Focus,Investment,2.000953744792332,7.151049964242873,6.92867231030192
2018-04-01,Indonesia,ID,Focus,Investment,2.4495904232166126,6.61897031034826,5.440676792035504
2018-07-01,Indonesia,ID,Focus,Investment,3.048729712127867,6.328511322734798,5.823501935979891
2018-10-01,Indonesia,ID,Focus,Investment,3.485862397090804,5.7859387967234,4.950904148576285
2019-01-01,Indonesia,ID,Focus,Investment,3.9428377936029553,5.2557555626069785,4.807939373836234
2019-04-01,Indonesia,ID,Focus,Investment,4.175335387205884,4.820247101580222,3.6986429479284766
2019-07-01,Indonesia,ID,Focus,Investment,4.342141693882955,4.175696639361348,3.245300087104397
2019-10-01,Indonesia,ID,Focus,Investment,4.006401707099391,3.2069163621571306,1.0757830397594148
2020-01-01,Indonesia,ID,Focus,Investment,2.504129773194002,1.078037661603659,-3.707575428377652
2020-04-01,Indonesia,ID,Focus,Investment,-7.265249878468842,-9.056903020612594,-36.84111978093654
2020-07-01,Indonesia,ID,Focus,Investment,-4.934534975068539,-6.980097422303544,11.552522480340599
2020-10-01,Indonesia,ID,Focus,Investment,-3.8572460842424245,-5.605968965011954,6.5722968689257755
2021-01-01,Indonesia,ID,Focus,Investment,-2.3229040487037467,-2.5636086211481057,8.46186594707774
2021-04-01,Indonesia,ID,Focus,Investment,-2.0045236065128083,7.56607407863541,3.677611018197524
2021-07-01,Indonesia,ID,Focus,Investment,-2.1464787353600143,5.160015424461051,1.9282878636431633
2021-10-01,Indonesia,ID,Focus,Investment,-1.3418806473243852,4.970425266440515,5.813936236843631
2022-01-01,Indonesia,ID,Focus,Investment,-0.7998914875877216,4.071205331808514,4.8649862085497375
2022-04-01,Indonesia,ID,Focus,Investment,-0.9954176883007543,3.655579059575942,2.0151059292672358
2022-07-01,Indonesia,ID,Focus,Investment,-0.8360214167190587,4.056425276129616,3.53167272985786
2022-10-01,Indonesia,ID,Focus,Investment,-0.7732586876081464,3.4119968859339878,3.236222676061118
2023-01-01,Indonesia,ID,Focus,Investment,-0.7492088565233535,2.9868934215905085,3.1645723511758206
2023-04-01,Indonesia,ID,Focus,Investment,-0.3090207392268934,3.7087446311875993,4.902510767655599
2023-07-01,Indonesia,ID,Focus,Investment,-0.031121362107369103,3.904589463936503,4.315052060853475
2023-10-01,Indonesia,ID,Focus,Investment,0.2105304431966387,4.150357909401592,4.219296457921473
2024-01-01,Indonesia,ID,Focus,Investment,0.7273476481058181,4.698378163530492,5.356653367691422
2024-04-01,Indonesia,ID,Focus,Investment,0.9324364386921681,4.506355965335729,4.134421974876545
2024-07-01,Indonesia,ID,Focus,Investment,1.2329101951519623,4.560205306395915,4.530449425094218
2024-10-01,Indonesia,ID,Focus,Investment,1.1754489071150986,4.281714503709466,3.105333247175679
2025-01-01,Indonesia,ID,Focus,Investment,0.7370755600601839,3.338433086787518,1.5835277000036285
1994-01-01,Japan,JP,Asia-Pacific,Consumption,-1.0726097312965055,NA,NA
1994-04-01,Japan,JP,Asia-Pacific,Consumption,-0.8440428396051827,NA,2.2596352851877555
1994-07-01,Japan,JP,Asia-Pacific,Consumption,-0.4777373684442747,NA,2.807908078737853
1994-10-01,Japan,JP,Asia-Pacific,Consumption,-0.7456806473133131,NA,0.2634399228625739
1995-01-01,Japan,JP,Asia-Pacific,Consumption,-0.24834118454046322,2.16052376140361,3.3111117588262573
1995-04-01,Japan,JP,Asia-Pacific,Consumption,0.2618852458152157,2.4309525206284377,3.3413503220870666
1995-07-01,Japan,JP,Asia-Pacific,Consumption,0.4806033022398157,2.265359623410035,2.1455364898642415
1995-10-01,Japan,JP,Asia-Pacific,Consumption,0.8729975518580093,2.900160795151052,2.8026446098266433
1996-01-01,Japan,JP,Asia-Pacific,Consumption,0.3122123133509399,1.8088116545584398,-1.054284803544192
1996-04-01,Japan,JP,Asia-Pacific,Consumption,1.23429787052974,2.1806127250744822,4.828554604151236
1996-07-01,Japan,JP,Asia-Pacific,Consumption,1.0374269784481707,1.719336914775127,0.3004332486668204
1996-10-01,Japan,JP,Asia-Pacific,Consumption,1.7673630079479037,2.0073755967761286,3.95479933783065
1997-01-01,Japan,JP,Asia-Pacific,Consumption,2.9541590078865534,3.703798085450316,5.731405151152558
1997-04-01,Japan,JP,Asia-Pacific,Consumption,0.11914638133994128,-0.10339493733120264,-10.400217486974839
1997-07-01,Japan,JP,Asia-Pacific,Consumption,9.014718540987729e-4,-0.06942910378562317,0.4362965828491383
1997-10-01,Japan,JP,Asia-Pacific,Consumption,-0.4204677234798376,-1.2562859780537394,-0.792628159241815
1998-01-01,Japan,JP,Asia-Pacific,Consumption,-0.7941284287659941,-2.840159851929158,-0.6040903443491175
1998-04-01,Japan,JP,Asia-Pacific,Consumption,-1.0781631977394273,-0.29880609526173885,-0.23480246030516128
1998-07-01,Japan,JP,Asia-Pacific,Consumption,-0.6125245479854033,0.28856233813030485,2.785770316417313
1998-10-01,Japan,JP,Asia-Pacific,Consumption,-0.9991177058995019,0.33849981358642367,-0.5928782574173397
1999-01-01,Japan,JP,Asia-Pacific,Consumption,-0.8807061069522831,0.8555943173039537,1.4642876705210028
1999-04-01,Japan,JP,Asia-Pacific,Consumption,-1.009520036799852,1.043520658686603,0.5169029052254359
1999-07-01,Japan,JP,Asia-Pacific,Consumption,-0.5945828765138413,1.0309764045238978,2.7355932997664922
1999-10-01,Japan,JP,Asia-Pacific,Consumption,-0.5964267497687881,1.4571459897883443,1.1118000836404462
2000-01-01,Japan,JP,Asia-Pacific,Consumption,-0.28982062272601017,1.687846429585349,2.3870894297090217
2000-04-01,Japan,JP,Asia-Pacific,Consumption,-0.7705157053579598,1.3776310272422876,-0.7239587041468099
2000-07-01,Japan,JP,Asia-Pacific,Consumption,-0.8965926079752188,0.8758860845915706,0.7286135291636242
2000-10-01,Japan,JP,Asia-Pacific,Consumption,0.0196857038533535,1.8294736685174229,4.9261504193438554
2001-01-01,Japan,JP,Asia-Pacific,Consumption,0.2758912411763011,1.8091389089260446,2.3057503913435085
2001-04-01,Japan,JP,Asia-Pacific,Consumption,0.778759725664653,2.8161579604407905,3.304117501912174
2001-07-01,Japan,JP,Asia-Pacific,Consumption,0.3985847253948715,2.5780477943435187,-0.22382713522546283
2001-10-01,Japan,JP,Asia-Pacific,Consumption,-0.08566938517265964,1.186146840702662,-0.6414533952195711
2002-01-01,Japan,JP,Asia-Pacific,Consumption,0.15744577607882793,1.1752520464590077,2.262171214368891
2002-04-01,Japan,JP,Asia-Pacific,Consumption,0.6597978390797279,1.171350048813835,3.2885095113314833
2002-07-01,Japan,JP,Asia-Pacific,Consumption,0.432876044681765,1.3164172210686331,0.3564415537937293
2002-10-01,Japan,JP,Asia-Pacific,Consumption,-0.11481388340578479,1.2407012618194102,-0.9443172322164628
2003-01-01,Japan,JP,Asia-Pacific,Consumption,-0.015606272651021158,1.0811472429029578,1.6239551387030815
2003-04-01,Japan,JP,Asia-Pacific,Consumption,-0.5013224930645096,0.07477573048859654,-0.7369765383259619
2003-07-01,Japan,JP,Asia-Pacific,Consumption,-0.8281277938043088,-0.045466356853651746,-0.1245267955752638
2003-10-01,Japan,JP,Asia-Pacific,Consumption,0.2379847530797766,1.5457978934893646,5.4207397691556025
2004-01-01,Japan,JP,Asia-Pacific,Consumption,-0.04865408554411603,1.1343211568270561,-0.021951807946152258
2004-04-01,Japan,JP,Asia-Pacific,Consumption,-0.22806291967108475,1.4112142732958688,0.3705959275492887
2004-07-01,Japan,JP,Asia-Pacific,Consumption,0.26956584785357146,2.201737514446478,3.0375661690271727
2004-10-01,Japan,JP,Asia-Pacific,Consumption,-0.5037106245785097,0.3233993231916088,-2.092612995863874
2005-01-01,Japan,JP,Asia-Pacific,Consumption,-0.157001892164047,0.9129036484637254,2.336065493142314
2005-04-01,Japan,JP,Asia-Pacific,Consumption,0.25709632170539504,1.4573540882526714,2.548397686705073
2005-07-01,Japan,JP,Asia-Pacific,Consumption,0.998353845471341,1.6463258678523829,3.7934532874260185
2005-10-01,Japan,JP,Asia-Pacific,Consumption,0.8456861011424877,2.206593469412965,0.14845741037845528
2006-01-01,Japan,JP,Asia-Pacific,Consumption,1.009797544131593,1.9583426145754146,1.3430620737921117
2006-04-01,Japan,JP,Asia-Pacific,Consumption,0.7398855690024042,1.204581505280089,-0.4666467504762295
2006-07-01,Japan,JP,Asia-Pacific,Consumption,-0.16814977435312353,-0.5166153033897558,-3.0913339472533607
2006-10-01,Japan,JP,Asia-Pacific,Consumption,1.2333875002857242,0.9657788296902226,6.078033942698369
2007-01-01,Japan,JP,Asia-Pacific,Consumption,1.1926510017857195,0.6907300701239905,0.24286703552718336
2007-04-01,Japan,JP,Asia-Pacific,Consumption,1.6587941964597452,1.359953815185122,2.210248229768297
2007-07-01,Japan,JP,Asia-Pacific,Consumption,0.5972235074223529,1.1448300470316752,-3.951829019867148
2007-10-01,Japan,JP,Asia-Pacific,Consumption,0.7089077067086413,-0.19892052169439012,0.7030316677941073
2008-01-01,Japan,JP,Asia-Pacific,Consumption,1.1308437386528551,0.22047172960313333,1.9204360407172771
2008-04-01,Japan,JP,Asia-Pacific,Consumption,-0.11294296939387592,-1.5195227527797783,-4.74972969976335
2008-07-01,Japan,JP,Asia-Pacific,Consumption,-0.47813347780830673,-0.8374315966161561,-1.223464395212659
2008-10-01,Japan,JP,Asia-Pacific,Consumption,-2.091888171548723,-2.559931438909757,-6.186967701380297
2009-01-01,Japan,JP,Asia-Pacific,Consumption,-2.654741231868387,-3.5237729833742293,-1.9349301371406114
2009-04-01,Japan,JP,Asia-Pacific,Consumption,-1.8624094285129906,-1.4496685026564649,3.546688223107708
2009-07-01,Japan,JP,Asia-Pacific,Consumption,-1.246398209811422,-0.41677845086525167,2.908095811952194
2009-10-01,Japan,JP,Asia-Pacific,Consumption,-0.7300959840820598,1.7742396659457427,2.5771047658636803
2010-01-01,Japan,JP,Asia-Pacific,Consumption,-0.5090346122537054,2.6234785199498845,1.4620252788759558
2010-04-01,Japan,JP,Asia-Pacific,Consumption,0.06733991594801148,2.473150363133314,2.9453755958414263
2010-07-01,Japan,JP,Asia-Pacific,Consumption,1.3759103160891888,3.2289258979943725,5.9311979513964275
2010-10-01,Japan,JP,Asia-Pacific,Consumption,-0.4961832047923015,0.8998223718329257,-6.739309338782107
2011-01-01,Japan,JP,Asia-Pacific,Consumption,-2.3528384707858674,-1.1223986037393274,-6.626858623413057
2011-04-01,Japan,JP,Asia-Pacific,Consumption,-1.8392043125252995,-1.1331660993711523,2.9023056133141267
2011-07-01,Japan,JP,Asia-Pacific,Consumption,-0.5128516804174944,-1.067812388187761,6.192612796129993
2011-10-01,Japan,JP,Asia-Pacific,Consumption,-0.1597653072703022,1.1984673926701106,2.3258097846493797
2012-01-01,Japan,JP,Asia-Pacific,Consumption,0.07160219726302561,3.317867784095796,1.8507429422896848
2012-04-01,Japan,JP,Asia-Pacific,Consumption,-0.025078163824370295,2.7261682073593363,0.535507306368288
2012-07-01,Japan,JP,Asia-Pacific,Consumption,-0.2907578753878304,1.1384629910729416,-0.15820806901558626
2012-10-01,Japan,JP,Asia-Pacific,Consumption,-0.07075042284395652,0.9950320745314656,1.7520861184834757
2013-01-01,Japan,JP,Asia-Pacific,Consumption,1.1927271792401246,2.0018585533527755,5.878048857574925
2013-04-01,Japan,JP,Asia-Pacific,Consumption,1.7599841962719291,2.625383824785743,3.029608392100158
2013-07-01,Japan,JP,Asia-Pacific,Consumption,2.125734428958877,3.201777012341367,2.147364681206909
2013-10-01,Japan,JP,Asia-Pacific,Consumption,1.807258226835299,2.5952514528938764,-0.6740161193064864
2014-01-01,Japan,JP,Asia-Pacific,Consumption,3.6109687220307456,3.0575671027534668,7.727311457013286
2014-04-01,Japan,JP,Asia-Pacific,Consumption,-1.509666179503339,-2.713813832516365,-20.05591534897917
2014-07-01,Japan,JP,Asia-Pacific,Consumption,-0.7247318259574103,-2.3778755358296877,3.4911178679536192
2014-10-01,Japan,JP,Asia-Pacific,Consumption,-0.6142286794451812,-2.0281273843355763,0.7249764866699593
2015-01-01,Japan,JP,Asia-Pacific,Consumption,-0.1948480701441076,-3.4856839472514167,1.8970852053499243
2015-04-01,Japan,JP,Asia-Pacific,Consumption,-0.11878931474867613,1.6442640165500677,0.463876506226768
2015-07-01,Japan,JP,Asia-Pacific,Consumption,0.14553241988289264,1.0614845166792009,1.1599998684701518
2015-10-01,Japan,JP,Asia-Pacific,Consumption,-0.530302661718939,0.216525346098706,-2.65486019565202
2016-01-01,Japan,JP,Asia-Pacific,Consumption,-0.44886208074435563,-0.1769786447319177,0.3230692420274295
2016-04-01,Japan,JP,Asia-Pacific,Consumption,-1.078052544152162,-0.9351713508436887,-2.568894318220316
2016-07-01,Japan,JP,Asia-Pacific,Consumption,-0.6395936939188442,-0.8119525108782,1.6528752283321069
2016-10-01,Japan,JP,Asia-Pacific,Consumption,-0.36290132847298284,0.09048706916381377,0.9548981245160348
2017-01-01,Japan,JP,Asia-Pacific,Consumption,0.2011192614903134,0.5221241129145682,2.049617417030447
2017-04-01,Japan,JP,Asia-Pacific,Consumption,0.8027763867672968,1.6995927570995661,2.1409802585196758
2017-07-01,Japan,JP,Asia-Pacific,Consumption,0.5806676356524256,0.9820355892991017,-1.2173534428697508
2017-10-01,Japan,JP,Asia-Pacific,Consumption,0.9935542061298603,1.0576304813170623,1.257277692587877
2018-01-01,Japan,JP,Asia-Pacific,Consumption,0.9486999911418681,0.38531015551299674,-0.639663886185815
2018-04-01,Japan,JP,Asia-Pacific,Consumption,1.2717600710050432,0.04203270483849053,0.7678704558216509
2018-07-01,Japan,JP,Asia-Pacific,Consumption,1.4912751300253257,0.41981978669234365,0.2937948845456617
2018-10-01,Japan,JP,Asia-Pacific,Consumption,1.505264490223484,-0.039698798698850624,-0.5807966489769001
2019-01-01,Japan,JP,Asia-Pacific,Consumption,1.3504300696775937,-0.20414422032537516,-1.2974455726919132
2019-04-01,Japan,JP,Asia-Pacific,Consumption,1.7377985764992925,-0.18488422559066464,0.844910434760493
2019-07-01,Japan,JP,Asia-Pacific,Consumption,2.828905835494642,0.6545880321059627,3.651683915332171
2019-10-01,Japan,JP,Asia-Pacific,Consumption,-0.449655246778269,-2.6533508825316687,-13.812552307527426
2020-01-01,Japan,JP,Asia-Pacific,Consumption,0.5169428501727598,-1.5259363677319726,3.2122124865068713
2020-04-01,Japan,JP,Asia-Pacific,Consumption,-7.891355043176065,-10.29083312660859,-34.214676600745975
2020-07-01,Japan,JP,Asia-Pacific,Consumption,-2.516510323480915,-5.9486421356140795,21.02044787931021
2020-10-01,Japan,JP,Asia-Pacific,Consumption,-0.569414745992397,-0.6399700325598445,7.422136104689514
2021-01-01,Japan,JP,Asia-Pacific,Consumption,-2.108983647732465,-3.045022536062092,-6.407997527502118
2021-04-01,Japan,JP,Asia-Pacific,Consumption,-1.6389397478270944,5.945995093487966,1.749393917454256
2021-07-01,Japan,JP,Asia-Pacific,Consumption,-2.725498794233809,-0.39935041006131655,-4.360934134886918
2021-10-01,Japan,JP,Asia-Pacific,Consumption,0.2347597644088411,0.7289821046114753,11.935466163380681
2022-01-01,Japan,JP,Asia-Pacific,Consumption,-1.1617278573557501,0.9819424159868362,-5.396156282000675
2022-04-01,Japan,JP,Asia-Pacific,Consumption,0.7659780695155666,2.5402938082180526,7.982799486379122
2022-07-01,Japan,JP,Asia-Pacific,Consumption,0.7391065952026322,3.6881739502955924,0.23058643342324103
2022-10-01,Japan,JP,Asia-Pacific,Consumption,0.8315279472613686,0.8942284629029018,0.7596842138099191
2023-01-01,Japan,JP,Asia-Pacific,Consumption,1.6531723970920964,3.172312725754267,3.7161807694047866
2023-04-01,Japan,JP,Asia-Pacific,Consumption,0.899627179709923,0.5378085477932615,-2.555217225464901
2023-07-01,Japan,JP,Asia-Pacific,Consumption,0.26539253896672255,-0.03351926167738384,-2.0547248044593402
2023-10-01,Japan,JP,Asia-Pacific,Consumption,0.12068379203425232,-0.24274846671730188,-0.07723260634975304
2024-01-01,Japan,JP,Asia-Pacific,Consumption,-0.6448798198717426,-1.8079090224716765,-2.544461453612712
2024-04-01,Japan,JP,Asia-Pacific,Consumption,0.02762861367162288,-0.36382445609035585,3.221121040060382
2024-07-01,Japan,JP,Asia-Pacific,Consumption,0.6192575561179924,0.8764539668352,2.9063888872428834
2024-10-01,Japan,JP,Asia-Pacific,Consumption,0.5744747847353208,0.9870342221041994,0.36508841472624454
2025-01-01,Japan,JP,Asia-Pacific,Consumption,0.5820391675365961,1.767132617852596,0.5759321293808739
1987-01-01,Japan,JP,Asia-Pacific,GDP,-2.83393360865452,NA,NA
1987-04-01,Japan,JP,Asia-Pacific,GDP,-2.3142313141346422,NA,6.885646995800698
1987-07-01,Japan,JP,Asia-Pacific,GDP,-1.7069087422614333,NA,7.229043271192381
1987-10-01,Japan,JP,Asia-Pacific,GDP,-0.3727027577244465,NA,10.1166216755189
1988-01-01,Japan,JP,Asia-Pacific,GDP,-0.02457842429803847,7.591628520774307,6.13520214058525
1988-04-01,Japan,JP,Asia-Pacific,GDP,-0.46931635255716575,6.597364452397869,2.908590722294946
1988-07-01,Japan,JP,Asia-Pacific,GDP,0.20423449062990234,6.617216771953238,7.3084525494138575
1988-10-01,Japan,JP,Asia-Pacific,GDP,0.16285905329158426,5.177098850735362,4.3561499906473955
1989-01-01,Japan,JP,Asia-Pacific,GDP,1.4026183635389589,5.985622803727253,9.369297952552813
1989-04-01,Japan,JP,Asia-Pacific,GDP,-0.8632783432768049,4.062699226084376,-4.7831035882765605
1989-07-01,Japan,JP,Asia-Pacific,GDP,-0.35512224806110054,3.777698650991468,6.168450249042223
1989-10-01,Japan,JP,Asia-Pacific,GDP,1.3415275780802056,5.378843580291814,10.760729707848782
1990-01-01,Japan,JP,Asia-Pacific,GDP,-0.14768361156115503,2.4959351621820502,-2.1623357198862436
1990-04-01,Japan,JP,Asia-Pacific,GDP,1.3699783237101395,6.1094518928502595,9.670963334396276
1990-07-01,Japan,JP,Asia-Pacific,GDP,2.5311112038172228,6.5762674252344056,8.035712378578808
1990-10-01,Japan,JP,Asia-Pacific,GDP,1.6747252774732164,3.8223315166799665,-0.25501392636897435
1991-01-01,Japan,JP,Asia-Pacific,GDP,2.0092171216484593,5.433579824299173,4.282657510590582
1991-04-01,Japan,JP,Asia-Pacific,GDP,2.1951568749860493,3.881240928035723,3.461607749342477
1991-07-01,Japan,JP,Asia-Pacific,GDP,1.5670376297368012,1.8679507451714983,-0.0174483528780911
1991-10-01,Japan,JP,Asia-Pacific,GDP,1.7583034260298427,2.69339944867113,3.046780887629552
1992-01-01,Japan,JP,Asia-Pacific,GDP,1.0859520874331556,1.4708421206972133,-0.6075718013050846
1992-04-01,Japan,JP,Asia-Pacific,GDP,0.9148239896348067,0.9092550702025193,1.2152595473637007
1992-07-01,Japan,JP,Asia-Pacific,GDP,0.8582850785214535,1.2916401820842083,1.512092094648665
1992-10-01,Japan,JP,Asia-Pacific,GDP,-0.1549598035749519,-0.08341291824685015,-2.4534315136946816
1993-01-01,Japan,JP,Asia-Pacific,GDP,-0.021459320662681886,0.5734351344965916,2.0198204096686823
1993-04-01,Japan,JP,Asia-Pacific,GDP,-1.2172351189562465,-0.5769876182430522,-3.3864314635948745
1993-07-01,Japan,JP,Asia-Pacific,GDP,-2.008744575739312,-1.4135065684211412,-1.833983706063691
1993-10-01,Japan,JP,Asia-Pacific,GDP,-1.9451093045701042,-0.41428277765582777,1.543463649366572
1994-01-01,Japan,JP,Asia-Pacific,GDP,-1.100403295059006,0.24103192918900618,4.641079237048018
1994-04-01,Japan,JP,Asia-Pacific,GDP,-2.1829737294561165,0.3168666733778025,-3.083092486839689
1994-07-01,Japan,JP,Asia-Pacific,GDP,-1.4921169786737816,1.7764627785979314,4.004400714816825
1994-10-01,Japan,JP,Asia-Pacific,GDP,-2.175463193506803,1.0167884382973114,-1.4952337118359083
1995-01-01,Japan,JP,Asia-Pacific,GDP,-1.5203869584872722,0.8203426804868741,3.855296205806269
1995-04-01,Japan,JP,Asia-Pacific,GDP,-0.923411298552083,2.4946053142318902,3.6139580481403755
1995-07-01,Japan,JP,Asia-Pacific,GDP,-0.08152817482928124,2.637273911279081,4.575075103005588
1995-10-01,Japan,JP,Asia-Pacific,GDP,-0.12589280319857954,3.2610037950252746,0.9996858231488659
1996-01-01,Japan,JP,Asia-Pacific,GDP,0.5200183962107696,3.22675513635744,3.71830157113493
1996-04-01,Japan,JP,Asia-Pacific,GDP,1.3228729914211736,3.396061516212967,4.291183567562484
1996-07-01,Japan,JP,Asia-Pacific,GDP,1.2513307574894132,2.4341929121014516,0.7276006865595264
1996-10-01,Japan,JP,Asia-Pacific,GDP,2.082606027514759,3.2505410420078817,4.265078342774586
1997-01-01,Japan,JP,Asia-Pacific,GDP,2.523608379398786,2.977347109801798,2.6255258423105943
1997-04-01,Japan,JP,Asia-Pacific,GDP,1.6220065202418328,1.1988477721690316,-2.8228137829685807
1997-07-01,Japan,JP,Asia-Pacific,GDP,1.6001546117029413,1.1732251770592228,0.6251103061202912
1997-10-01,Japan,JP,Asia-Pacific,GDP,1.424894594973824,0.09478165236771474,-0.04869575599144582
1998-01-01,Japan,JP,Asia-Pacific,GDP,-0.3218310551726509,-2.156557170322415,-6.379829448449925
1998-04-01,Japan,JP,Asia-Pacific,GDP,-1.021249833390622,-2.0052058276991858,-2.2174084124756632
1998-07-01,Japan,JP,Asia-Pacific,GDP,-1.032639874890451,-2.030093351212159,0.5255602120683989
1998-10-01,Japan,JP,Asia-Pacific,GDP,-0.3178396380185632,-1.1588489102006605,3.4362820080545475
1999-01-01,Japan,JP,Asia-Pacific,GDP,-1.9379545938018696,-1.0351147168197627,-5.884892674926334
1999-04-01,Japan,JP,Asia-Pacific,GDP,-1.5903275351529023,0.023310455421210463,2.0162922764882296
1999-07-01,Japan,JP,Asia-Pacific,GDP,-1.2019078997133819,0.44606175162833495,2.216565396896897
1999-10-01,Japan,JP,Asia-Pacific,GDP,-1.4375228706161236,-0.4728987790109329,-0.2395601145025239
2000-01-01,Japan,JP,Asia-Pacific,GDP,0.23892857608953005,2.8604803399392864,7.448623800874543
2000-04-01,Japan,JP,Asia-Pacific,GDP,0.6531808365351898,2.965421476961083,2.4360568245754166
2000-07-01,Japan,JP,Asia-Pacific,GDP,0.40527051314897267,2.3664164035434254,-0.17945489677373416
2000-10-01,Japan,JP,Asia-Pacific,GDP,1.2253072293348568,3.457309850374557,4.124013672822002
2001-01-01,Japan,JP,Asia-Pacific,GDP,1.5894096808767424,2.178031899947186,2.331511999165059
2001-04-01,Japan,JP,Asia-Pacific,GDP,0.6006875734844755,0.8075345413114832,-3.0459326099673945
2001-07-01,Japan,JP,Asia-Pacific,GDP,-0.8207646922500947,-0.3317036972063647,-4.736407850845126
2001-10-01,Japan,JP,Asia-Pacific,GDP,-1.2888615248298536,-1.5813189256402183,-0.8744472409134119
2002-01-01,Japan,JP,Asia-Pacific,GDP,-1.298876283308075,-1.9110815489575828,1.012461505895601
2002-04-01,Japan,JP,Asia-Pacific,GDP,-0.8612088379621489,-0.43445084874740303,2.8605901908733244
2002-07-01,Japan,JP,Asia-Pacific,GDP,-0.8456165237357045,1.056966555125527,1.2292617646465942
2002-10-01,Japan,JP,Asia-Pacific,GDP,-0.9175830976100218,1.5089327445963363,0.9334175169698256
2003-01-01,Japan,JP,Asia-Pacific,GDP,-1.3505095718065272,1.1406359645157238,-0.460725614426849
2003-04-01,Japan,JP,Asia-Pacific,GDP,-0.8572599549174517,1.247160023604721,3.286686427229313
2003-07-01,Japan,JP,Asia-Pacific,GDP,-0.903902986709077,1.2297091932712334,1.1594584433126442
2003-10-01,Japan,JP,Asia-Pacific,GDP,-0.2391174712919911,2.0026065706684193,4.025007026558569
2004-01-01,Japan,JP,Asia-Pacific,GDP,0.27072896177583694,2.9703672537028325,3.410317117710804
2004-04-01,Japan,JP,Asia-Pacific,GDP,-0.1432181929352026,2.0749065017966473,-0.29515658039542814
2004-07-01,Japan,JP,Asia-Pacific,GDP,0.07557985695060346,2.3377508774348854,2.210835945865597
2004-10-01,Japan,JP,Asia-Pacific,GDP,-0.6300437221748966,0.9497776575642547,-1.5268858529239537
2005-01-01,Japan,JP,Asia-Pacific,GDP,-0.3230710306685158,0.7143498546074767,2.4686059058836918
2005-04-01,Japan,JP,Asia-Pacific,GDP,0.34086581179735426,1.7444230086365309,3.8251360357207886
2005-07-01,Japan,JP,Asia-Pacific,GDP,0.9676194148882257,2.088672966260674,3.5878357763621693
2005-10-01,Japan,JP,Asia-Pacific,GDP,1.004972076970442,2.7517134412768485,1.1252760471407441
2006-01-01,Japan,JP,Asia-Pacific,GDP,0.8686828888237932,2.2125077313678077,0.3117830662475285
2006-04-01,Japan,JP,Asia-Pacific,GDP,0.9631794252800123,1.532359522458293,1.1045432000827304
2006-07-01,Japan,JP,Asia-Pacific,GDP,0.8016915379252445,0.6206348940892781,-0.05906273711389076
2006-10-01,Japan,JP,Asia-Pacific,GDP,2.027905458856869,1.675615563620525,5.345198725265732
2007-01-01,Japan,JP,Asia-Pacific,GDP,2.6725118499221905,2.3145071808251316,2.867349535065955
2007-04-01,Japan,JP,Asia-Pacific,GDP,2.7922788623340606,2.192563734153552,0.6167694133964119
2007-07-01,Japan,JP,Asia-Pacific,GDP,2.133742823552708,1.5471325046497952,-2.6407876551289178
2007-10-01,Japan,JP,Asia-Pacific,GDP,2.736115037432511,0.7789225563890056,2.2723589322225735
2008-01-01,Japan,JP,Asia-Pacific,GDP,3.0079296742666854,0.27179392218883436,0.8388349982652699
2008-04-01,Japan,JP,Asia-Pacific,GDP,2.60978919721951,-0.3639599306410446,-1.926245997923104
2008-07-01,Japan,JP,Asia-Pacific,GDP,1.585363318644369,-0.8245368257089325,-4.483095235400469
2008-10-01,Japan,JP,Asia-Pacific,GDP,-0.7151645561144244,-3.7924099260671085,-9.59913346921013
2009-01-01,Japan,JP,Asia-Pacific,GDP,-5.160480197231587,-8.538587173916312,-18.145873993131545
2009-04-01,Japan,JP,Asia-Pacific,GDP,-3.9745924538359385,-6.943624933028403,4.453602965628534
2009-07-01,Japan,JP,Asia-Pacific,GDP,-4.5828264376838925,-6.477568335161621,-2.618868843933342
2009-10-01,Japan,JP,Asia-Pacific,GDP,-2.971840157948956,-2.4824243410140667,6.381442507380086
2010-01-01,Japan,JP,Asia-Pacific,GDP,-1.7572321354435063,3.2858736339985484,4.9273179069189155
2010-04-01,Japan,JP,Asia-Pacific,GDP,-0.4368535799177415,3.5430521422256334,5.482316998536874
2010-07-01,Japan,JP,Asia-Pacific,GDP,1.1869607263163047,5.9037974561210405,6.8241124116482865
2010-10-01,Japan,JP,Asia-Pacific,GDP,0.21441996109050793,3.4488837924957494,-3.438212147121078
2011-01-01,Japan,JP,Asia-Pacific,GDP,-1.375238276920066,0.7706604176203058,-5.785575592582859
2011-04-01,Japan,JP,Asia-Pacific,GDP,-2.1883790845191475,-1.2398819962012197,-2.5598526567492286
2011-07-01,Japan,JP,Asia-Pacific,GDP,-0.02808541695417232,-0.5837483163851687,9.44864713091249
2011-10-01,Japan,JP,Asia-Pacific,GDP,-0.21815881767472955,0.3136993378657138,0.15157846988245183
2012-01-01,Japan,JP,Asia-Pacific,GDP,1.0371652467588846,3.2668770995552876,6.027135454175436
2012-04-01,Japan,JP,Asia-Pacific,GDP,-0.1642533663101303,2.977628759332873,-3.7168460176388862
2012-07-01,Japan,JP,Asia-Pacific,GDP,-0.8540388172961072,0.2165397007363623,-1.5957091034735527
2012-10-01,Japan,JP,Asia-Pacific,GDP,-1.21323406083207,0.1267601798609519,-0.20753961361918982
2013-01-01,Japan,JP,Asia-Pacific,GDP,-0.2683329602753753,-0.11409275368698957,5.06372371998367
2013-04-01,Japan,JP,Asia-Pacific,GDP,0.42390296241802794,1.838613045169879,4.093977177788588
2013-07-01,Japan,JP,Asia-Pacific,GDP,1.0284141861032945,3.1798798036980713,3.7693579306392166
2013-10-01,Japan,JP,Asia-Pacific,GDP,0.5493861088755634,3.09374106032827,-0.5520945870983951
2014-01-01,Japan,JP,Asia-Pacific,GDP,1.2451575257365395,2.865011192249156,4.148804247667215
2014-04-01,Japan,JP,Asia-Pacific,GDP,-0.5411026396136266,0.39470400155252605,-5.787251584997932
2014-07-01,Japan,JP,Asia-Pacific,GDP,-0.6834021761839819,-0.35409949163636156,0.7741439578836662
2014-10-01,Japan,JP,Asia-Pacific,GDP,-0.4347097796382417,0.36287277841182686,2.3157944930943586
2015-01-01,Japan,JP,Asia-Pacific,GDP,0.8368727879954925,0.9195365289290436,6.375459249736082
2015-04-01,Japan,JP,Asia-Pacific,GDP,0.5882753682647521,2.4293938920941116,0.25217786766233985
2015-07-01,Japan,JP,Asia-Pacific,GDP,0.43504214631804283,2.3814828784349373,0.5824999032469691
2015-10-01,Japan,JP,Asia-Pacific,GDP,-0.03993985102240978,1.611851108062723,-0.7627325883944991
2016-01-01,Japan,JP,Asia-Pacific,GDP,0.5534279548425648,0.8795898469315944,3.4464142052115676
2016-04-01,Japan,JP,Asia-Pacific,GDP,-0.03663918832781665,0.47712215778545897,-1.3576928889222017
2016-07-01,Japan,JP,Asia-Pacific,GDP,-0.04501468647965558,0.5549909530412123,0.8939750842699823
2016-10-01,Japan,JP,Asia-Pacific,GDP,-0.24032391849144497,0.7622537589117684,0.0663186350877254
2017-01-01,Japan,JP,Asia-Pacific,GDP,0.29082575506575276,0.622474532620032,2.8872973000446223
2017-04-01,Japan,JP,Asia-Pacific,GDP,0.4485275773872567,1.2876759259530246,1.3031126844097685
2017-07-01,Japan,JP,Asia-Pacific,GDP,1.4332558843460457,2.1931862107059885,4.516016223281838
2017-10-01,Japan,JP,Asia-Pacific,GDP,1.4713050830866174,2.334208932106563,0.6304095206900229
2018-01-01,Japan,JP,Asia-Pacific,GDP,1.2177938337949636,1.4536777892232067,-0.6348272714888026
2018-04-01,Japan,JP,Asia-Pacific,GDP,1.7809208515810748,1.7619757004080583,2.536304329149175
2018-07-01,Japan,JP,Asia-Pacific,GDP,1.237642269941862,0.1384412647716715,-1.9781215192637092
2018-10-01,Japan,JP,Asia-Pacific,GDP,1.2801970515308874,0.05270858510613152,0.2874788020278629
2019-01-01,Japan,JP,Asia-Pacific,GDP,1.391441789984349,0.33608288363566885,0.49866992262934673
2019-04-01,Japan,JP,Asia-Pacific,GDP,1.7878621451592487,0.10029895136156597,1.5931686000527634
2019-07-01,Japan,JP,Asia-Pacific,GDP,1.8349424388382913,0.6374413527964862,0.17044808647597165
2019-10-01,Japan,JP,Asia-Pacific,GDP,-1.0776589179409182,-2.351509749140135,-11.668325605718621
2020-01-01,Japan,JP,Asia-Pacific,GDP,-0.696548177288015,-2.092083173053183,1.5363762269771541
2020-04-01,Japan,JP,Asia-Pacific,GDP,-8.206647563113586,-9.983226435550208,-29.971404449935335
2020-07-01,Japan,JP,Asia-Pacific,GDP,-3.3909510259439104,-5.172262435509722,19.414304086637912
2020-10-01,Japan,JP,Asia-Pacific,GDP,-1.7918541930438472,-0.5963364063713783,6.635378510834755
2021-01-01,Japan,JP,Asia-Pacific,GDP,-0.8000312916553713,0.09212629817980655,4.290227045181894
2021-04-01,Japan,JP,Asia-Pacific,GDP,-0.17225799491215904,8.312468478321122,2.909964270629928
2021-07-01,Japan,JP,Asia-Pacific,GDP,-0.45924256652261647,3.2881073933243243,-0.6831402533492792
2021-10-01,Japan,JP,Asia-Pacific,GDP,0.6080325893540102,2.8266093322290686,4.789386266453732
2022-01-01,Japan,JP,Asia-Pacific,GDP,0.11581854123656334,1.4028849745173488,-1.4046703856649856
2022-04-01,Japan,JP,Asia-Pacific,GDP,0.930700895047117,1.6397809122050688,3.8575480213808078
2022-07-01,Japan,JP,Asia-Pacific,GDP,0.3810333000123418,1.4164167773330405,-1.5765967928373925
2022-10-01,Japan,JP,Asia-Pacific,GDP,0.6783481347887055,0.6760544211289243,1.8279368416372677
2023-01-01,Japan,JP,Asia-Pacific,GDP,1.2724119040373216,1.7834815205635124,3.0250380120733666
2023-04-01,Japan,JP,Asia-Pacific,GDP,1.3056486048932137,1.0158526548941893,0.7870325587035154
2023-07-01,Japan,JP,Asia-Pacific,GDP,-0.27264868827154576,-0.0038536918374632023,-5.6554221797640025
2023-10-01,Japan,JP,Asia-Pacific,GDP,0.0800091447783805,0.057592623162250334,2.073722101636122
2024-01-01,Japan,JP,Asia-Pacific,GDP,-0.6284775185151533,-1.239809677353776,-2.1645711899907383
2024-04-01,Japan,JP,Asia-Pacific,GDP,-0.6159227656120584,-1.254807789877077,0.7270401086103107
2024-07-01,Japan,JP,Asia-Pacific,GDP,-0.13525905936283933,0.8106755805840749,2.606511302080605
2024-10-01,Japan,JP,Asia-Pacific,GDP,0.15282469972976057,0.7525642633993357,1.8412768328971651
2025-01-01,Japan,JP,Asia-Pacific,GDP,0.24731562406001179,1.5611327121469287,1.0697026049996339
2025-04-01,Japan,JP,Asia-Pacific,GDP,0.6719670759668098,1.9771816049733104,2.3912356799158374
2025-07-01,Japan,JP,Asia-Pacific,GDP,-0.1548910179009115,0.671753930439678,-2.6151993960539244
2025-10-01,Japan,JP,Asia-Pacific,GDP,-0.0019330653864245313,0.5374497114182475,1.304059956811443
1994-01-01,Japan,JP,Asia-Pacific,Investment,-2.9210732649447984,NA,NA
1994-04-01,Japan,JP,Asia-Pacific,Investment,-2.1194531724163657,NA,4.921466587956047
1994-07-01,Japan,JP,Asia-Pacific,Investment,-2.134924270284079,NA,1.6457991432091035
1994-10-01,Japan,JP,Asia-Pacific,Investment,-3.0821647993046692,NA,-2.1011825806581896
1995-01-01,Japan,JP,Asia-Pacific,Investment,-4.141214552902213,0.4699552613789848,-2.5862621049910217
1995-04-01,Japan,JP,Asia-Pacific,Investment,-2.011056129359607,1.7663595990843106,10.10708393877735
1995-07-01,Japan,JP,Asia-Pacific,Investment,0.2970267341238439,4.034734302931753,10.719297958598872
1995-10-01,Japan,JP,Asia-Pacific,Investment,1.350660473208292,5.950278199493297,5.560993005587989
1996-01-01,Japan,JP,Asia-Pacific,Investment,3.160160943650181,8.697761057482367,8.403669326965257
1996-04-01,Japan,JP,Asia-Pacific,Investment,5.095193645074623,8.34301561013504,8.688102149388044
1996-07-01,Japan,JP,Asia-Pacific,Investment,5.042188256966038,5.785503269148506,0.48924859465273585
1996-10-01,Japan,JP,Asia-Pacific,Investment,4.625719539715269,4.088361760376102,-1.2275730295016274
1997-01-01,Japan,JP,Asia-Pacific,Investment,4.048496099068946,1.4531389608823275,-2.1372218710098423
1997-04-01,Japan,JP,Asia-Pacific,Investment,2.376605698660439,-2.4125408263337533,-6.7746169994762795
1997-07-01,Japan,JP,Asia-Pacific,Investment,1.9446007418828966,-3.048797628900246,-2.055778615613235
1997-10-01,Japan,JP,Asia-Pacific,Investment,1.2221288628358387,-3.6005004421120645,-3.4343842823489013
1998-01-01,Japan,JP,Asia-Pacific,Investment,-1.495304318098129,-5.966730112533725,-11.602140552696483
1998-04-01,Japan,JP,Asia-Pacific,Investment,-2.376105728384764,-5.375986436637703,-4.411642295892193
1998-07-01,Japan,JP,Asia-Pacific,Investment,-1.6893964177822636,-4.4294128482096795,1.730515738098859
1998-10-01,Japan,JP,Asia-Pacific,Investment,-0.4696974750474604,-2.631618495382071,3.756793128961533
1999-01-01,Japan,JP,Asia-Pacific,Investment,-1.7644561509518,-1.3282679228098004,-6.388738262407401
1999-04-01,Japan,JP,Asia-Pacific,Investment,-0.4970863253312926,0.7218628521748371,3.7888808040463573
1999-07-01,Japan,JP,Asia-Pacific,Investment,-1.2267662796322998,-0.7752206869739098,-4.257818418496129
1999-10-01,Japan,JP,Asia-Pacific,Investment,-1.1240654845460618,-1.9583298199211896,-0.9756434028275862
2000-01-01,Japan,JP,Asia-Pacific,Investment,-0.11624942120913194,0.2902434690735589,2.6055548935715933
2000-04-01,Japan,JP,Asia-Pacific,Investment,-0.3203031407594142,-1.225954725191869,-2.2759119730153543
2000-07-01,Japan,JP,Asia-Pacific,Investment,1.1392525788456316,0.9258804960772693,4.349522466580424
2000-10-01,Japan,JP,Asia-Pacific,Investment,2.7527872655667065,2.404946016329035,4.940618678179476
2001-01-01,Japan,JP,Asia-Pacific,Investment,4.663616890696038,3.281559934574929,6.1120105665551705
2001-04-01,Japan,JP,Asia-Pacific,Investment,0.9606385717530315,-0.2362359009762116,-16.347095315219917
2001-07-01,Japan,JP,Asia-Pacific,Investment,0.17416180973664572,-2.4884641153715137,-4.659390391000784
2001-10-01,Japan,JP,Asia-Pacific,Investment,-2.3200380453250196,-6.583771201976774,-11.440609668241564
2002-01-01,Japan,JP,Asia-Pacific,Investment,-2.2968329508374614,-8.43500058665363,-1.2929069721522524
2002-04-01,Japan,JP,Asia-Pacific,Investment,-3.4500214820655435,-5.822673975169579,-5.8977888692837155
2002-07-01,Japan,JP,Asia-Pacific,Investment,-2.364028970566999,-3.8637024942154596,3.176495532815693
2002-10-01,Japan,JP,Asia-Pacific,Investment,-2.6627261921093655,-1.5626652262547225,-2.236460596398615
2003-01-01,Japan,JP,Asia-Pacific,Investment,-3.1427355974487927,-1.9478319905434915,-2.8335740293073286
2003-04-01,Japan,JP,Asia-Pacific,Investment,-1.8673624393705444,0.6045570294006097,4.31176721049269
2003-07-01,Japan,JP,Asia-Pacific,Investment,-2.9744481713529476,-1.466176483494408,-5.106438518764378
2003-10-01,Japan,JP,Asia-Pacific,Investment,-1.282667219582893,0.6388907871023974,6.183808485988607
2004-01-01,Japan,JP,Asia-Pacific,Investment,-2.1469223017039347,0.35482402905344657,-3.969841061503132
2004-04-01,Japan,JP,Asia-Pacific,Investment,-2.0268839609912725,-0.7205340565235474,0.010334868184713741
2004-07-01,Japan,JP,Asia-Pacific,Investment,-1.5419287656338052,0.9261117905783323,1.4801448696431407
2004-10-01,Japan,JP,Asia-Pacific,Investment,-0.35214893768834543,0.4480744484556709,4.271659117497961
2005-01-01,Japan,JP,Asia-Pacific,Investment,0.5549584937288021,2.208385604230756,3.071403561597208
2005-04-01,Japan,JP,Asia-Pacific,Investment,1.3590018479204669,2.8425316930029254,2.5469192232733917
2005-07-01,Japan,JP,Asia-Pacific,Investment,3.603794594976232,4.511599001068944,8.156414101907217
2005-10-01,Japan,JP,Asia-Pacific,Investment,2.615062719103587,2.2014181613421613,-4.969064241409171
2006-01-01,Japan,JP,Asia-Pacific,Investment,3.007332938396532,1.5172414247821564,0.3346966153571884
2006-04-01,Japan,JP,Asia-Pacific,Investment,3.57040549760974,1.0743437278755152,0.7753284356468271
2006-07-01,Japan,JP,Asia-Pacific,Investment,3.086517026335712,-1.8822360248119452,-3.669904908842625
2006-10-01,Japan,JP,Asia-Pacific,Investment,5.004637233580727,0.7787437638622663,5.674854913287675
2007-01-01,Japan,JP,Asia-Pacific,Investment,5.382982182791859,0.5086470131146825,-0.7456903876331467
2007-04-01,Japan,JP,Asia-Pacific,Investment,4.554405937792155,-1.1403044000513063,-5.820477217017128
2007-07-01,Japan,JP,Asia-Pacific,Investment,2.7596402262881816,-2.6989625388090133,-9.904537463873453
2007-10-01,Japan,JP,Asia-Pacific,Investment,2.062054546385444,-5.541659775071395,-5.695934031761851
2008-01-01,Japan,JP,Asia-Pacific,Investment,3.2838934677344973,-4.893304061647186,1.8477324660636896
2008-04-01,Japan,JP,Asia-Pacific,Investment,2.943745570960395,-4.558936454926155,-4.483006790133004
2008-07-01,Japan,JP,Asia-Pacific,Investment,3.0022979687444744,-2.8106890735720924,-2.911547938457204
2008-10-01,Japan,JP,Asia-Pacific,Investment,1.4652380597702033,-3.699338183374934,-9.250530470973217
2009-01-01,Japan,JP,Asia-Pacific,Investment,-2.668293991820291,-9.04093069512193,-19.518637580924292
2009-04-01,Japan,JP,Asia-Pacific,Investment,-3.924842582712952,-9.873915101707098,-7.814944416473679
2009-07-01,Japan,JP,Asia-Pacific,Investment,-6.442902208442913,-12.294508644092161,-12.593922107997457
2009-10-01,Japan,JP,Asia-Pacific,Investment,-6.585387334968051,-10.672641687259699,-2.763062643643366
2010-01-01,Japan,JP,Asia-Pacific,Investment,-4.900727937027609,-4.5631161205431425,4.919464685941932
2010-04-01,Japan,JP,Asia-Pacific,Investment,-4.943760492364738,-3.006487416323367,-1.5884295995945763
2010-07-01,Japan,JP,Asia-Pacific,Investment,-4.02301445452391,0.8135508048507489,2.6862307766990057
2010-10-01,Japan,JP,Asia-Pacific,Investment,-3.9423006496342587,1.4418066965749432,-0.25003907674658876
2011-01-01,Japan,JP,Asia-Pacific,Investment,-2.306050250642875,1.8094960042546404,6.390221916660721
2011-04-01,Japan,JP,Asia-Pacific,Investment,-3.233843281482667,1.3407440544916938,-3.463437398646363
2011-07-01,Japan,JP,Asia-Pacific,Investment,-1.920433484115299,2.1398171052144477,5.882522979590021
2011-10-01,Japan,JP,Asia-Pacific,Investment,-0.635203028007212,3.732703057687914,6.121504733147276
2012-01-01,Japan,JP,Asia-Pacific,Investment,0.01699533626130234,3.111853691987676,3.9068244538597696
2012-04-01,Japan,JP,Asia-Pacific,Investment,0.18033668071166728,4.5359643977903374,2.2330054245642827
2012-07-01,Japan,JP,Asia-Pacific,Investment,-0.9028696472483839,2.438490461679521,-2.507372764853244
2012-10-01,Japan,JP,Asia-Pacific,Investment,-1.595478917261377,0.7244848431696482,-0.7345177408922154
2013-01-01,Japan,JP,Asia-Pacific,Investment,-1.7215902976416235,0.17386316161527304,1.7043377276422689
2013-04-01,Japan,JP,Asia-Pacific,Investment,0.7306556573592814,2.6528716554011567,12.149039399707817
2013-07-01,Japan,JP,Asia-Pacific,Investment,2.732391320358752,5.887808598373567,10.432375007036399
2013-10-01,Japan,JP,Asia-Pacific,Investment,3.488177061280479,7.443908828095758,5.489883177996546
2014-01-01,Japan,JP,Asia-Pacific,Investment,4.213424214786637,8.36077408364595,5.3717987498430375
2014-04-01,Japan,JP,Asia-Pacific,Investment,0.1786485881170906,1.900329247603949,-13.692739944460186
2014-07-01,Japan,JP,Asia-Pacific,Investment,-0.25566670067582453,-0.541097029436699,0.6666698988738062
2014-10-01,Japan,JP,Asia-Pacific,Investment,-0.20280526100360882,-1.2747158260708602,2.5554079914599015
2015-01-01,Japan,JP,Asia-Pacific,Investment,1.7957774757924525,-0.052628543824795315,10.260147878827297
2015-04-01,Japan,JP,Asia-Pacific,Investment,0.48424873141050817,2.6012747322855745,-3.077126840018707
2015-07-01,Japan,JP,Asia-Pacific,Investment,0.9285804817072991,3.393430331378511,3.8352922952455515
2015-10-01,Japan,JP,Asia-Pacific,Investment,0.8199154079478743,3.129403015534038,1.4992987280820103
2016-01-01,Japan,JP,Asia-Pacific,Investment,0.5524344684100859,0.7467078002637351,0.7293670177460854
2016-04-01,Japan,JP,Asia-Pacific,Investment,0.09955034055893382,1.4771079676449972,-0.15552617049365836
2016-07-01,Japan,JP,Asia-Pacific,Investment,0.2914385748243112,1.0865478291819386,2.273051741393317
2016-10-01,Japan,JP,Asia-Pacific,Investment,0.5487251797620801,1.3060110126019708,2.377151461762139
2017-01-01,Japan,JP,Asia-Pacific,Investment,0.5145254683158567,1.3855339593156657,1.0474588046008648
2017-04-01,Japan,JP,Asia-Pacific,Investment,1.1539404635010648,2.3177376077256895,3.573288423146437
2017-07-01,Japan,JP,Asia-Pacific,Investment,0.9493019580232229,1.7556870998348018,0.024849709829766198
2017-10-01,Japan,JP,Asia-Pacific,Investment,0.7884025214796413,1.1681168902384798,0.0268706233768512
2018-01-01,Japan,JP,Asia-Pacific,Investment,1.1380415470983556,1.3806901173897046,1.8977517132057642
2018-04-01,Japan,JP,Asia-Pacific,Investment,1.8010113922469884,1.2332269721476052,2.9834358421780394
2018-07-01,Japan,JP,Asia-Pacific,Investment,-0.2715338831878362,-0.8029317242502998,-8.119785075761854
2018-10-01,Japan,JP,Asia-Pacific,Investment,1.0418560439983804,0.5087947551899674,5.27377654113792
2019-01-01,Japan,JP,Asia-Pacific,Investment,1.9414832791526861,0.9040690735734103,3.4788489867395356
2019-04-01,Japan,JP,Asia-Pacific,Investment,2.135918027956433,0.2909874386514133,0.5311093024900515
2019-07-01,Japan,JP,Asia-Pacific,Investment,3.5480991217020983,3.64415513234988,5.292885699032013
2019-10-01,Japan,JP,Asia-Pacific,Investment,-1.4934282197652982,-2.8263031215232104,-20.60805647435444
2020-01-01,Japan,JP,Asia-Pacific,Investment,0.6436203689894093,-1.6829879650842372,8.052109612495428
2020-04-01,Japan,JP,Asia-Pacific,Investment,-2.4255273703649416,-5.015409317215003,-12.79857610603301
2020-07-01,Japan,JP,Asia-Pacific,Investment,-3.430659634120403,-7.473272824688237,-4.538568330860926
2020-10-01,Japan,JP,Asia-Pacific,Investment,-2.0185610678325827,-1.0317378754667317,5.158083322531581
2021-01-01,Japan,JP,Asia-Pacific,Investment,-0.8768271080918143,-2.014875518360526,4.119559040920251
2021-04-01,Japan,JP,Asia-Pacific,Investment,0.23249968161921652,2.1955244866642687,4.043023914066168
2021-07-01,Japan,JP,Asia-Pacific,Investment,-1.1725378539387483,1.8418234461726968,-5.953372492827214
2021-10-01,Japan,JP,Asia-Pacific,Investment,-1.2379721844016411,0.42096506850413107,-0.5253501881426814
2022-01-01,Japan,JP,Asia-Pacific,Investment,-2.0262599675444735,-1.4443090089937272,-3.341537269071182
2022-04-01,Japan,JP,Asia-Pacific,Investment,-1.7407807545163085,-2.197245047402774,1.0312797604299817
2022-07-01,Japan,JP,Asia-Pacific,Investment,-0.12928835245848339,0.8937326324222283,6.410538226472795
2022-10-01,Japan,JP,Asia-Pacific,Investment,-0.6006811428319134,0.5618971494310898,-1.8526921201072355
2023-01-01,Japan,JP,Asia-Pacific,Investment,1.1212714960267947,3.1427268447753676,6.981781512305929
2023-04-01,Japan,JP,Asia-Pacific,Investment,0.11480279250580902,1.9150238666064467,-3.8795321522457016
2023-07-01,Japan,JP,Asia-Pacific,Investment,-0.6531346160774704,-0.4073487648380336,-2.8789522993051264
2023-10-01,Japan,JP,Asia-Pacific,Investment,0.23544446469577146,1.0028088418174264,3.7879383065146044
2024-01-01,Japan,JP,Asia-Pacific,Investment,-1.1814133752308575,-2.0926984335659427,-5.400247589227547
2024-04-01,Japan,JP,Asia-Pacific,Investment,0.8249746744194973,0.9570904809862668,8.319623505963136
2024-07-01,Japan,JP,Asia-Pacific,Investment,0.6753714929699345,1.6050581395209207,-0.2870816651665109
2024-10-01,Japan,JP,Asia-Pacific,Investment,0.8237720179648963,0.8867304546310351,0.9146275669550619
2025-01-01,Japan,JP,Asia-Pacific,Investment,1.5269952597094085,3.0212263324635558,3.137735922102536
2015-01-01,Malaysia,MY,ASEAN,Consumption,-0.8061610884119895,NA,NA
2015-04-01,Malaysia,MY,ASEAN,Consumption,-0.8349867963276765,NA,5.768886170439913
2015-07-01,Malaysia,MY,ASEAN,Consumption,-1.0023471175086234,NA,5.212732314657842
2015-10-01,Malaysia,MY,ASEAN,Consumption,-0.562968849655794,NA,7.633568398360069
2016-01-01,Malaysia,MY,ASEAN,Consumption,-1.7401776289031976,4.942420020869598,1.1544932000205677
2016-04-01,Malaysia,MY,ASEAN,Consumption,-0.7436901925972111,5.957332201426091,9.828534892665886
2016-07-01,Malaysia,MY,ASEAN,Consumption,-0.87368898243951,5.976519176462247,5.289480214802467
2016-10-01,Malaysia,MY,ASEAN,Consumption,-0.5408181498400573,5.841532852401166,7.0936231021157425
2017-01-01,Malaysia,MY,ASEAN,Consumption,-1.1346240897479494,6.383702141894254,3.3231703579929217
2017-04-01,Malaysia,MY,ASEAN,Consumption,0.28168974721052426,6.747103847315472,11.282141714350757
2017-07-01,Malaysia,MY,ASEAN,Consumption,0.3637584145184652,6.885497450465472,5.843054627402466
2017-10-01,Malaysia,MY,ASEAN,Consumption,0.5907574920634672,6.687285531720022,6.300775427133942
2018-01-01,Malaysia,MY,ASEAN,Consumption,-0.21442250540368823,6.364261254480397,2.0310732490344208
2018-04-01,Malaysia,MY,ASEAN,Consumption,2.6228762215664907,7.65434935729985,16.44249412562857
2018-07-01,Malaysia,MY,ASEAN,Consumption,3.7216472712042674,8.521546999393337,9.311845195776414
2018-10-01,Malaysia,MY,ASEAN,Consumption,3.660028859994377,8.066918673372214,4.482262123049452
2019-01-01,Malaysia,MY,ASEAN,Consumption,2.4236168158768034,7.4573702289752575,-0.4071205285534063
2019-04-01,Malaysia,MY,ASEAN,Consumption,5.510226903585724,7.522178462641804,16.701727060294758
2019-07-01,Malaysia,MY,ASEAN,Consumption,6.105694741604011,6.8359530003547775,6.566943346628307
2019-10-01,Malaysia,MY,ASEAN,Consumption,7.212074954196708,7.832182449801195,8.467179920835122
2020-01-01,Malaysia,MY,ASEAN,Consumption,5.2146535273795,6.921619198632456,-4.049373533228362
2020-04-01,Malaysia,MY,ASEAN,Consumption,-18.564795513405215,-20.058496234058687,-91.21873467046981
2020-07-01,Malaysia,MY,ASEAN,Consumption,0.46383807921980286,-1.6888625630485876,80.0454780306687
2020-10-01,Malaysia,MY,ASEAN,Consumption,0.16115578010821202,-3.1109531704300863,2.778817491309127
2021-01-01,Malaysia,MY,ASEAN,Consumption,-0.4637163641439158,-1.7044743887181468,1.576541593619396
2021-04-01,Malaysia,MY,ASEAN,Consumption,-11.625686529402115,10.985938363200098,-40.45708366279683
2021-07-01,Malaysia,MY,ASEAN,Consumption,-7.89307738546804,-4.2096500306156415,19.263124455405745
2021-10-01,Malaysia,MY,ASEAN,Consumption,-0.5834579761747165,3.5234246555015503,33.711116235777894
2022-01-01,Malaysia,MY,ASEAN,Consumption,0.46531966811099756,5.3257960167769625,8.786027038721045
2022-04-01,Malaysia,MY,ASEAN,Consumption,0.7287039665110351,16.87496693678856,5.739600017249558
2022-07-01,Malaysia,MY,ASEAN,Consumption,1.5284350279859915,14.048727130409233,7.9581652298884364
2022-10-01,Malaysia,MY,ASEAN,Consumption,1.7621129960857203,7.057694215192534,5.746984574911096
2023-01-01,Malaysia,MY,ASEAN,Consumption,1.655213311520247,5.966532537644298,4.421380328528102
2023-04-01,Malaysia,MY,ASEAN,Consumption,0.049868295411919866,4.1447288570516605,-1.547614705120992
2023-07-01,Malaysia,MY,ASEAN,Consumption,0.704583978145634,4.032595635652747,7.509632344292783
2023-10-01,Malaysia,MY,ASEAN,Consumption,0.9779717112992766,4.094266349994946,5.993667432279892
2024-01-01,Malaysia,MY,ASEAN,Consumption,1.3803914058305369,4.617232831939155,6.513246256304939
2005-01-01,Malaysia,MY,ASEAN,GDP,-0.6064548874304717,NA,NA
2005-04-01,Malaysia,MY,ASEAN,GDP,-0.9354430012751254,NA,3.2334317757552355
2005-07-01,Malaysia,MY,ASEAN,GDP,-1.2672407152532243,NA,3.220677238002878
2005-10-01,Malaysia,MY,ASEAN,GDP,-0.6530162433291841,NA,6.999395099671091
2006-01-01,Malaysia,MY,ASEAN,GDP,0.30253733744219513,5.451455480009848,8.352317806610188
2006-04-01,Malaysia,MY,ASEAN,GDP,0.09961428576359468,5.567438076381492,3.697362161241813
2006-07-01,Malaysia,MY,ASEAN,GDP,-0.24725352069998768,5.535427512570479,3.092634982758824
2006-10-01,Malaysia,MY,ASEAN,GDP,0.04407126103576908,5.187780529690933,5.608807168152907
2007-01-01,Malaysia,MY,ASEAN,GDP,0.9922085995568968,5.147498849545684,8.191191086029193
2007-04-01,Malaysia,MY,ASEAN,GDP,1.4931431010413356,5.8104971754621815,6.349355464907802
2007-07-01,Malaysia,MY,ASEAN,GDP,1.6415879338413333,6.257512198518711,4.880695074984942
2007-10-01,Malaysia,MY,ASEAN,GDP,2.9029740122442056,7.173263845918854,9.271813757753478
2008-01-01,Malaysia,MY,ASEAN,GDP,4.223344810819394,7.487782505455698,9.44926572417657
2008-04-01,Malaysia,MY,ASEAN,GDP,3.653945864389272,6.360722801802865,1.8411166502964704
2008-07-01,Malaysia,MY,ASEAN,GDP,2.4669018560271936,4.975909405842671,-0.6585585088558332
2008-10-01,Malaysia,MY,ASEAN,GDP,-1.11531889248125,0.098143382961701775,-10.2392503337704
2009-01-01,Malaysia,MY,ASEAN,GDP,-5.74480348194462,-5.862426363128392,-14.393013260183807
2009-04-01,Malaysia,MY,ASEAN,GDP,-4.312859433045278,-3.842584841908092,9.920482735177671
2009-07-01,Malaysia,MY,ASEAN,GDP,-2.622692200666111,-0.9181242379924015,11.03928390680693
2009-10-01,Malaysia,MY,ASEAN,GDP,-0.9893854219875141,4.367962189683006,10.905095376931229
2010-01-01,Malaysia,MY,ASEAN,GDP,-0.43287776532663186,9.6392005773545,6.691940290502174
2010-04-01,Malaysia,MY,ASEAN,GDP,0.3249234980546873,9.05644758660653,7.589470772185791
2010-07-01,Malaysia,MY,ASEAN,GDP,-0.8449576815481881,6.28870898835423,-0.031670486202273196
2010-10-01,Malaysia,MY,ASEAN,GDP,-0.9751564936861775,4.616108210295877,4.214692264697817
2011-01-01,Malaysia,MY,ASEAN,GDP,-0.16031937904923982,4.962723544201886,8.078401626126208
2011-04-01,Malaysia,MY,ASEAN,GDP,0.1144292762763656,4.5641328324713015,5.995107925263454
2011-07-01,Malaysia,MY,ASEAN,GDP,0.09619214399623263,5.795380102729197,4.89331859482931
2011-10-01,Malaysia,MY,ASEAN,GDP,-0.6007634623806605,5.302201605361745,2.241978275228007
2012-01-01,Malaysia,MY,ASEAN,GDP,-0.04047033725195024,5.114632952628462,7.3281270151930755
2012-04-01,Malaysia,MY,ASEAN,GDP,0.06727999254884992,5.007662965393855,5.567227976325029
2012-07-01,Malaysia,MY,ASEAN,GDP,-0.059619034393752504,4.951813277799744,4.669919844452863
2012-10-01,Malaysia,MY,ASEAN,GDP,0.46769858004362547,6.221383973421091,7.320261057713395
2013-01-01,Malaysia,MY,ASEAN,GDP,-0.8662553362519942,4.364523691516631,-0.09931411242476429
2013-04-01,Malaysia,MY,ASEAN,GDP,-0.7631046207350647,4.389671927216021,5.66782091912259
2013-07-01,Malaysia,MY,ASEAN,GDP,-0.34438853723026597,4.957151668236293,6.939838808533949
2013-10-01,Malaysia,MY,ASEAN,GDP,-0.16143165507458795,4.626009046859991,5.99569057220819
2014-01-01,Malaysia,MY,ASEAN,GDP,-0.08210129011943304,6.042923638152331,5.568344252744595
2014-04-01,Malaysia,MY,ASEAN,GDP,0.2753867833154167,6.289969017654684,6.656002437132003
2014-07-01,Malaysia,MY,ASEAN,GDP,-0.021377015620616287,5.555430477026668,4.001684646021886
2014-10-01,Malaysia,MY,ASEAN,GDP,0.09919730066960605,5.462027239015477,5.622077620163424
2015-01-01,Malaysia,MY,ASEAN,GDP,0.3056815214669837,5.546204956767475,5.9050551237525895
2015-04-01,Malaysia,MY,ASEAN,GDP,0.4385409380298693,5.266814136972187,5.538439157950847
2015-07-01,Malaysia,MY,ASEAN,GDP,-0.15387512773740522,4.9050254877531785,2.5545300491458534
2015-10-01,Malaysia,MY,ASEAN,GDP,-0.19869663515307417,4.662632838910419,4.652507024792385
2016-01-01,Malaysia,MY,ASEAN,GDP,-0.4595287026092337,4.107890248166157,3.686084760775543
2016-04-01,Malaysia,MY,ASEAN,GDP,-0.2863789494282447,4.05056958662513,5.309156511786739
2016-07-01,Malaysia,MY,ASEAN,GDP,-0.2976900095881009,4.523645423700273,4.446833397446426
2016-10-01,Malaysia,MY,ASEAN,GDP,-0.027115658445351493,4.7199073937189695,5.43755490486717
2017-01-01,Malaysia,MY,ASEAN,GDP,0.5640340931273302,5.440874170265175,6.569951866960366
2017-04-01,Malaysia,MY,ASEAN,GDP,1.0317910056277177,5.59191593733388,5.913323580061558
2017-07-01,Malaysia,MY,ASEAN,GDP,1.5384837919703993,5.953774572740045,5.894267939071085
2017-10-01,Malaysia,MY,ASEAN,GDP,1.6312262849747707,5.608012071803792,4.054504901122158
2018-01-01,Malaysia,MY,ASEAN,GDP,2.119981376321866,5.327843332849014,5.449276911141254
2018-04-01,Malaysia,MY,ASEAN,GDP,2.6709556559922474,5.226421644843349,5.507636828038898
2018-07-01,Malaysia,MY,ASEAN,GDP,2.572752562511587,4.433972659934682,2.7244719994364175
2018-10-01,Malaysia,MY,ASEAN,GDP,2.3729574384818464,3.9559432923487847,2.1423874307785695
2019-01-01,Malaysia,MY,ASEAN,GDP,3.1712799613879072,4.087702150314421,5.976312343003798
2019-04-01,Malaysia,MY,ASEAN,GDP,5.097668876109236,5.299076793126289,10.353135399286373
2019-07-01,Malaysia,MY,ASEAN,GDP,4.891024955777754,5.04710702140212,1.7165929125397383
2019-10-01,Malaysia,MY,ASEAN,GDP,2.5905965398499924,2.8317149937706176,-6.7191806797474385
2020-01-01,Malaysia,MY,ASEAN,GDP,0.7648875741615799,0.13140306060233087,-4.824935389669349
2020-04-01,Malaysia,MY,ASEAN,GDP,-15.787430527237955,-18.375262002474457,-63.67352485302078
2020-07-01,Malaysia,MY,ASEAN,GDP,0.294876319913602,-2.057606773113285,66.98721382998443
2020-10-01,Malaysia,MY,ASEAN,GDP,-3.0517057205939335,-3.0231065028917925,-10.581179598861468
2021-01-01,Malaysia,MY,ASEAN,GDP,-2.375487175979175,-0.39616133367257333,5.6828452872075275
2021-04-01,Malaysia,MY,ASEAN,GDP,-3.5001332407393235,15.189780018276622,-1.3297594452239991
2021-07-01,Malaysia,MY,ASEAN,GDP,-7.286284292936573,-4.500231751308625,-11.772833248356562
2021-10-01,Malaysia,MY,ASEAN,GDP,-2.7413657595275804,3.5844964856893924,21.757733349130604
2022-01-01,Malaysia,MY,ASEAN,GDP,-0.9776883839206826,4.869831006562109,10.824183370698393
2022-04-01,Malaysia,MY,ASEAN,GDP,1.5627201945454372,8.727469822424716,14.10079581822643
2022-07-01,Malaysia,MY,ASEAN,GDP,2.279080209919397,13.408207625589874,6.95011796430407
2022-10-01,Malaysia,MY,ASEAN,GDP,0.8293007060151091,7.5714772504269945,-1.589188151520915
2023-01-01,Malaysia,MY,ASEAN,GDP,0.38572030763232845,5.502004781557268,2.546293495219487
2023-04-01,Malaysia,MY,ASEAN,GDP,-0.20151982103514768,2.4942674054672764,2.0698463138664636
2023-07-01,Malaysia,MY,ASEAN,GDP,0.7770200062210331,2.861645087703124,8.41962869324746
2023-10-01,Malaysia,MY,ASEAN,GDP,-0.5261851872198717,3.1007616712066977,-0.6327218175066207
2024-01-01,Malaysia,MY,ASEAN,GDP,-0.07922436821520629,4.072308640070155,6.432481370673315
2024-04-01,Malaysia,MY,ASEAN,GDP,0.8516065351376192,5.660120799068302,8.421094949859054
2024-07-01,Malaysia,MY,ASEAN,GDP,1.2346679041606423,5.123100149958404,6.271546096807867
2024-10-01,Malaysia,MY,ASEAN,GDP,-0.13982132093955188,5.0996301201839955,-0.7266019366042542
2025-01-01,Malaysia,MY,ASEAN,GDP,-0.6120679669281703,4.218518390389647,2.908034451495922
2025-04-01,Malaysia,MY,ASEAN,GDP,0.31306885795689443,4.242368798403717,8.516496581915334
2025-07-01,Malaysia,MY,ASEAN,GDP,1.7241570900582648,5.292222889966425,10.470962463058697
2025-10-01,Malaysia,MY,ASEAN,GDP,1.2699719105985066,6.227134310765159,3.0130437465906823
2015-01-01,Malaysia,MY,ASEAN,Investment,-4.6113576837683,NA,NA
2015-04-01,Malaysia,MY,ASEAN,Investment,-3.778264012170398,NA,4.5562852294253275
2015-07-01,Malaysia,MY,ASEAN,Investment,-1.7778416854325387,NA,9.214071455775752
2015-10-01,Malaysia,MY,ASEAN,Investment,-1.0887127556135408,NA,3.9363954196510065
2016-01-01,Malaysia,MY,ASEAN,Investment,-5.719025266384559,0.07686516381006925,-17.39929144961181
2016-04-01,Malaysia,MY,ASEAN,Investment,0.9733233807159101,5.889116765110991,27.805291634629015
2016-07-01,Malaysia,MY,ASEAN,Investment,-0.9680596874241283,1.8710652068953948,-6.858134777086633
2016-10-01,Malaysia,MY,ASEAN,Investment,0.007587591287216977,2.047336943109812,4.641482364508676
2017-01-01,Malaysia,MY,ASEAN,Investment,2.577297176122196,9.098860430242262,10.806802498917989
2017-04-01,Malaysia,MY,ASEAN,Investment,4.191276340457465,3.830173984469276,6.730545851537073
2017-07-01,Malaysia,MY,ASEAN,Investment,5.036969915734202,6.38673415313189,3.3681058975638223
2017-10-01,Malaysia,MY,ASEAN,Investment,4.221181511311674,4.328212546885268,-3.592604060477811
2018-01-01,Malaysia,MY,ASEAN,Investment,2.9805741047082837,0.2216233908653109,-5.619554125161841
2018-04-01,Malaysia,MY,ASEAN,Investment,6.378593660419825,1.690222079280801,12.604940605199033
2018-07-01,Malaysia,MY,ASEAN,Investment,8.661106171283222,2.8026985246977887,7.818011679231773
2018-10-01,Malaysia,MY,ASEAN,Investment,5.98492460465963,0.620697909613277,-12.320606520815858
2019-01-01,Malaysia,MY,ASEAN,Investment,0.9434348698715826,-3.485155924513883,-22.04296946167048
2019-04-01,Malaysia,MY,ASEAN,Investment,7.505384685081067,-0.5945579749292662,24.1673324035375
2019-07-01,Malaysia,MY,ASEAN,Investment,6.828507057290321,-3.7819111904012104,-4.931401182656003
2019-10-01,Malaysia,MY,ASEAN,Investment,7.41864976302185,-0.6837464803115978,0.07205231954259261
2020-01-01,Malaysia,MY,ASEAN,Investment,-1.376236030535289,-4.53220967978325,-37.43682225955709
2020-04-01,Malaysia,MY,ASEAN,Investment,-24.521431284748353,-34.24714448311086,-94.69240680977293
2020-07-01,Malaysia,MY,ASEAN,Investment,-3.109693471234423,-12.066306177992026,83.79195203781933
2020-10-01,Malaysia,MY,ASEAN,Investment,-3.121856122838291,-12.483657642853352,-1.5973535399027128
2021-01-01,Malaysia,MY,ASEAN,Investment,-2.8253255084074307,-3.128049258121024,-0.014388720627778184
2021-04-01,Malaysia,MY,ASEAN,Investment,-7.8488774904896665,15.316943314455855,-20.912436519465416
2021-07-01,Malaysia,MY,ASEAN,Investment,-13.337327669133911,-11.221724495046281,-22.36271920018922
2021-10-01,Malaysia,MY,ASEAN,Investment,-5.394963918013001,-2.878073122826308,31.77725194897718
2022-01-01,Malaysia,MY,ASEAN,Investment,-2.431759036730669,0.1883725336153219,12.251393905138741
2022-04-01,Malaysia,MY,ASEAN,Investment,-2.4004877794827837,5.635234523514399,0.8750114401308906
2022-07-01,Malaysia,MY,ASEAN,Investment,-1.5074510295166181,12.382894483600815,4.6279206401564466
2022-10-01,Malaysia,MY,ASEAN,Investment,2.1969342845824715,8.470495522460197,16.12765610441471
2023-01-01,Malaysia,MY,ASEAN,Investment,1.164094079900719,4.752102193180008,-2.6221794119820174
2023-04-01,Malaysia,MY,ASEAN,Investment,1.6087086146382608,5.392580280930659,3.436923791133495
2023-07-01,Malaysia,MY,ASEAN,Investment,1.8888570634917712,4.955968024628277,2.8814716149469177
2023-10-01,Malaysia,MY,ASEAN,Investment,6.677786795734628,6.168093650850004,20.97615860930162
2024-01-01,Malaysia,MY,ASEAN,Investment,8.573478761611627,9.17979881403106,9.424641240742204
1987-04-01,New Zealand,NZ,Asia-Pacific,Consumption,-1.741998063022314,NA,NA
1987-07-01,New Zealand,NZ,Asia-Pacific,Consumption,-1.0722855899520831,NA,3.5485171483266242
1987-10-01,New Zealand,NZ,Asia-Pacific,Consumption,0.020991232420476246,NA,5.2384195503783815
1988-01-01,New Zealand,NZ,Asia-Pacific,Consumption,-0.6946586667022311,NA,-2.0086780398926862
1988-04-01,New Zealand,NZ,Asia-Pacific,Consumption,-0.8643247583353643,1.7337854783841422,0.15688325472424935
1988-07-01,New Zealand,NZ,Asia-Pacific,Consumption,1.7432059775203594,3.656300379207522,11.238576751620144
1988-10-01,New Zealand,NZ,Asia-Pacific,Consumption,1.7537221316117666,2.5498314720852733,0.812543921889386
1989-01-01,New Zealand,NZ,Asia-Pacific,Consumption,2.386959372313851,3.8667337548055514,3.258931090988426
1989-04-01,New Zealand,NZ,Asia-Pacific,Consumption,4.9899952294652286,6.600385443649692,11.091490010100813
1989-07-01,New Zealand,NZ,Asia-Pacific,Consumption,0.42182970758939414,-0.6182892501561454,-17.636122023603207
1989-10-01,New Zealand,NZ,Asia-Pacific,Consumption,-0.11504915073396414,-1.2057946980847944,-1.53747786982521
1990-01-01,New Zealand,NZ,Asia-Pacific,Consumption,1.2318090671499007,-0.5234458393308827,5.988326526004073
1990-04-01,New Zealand,NZ,Asia-Pacific,Consumption,1.3574344645288314,-3.018487765971045,1.1113223035401631
1990-07-01,New Zealand,NZ,Asia-Pacific,Consumption,1.5695480850474401,1.7618809266492619,1.4853527468780214
1990-10-01,New Zealand,NZ,Asia-Pacific,Consumption,3.060852411260594,3.8096846935605555,6.653737197819964
1991-01-01,New Zealand,NZ,Asia-Pacific,Consumption,0.14449783342196376,-0.41184914859702104,-10.897808842626233
1991-04-01,New Zealand,NZ,Asia-Pacific,Consumption,-1.5728185167489164,-2.186541293874278,-5.987446277568864
1991-07-01,New Zealand,NZ,Asia-Pacific,Consumption,-1.380563457561608,-2.107746896228946,1.8005303374593495
1991-10-01,New Zealand,NZ,Asia-Pacific,Consumption,-2.0694547901553215,-4.156884939471972,-1.5428149751521403
1992-01-01,New Zealand,NZ,Asia-Pacific,Consumption,-1.802161965029636,-0.809617784187644,2.491259778511079
1992-04-01,New Zealand,NZ,Asia-Pacific,Consumption,-2.6583843887540564,0.2446090695030989,-1.7705388628058927
1992-07-01,New Zealand,NZ,Asia-Pacific,Consumption,-3.5340502539186502,-0.6049313768862419,-1.5976314480980136
1992-10-01,New Zealand,NZ,Asia-Pacific,Consumption,-2.4814205965113625,1.3752735389196857,6.37800468807157
1993-01-01,New Zealand,NZ,Asia-Pacific,Consumption,-3.439657915758152,0.4024407360708082,-1.400071432884431
1993-04-01,New Zealand,NZ,Asia-Pacific,Consumption,-2.752068316292204,2.2064160057508886,5.445362215914429
1993-07-01,New Zealand,NZ,Asia-Pacific,Consumption,-2.4062785791396575,3.6879298138019934,4.3284237841064055
1993-10-01,New Zealand,NZ,Asia-Pacific,Consumption,-2.2038391841236113,3.0900632182124355,3.9865383057133386
1994-01-01,New Zealand,NZ,Asia-Pacific,Consumption,-1.0314234700127372,5.458380738559754,8.073198648504842
1994-04-01,New Zealand,NZ,Asia-Pacific,Consumption,0.027344910356660174,6.045813674143652,7.795093958250021
1994-07-01,New Zealand,NZ,Asia-Pacific,Consumption,0.40125803744156097,6.263534880478794,5.199308609446973
1994-10-01,New Zealand,NZ,Asia-Pacific,Consumption,0.9036991348093225,6.722969188253813,5.824275536813417
1995-01-01,New Zealand,NZ,Asia-Pacific,Consumption,1.217762875950711,5.9921304474116255,5.149843685136091
1995-04-01,New Zealand,NZ,Asia-Pacific,Consumption,0.11820373206639101,3.929584831122135,-0.45508850690794134
1995-07-01,New Zealand,NZ,Asia-Pacific,Consumption,0.52835256428073,4.031464910651827,5.6068289275657435
1995-10-01,New Zealand,NZ,Asia-Pacific,Consumption,0.6038719495060586,3.641700616708299,4.265218361039302
1996-01-01,New Zealand,NZ,Asia-Pacific,Consumption,1.9798391731210354,4.714004572621455,9.439059508788716
1996-04-01,New Zealand,NZ,Asia-Pacific,Consumption,1.9911179550842095,5.8100286466002515,3.929007789007244
1996-07-01,New Zealand,NZ,Asia-Pacific,Consumption,2.4666216088762694,5.837374208137902,5.716211173716346
1996-10-01,New Zealand,NZ,Asia-Pacific,Consumption,1.6343939917849715,4.871612026136063,0.40216963303194575
1997-01-01,New Zealand,NZ,Asia-Pacific,Consumption,1.3411281391175096,3.1287587572023767,2.4676464330539716
1997-04-01,New Zealand,NZ,Asia-Pacific,Consumption,1.6976255155152447,3.389797128975225,4.973161276098637
1997-07-01,New Zealand,NZ,Asia-Pacific,Consumption,0.6523006451438461,1.7788741406988606,-0.7274807793891114
1997-10-01,New Zealand,NZ,Asia-Pacific,Consumption,0.45393262325518857,2.32118738612197,2.5714226147243835
1998-01-01,New Zealand,NZ,Asia-Pacific,Consumption,1.3904173024481765,3.4612680877184943,7.027969239440068
1998-04-01,New Zealand,NZ,Asia-Pacific,Consumption,0.5634353871511498,2.1925861021022897,-0.10156666636618183
1998-07-01,New Zealand,NZ,Asia-Pacific,Consumption,-0.13559977928922748,2.460761671008349,0.3452214962351263
1998-10-01,New Zealand,NZ,Asia-Pacific,Consumption,1.106775091868524,3.8323915416500043,8.057942097291004
1999-01-01,New Zealand,NZ,Asia-Pacific,Consumption,0.7866144403433285,2.5170544171057685,1.7666207412631252
1999-04-01,New Zealand,NZ,Asia-Pacific,Consumption,1.2323866482672796,3.7433661175807487,4.803680135533739
1999-07-01,New Zealand,NZ,Asia-Pacific,Consumption,1.2061071196319582,4.383379469432391,2.905274903641697
1999-10-01,New Zealand,NZ,Asia-Pacific,Consumption,0.3539832955189214,2.2717074852515395,-0.3887458394324028
2000-01-01,New Zealand,NZ,Asia-Pacific,Consumption,-0.8962898259809232,1.342698150472721,-1.9494165978521494
2000-04-01,New Zealand,NZ,Asia-Pacific,Consumption,-0.02565025050738773,1.789182009513901,6.5896155716984595
2000-07-01,New Zealand,NZ,Asia-Pacific,Consumption,-0.4378515500761716,1.4465752033911983,1.5348476791508858
2000-10-01,New Zealand,NZ,Asia-Pacific,Consumption,-1.868032382169255,0.9339304775027202,-2.439324742986315
2001-01-01,New Zealand,NZ,Asia-Pacific,Consumption,-2.674493291079773,1.464623659257569,0.17335612916724585
2001-04-01,New Zealand,NZ,Asia-Pacific,Consumption,-1.7682919531285517,1.6065176879692444,7.157191686545161
2001-07-01,New Zealand,NZ,Asia-Pacific,Consumption,-1.5395838902184518,2.3700818465794526,4.589104313591719
2001-10-01,New Zealand,NZ,Asia-Pacific,Consumption,-1.930602033423587,3.544003943260776,2.256363643738979
2002-01-01,New Zealand,NZ,Asia-Pacific,Consumption,-3.495801004851111,2.927223399251311,-2.2937660468706156
2002-04-01,New Zealand,NZ,Asia-Pacific,Consumption,-2.0752876153063653,3.5857454730866323,9.791279981886447
2002-07-01,New Zealand,NZ,Asia-Pacific,Consumption,-1.5012278617506596,4.072100765407249,6.534525482874187
2002-10-01,New Zealand,NZ,Asia-Pacific,Consumption,-1.2066301627338154,4.88986299214762,5.527412550700461
2003-01-01,New Zealand,NZ,Asia-Pacific,Consumption,-0.7392775042845473,7.040076965314057,6.307089845795133
2003-04-01,New Zealand,NZ,Asia-Pacific,Consumption,-0.7465801520467082,5.710264888415217,4.472031674291088
2003-07-01,New Zealand,NZ,Asia-Pacific,Consumption,-0.6816825305173958,5.275996819450235,4.797453207014257
2003-10-01,New Zealand,NZ,Asia-Pacific,Consumption,0.4509445287568777,6.163189273121894,9.076182365387098
2004-01-01,New Zealand,NZ,Asia-Pacific,Consumption,1.5551842866752672,6.8213996398895915,8.939931312865923
2004-04-01,New Zealand,NZ,Asia-Pacific,Consumption,-0.07262752629698215,5.193301043576071,-2.040362710962995
2004-07-01,New Zealand,NZ,Asia-Pacific,Consumption,1.616811239835,6.781701225006387,11.151053932735522
2004-10-01,New Zealand,NZ,Asia-Pacific,Consumption,1.380298889415597,5.348651706795593,3.3439842925439223
2005-01-01,New Zealand,NZ,Asia-Pacific,Consumption,0.7445843799018439,3.5192371308321313,1.6222730090120763
2005-04-01,New Zealand,NZ,Asia-Pacific,Consumption,1.9080865796383684,6.19834042680143,8.676050472914199
2005-07-01,New Zealand,NZ,Asia-Pacific,Consumption,1.1229942293973765,3.591141352345062,0.7222576349100507
2005-10-01,New Zealand,NZ,Asia-Pacific,Consumption,1.458773754479609,4.013839141599895,5.034775449563256
2006-01-01,New Zealand,NZ,Asia-Pacific,Consumption,1.3247077240528902,4.35218988382573,2.975675977915415
2006-04-01,New Zealand,NZ,Asia-Pacific,Consumption,0.3799966089816989,2.070246705882006,-0.45172223886069673
2006-07-01,New Zealand,NZ,Asia-Pacific,Consumption,0.43875460258066545,2.733569161740945,3.3755474583458067
2006-10-01,New Zealand,NZ,Asia-Pacific,Consumption,1.2937034933076328,3.068091659757677,6.372865441630182
2007-01-01,New Zealand,NZ,Asia-Pacific,Consumption,1.855148694702019,3.577088439735121,5.011663097825192
2007-04-01,New Zealand,NZ,Asia-Pacific,Consumption,1.9834260959339118,4.463843146496949,3.0952965881866135
2007-07-01,New Zealand,NZ,Asia-Pacific,Consumption,2.010150236959737,4.248335878809684,2.513518387596747
2007-10-01,New Zealand,NZ,Asia-Pacific,Consumption,1.8991146517894057,3.1051202777794273,1.800003037509157
2008-01-01,New Zealand,NZ,Asia-Pacific,Consumption,2.6840148676234756,3.162050474892908,5.239383886279114
2008-04-01,New Zealand,NZ,Asia-Pacific,Consumption,0.3579822148193747,0.5567643111371368,-7.325848066836471
2008-07-01,New Zealand,NZ,Asia-Pacific,Consumption,0.09393691327160134,0.1359279076078579,0.8301727734796316
2008-10-01,New Zealand,NZ,Asia-Pacific,Consumption,-0.355137172969172,-0.30692386692212636,0.028595939389219893
2009-01-01,New Zealand,NZ,Asia-Pacific,Consumption,-3.015462193204064,-3.8285617835498442,-8.847167780231757
2009-04-01,New Zealand,NZ,Asia-Pacific,Consumption,-1.5275723165114325,-0.060913343696888944,7.74474569257535
2009-07-01,New Zealand,NZ,Asia-Pacific,Consumption,-1.3808562812792557,0.33188831920547557,2.4013794250890896
2009-10-01,New Zealand,NZ,Asia-Pacific,Consumption,-0.7706955163808713,1.3984752655023414,4.294943724576683
2010-01-01,New Zealand,NZ,Asia-Pacific,Consumption,-0.1786641343592965,4.679571139474348,4.2772157156562685
2010-04-01,New Zealand,NZ,Asia-Pacific,Consumption,-0.15465039619208185,3.261637732780187,2.0730120657987072
2010-07-01,New Zealand,NZ,Asia-Pacific,Consumption,-0.6551382112503917,2.675168756781332,0.055503521093669406
2010-10-01,New Zealand,NZ,Asia-Pacific,Consumption,-1.307220987872941,1.486899190557267,-0.4581345403195769
2011-01-01,New Zealand,NZ,Asia-Pacific,Consumption,-1.0165069635075223,1.2716954415418869,3.4164007195947477
2011-04-01,New Zealand,NZ,Asia-Pacific,Consumption,-0.6412742743440274,1.7197328384417787,3.8651616533982747
2011-07-01,New Zealand,NZ,Asia-Pacific,Consumption,0.1373266685561394,3.104386431717465,5.594117894196415
2011-10-01,New Zealand,NZ,Asia-Pacific,Consumption,-0.1162575709539107,3.6149336057876624,1.584054155961212
2012-01-01,New Zealand,NZ,Asia-Pacific,Consumption,0.35582340100416726,3.9130656947552467,4.608929075465085
2012-04-01,New Zealand,NZ,Asia-Pacific,Consumption,-0.4285624252758392,2.873905880016281,-0.2914776055575885
2012-07-01,New Zealand,NZ,Asia-Pacific,Consumption,-1.1757914848626976,1.4720628989534745,-0.013254030054810073
2012-10-01,New Zealand,NZ,Asia-Pacific,Consumption,-0.6361542528208943,2.392767418945141,5.2668722359278775
2013-01-01,New Zealand,NZ,Asia-Pacific,Consumption,-0.31805611274905893,2.368910669964208,4.513502079541354
2013-04-01,New Zealand,NZ,Asia-Pacific,Consumption,0.015358249925252407,3.6183020483131045,4.706087907837997
2013-07-01,New Zealand,NZ,Asia-Pacific,Consumption,-0.3722630780961505,4.109366973090189,1.9510056690535293
2013-10-01,New Zealand,NZ,Asia-Pacific,Consumption,-0.317221371391686,3.75477299253113,3.8484963136916406
2014-01-01,New Zealand,NZ,Asia-Pacific,Consumption,-0.34595700584188865,3.535665667357968,3.6370727788487045
2014-04-01,New Zealand,NZ,Asia-Pacific,Consumption,-0.8219588819711847,2.8510806685286383,1.9677479125206787
2014-07-01,New Zealand,NZ,Asia-Pacific,Consumption,-0.5042020484862918,3.6777573086311577,5.257712229463607
2014-10-01,New Zealand,NZ,Asia-Pacific,Consumption,-1.2157141907937363,3.0278083016266777,1.2487002856737206
2015-01-01,New Zealand,NZ,Asia-Pacific,Consumption,-0.9891294985682605,3.393796496653678,5.101025558956707
2015-04-01,New Zealand,NZ,Asia-Pacific,Consumption,-1.021507319786852,3.9403465511801627,4.153948130626617
2015-07-01,New Zealand,NZ,Asia-Pacific,Consumption,-1.0331143219623435,3.703959968512649,4.312165898793552
2015-10-01,New Zealand,NZ,Asia-Pacific,Consumption,-0.8111879243242895,4.7180954191670565,5.305242088291351
2016-01-01,New Zealand,NZ,Asia-Pacific,Consumption,-1.20241486885861,4.166038185000254,2.892796622289495
2016-04-01,New Zealand,NZ,Asia-Pacific,Consumption,0.31155188414249424,5.760785316781636,10.532936657752145
2016-07-01,New Zealand,NZ,Asia-Pacific,Consumption,0.8261303111534949,6.315478818226694,6.530939904573785
2016-10-01,New Zealand,NZ,Asia-Pacific,Consumption,0.6972170414930615,5.971543259614265,3.9294998538416337
2017-01-01,New Zealand,NZ,Asia-Pacific,Consumption,1.2646073312589865,6.914913188654381,6.666276338449961
2017-04-01,New Zealand,NZ,Asia-Pacific,Consumption,1.0240742476227234,5.123409935540657,3.3669236452972484
2017-07-01,New Zealand,NZ,Asia-Pacific,Consumption,1.1050314215699502,4.632966346389367,4.569165547968623
2017-10-01,New Zealand,NZ,Asia-Pacific,Consumption,1.3543370859697355,4.936926542833042,5.145340639616336
2018-01-01,New Zealand,NZ,Asia-Pacific,Consumption,1.12794049938505,4.054001358613135,3.134575601570333
2018-04-01,New Zealand,NZ,Asia-Pacific,Consumption,1.6702913349893496,4.735834931035576,6.094257934987013
2018-07-01,New Zealand,NZ,Asia-Pacific,Consumption,1.7152590049653633,4.589765155831493,3.9848864471522916
2018-10-01,New Zealand,NZ,Asia-Pacific,Consumption,2.055503741927268,4.564880032959806,5.045800148129587
2019-01-01,New Zealand,NZ,Asia-Pacific,Consumption,1.2582074974525461,3.8760796478882753,0.37937406128421003
2019-04-01,New Zealand,NZ,Asia-Pacific,Consumption,1.28447566004955,3.2441253375651513,3.566440693694517
2019-07-01,New Zealand,NZ,Asia-Pacific,Consumption,1.284935631300898,3.0899621298773994,3.368233616401284
2019-10-01,New Zealand,NZ,Asia-Pacific,Consumption,0.8645163110429683,2.2298045957374057,1.6051700115696121
2020-01-01,New Zealand,NZ,Asia-Pacific,Consumption,-1.2273621279107039,0.8495679079629781,-5.141572689813501
2020-04-01,New Zealand,NZ,Asia-Pacific,Consumption,-13.638383281057267,-11.656604333014009,-46.45824827021343
2020-07-01,New Zealand,NZ,Asia-Pacific,Consumption,-1.0736792665359818,0.8569074565061285,53.422280774481834
2020-10-01,New Zealand,NZ,Asia-Pacific,Consumption,0.002016141546815585,2.312492919164022,7.427511862201186
2021-01-01,New Zealand,NZ,Asia-Pacific,Consumption,3.9245847414457127,8.287191862672927,18.75722308422212
2021-04-01,New Zealand,NZ,Asia-Pacific,Consumption,3.3885782236249162,20.113278692660508,0.8460990497368925
2021-07-01,New Zealand,NZ,Asia-Pacific,Consumption,-4.458009915415651,-0.3628618897744573,-28.482281555258027
2021-10-01,New Zealand,NZ,Asia-Pacific,Consumption,-0.0011613996192452042,2.9414231029312177,20.644651833023886
2022-01-01,New Zealand,NZ,Asia-Pacific,Consumption,3.8667796174407694,2.7996934496940185,18.190304471273322
2022-04-01,New Zealand,NZ,Asia-Pacific,Consumption,1.32173169227456,0.6950997613412113,-7.572275703674336
2022-07-01,New Zealand,NZ,Asia-Pacific,Consumption,1.4241165847856447,8.541817917855177,2.904591070797835
2022-10-01,New Zealand,NZ,Asia-Pacific,Consumption,1.5114031352067223,4.063754320908508,2.7323974452372113
2023-01-01,New Zealand,NZ,Asia-Pacific,Consumption,1.4992415669010453,0.07303551399715502,2.2274292436279097
2023-04-01,New Zealand,NZ,Asia-Pacific,Consumption,1.651598425437455,2.662787005573364,2.786730262630499
2023-07-01,New Zealand,NZ,Asia-Pacific,Consumption,-0.1646651767950617,0.6430459562345447,-5.174373126557441
2023-10-01,New Zealand,NZ,Asia-Pacific,Consumption,-0.05735390286375035,0.5723428375009831,2.449584970302965
2024-01-01,New Zealand,NZ,Asia-Pacific,Consumption,-0.37422145378295835,0.19008471121431114,0.6983967384812217
2024-04-01,New Zealand,NZ,Asia-Pacific,Consumption,-0.9068024536114822,-0.5573990791827299,-0.20320489895766514
2024-07-01,New Zealand,NZ,Asia-Pacific,Consumption,-1.6790792844100566,0.43970757054268006,-1.1859465276558012
2024-10-01,New Zealand,NZ,Asia-Pacific,Consumption,-2.0855565235344713,-0.10623465576493629,0.26581606507249944
2025-01-01,New Zealand,NZ,Asia-Pacific,Consumption,-1.2443765318996605,1.0324996713096724,5.253334046779656
1987-04-01,New Zealand,NZ,Asia-Pacific,GDP,-0.9596110535138379,NA,NA
1987-07-01,New Zealand,NZ,Asia-Pacific,GDP,0.2757207157972835,NA,5.7058024532899765
1987-10-01,New Zealand,NZ,Asia-Pacific,GDP,0.28998621110504524,NA,0.8191383296427546
1988-01-01,New Zealand,NZ,Asia-Pacific,GDP,0.08933505110317075,NA,-0.044637045073869785
1988-04-01,New Zealand,NZ,Asia-Pacific,GDP,-0.3372448483320652,1.3817145553142396,-0.9534455166019029
1988-07-01,New Zealand,NZ,Asia-Pacific,GDP,1.954537817743512,2.4338013942312386,9.914149808957973
1988-10-01,New Zealand,NZ,Asia-Pacific,GDP,1.0577971923450689,1.5171661047627794,-2.8474028282310826
1989-01-01,New Zealand,NZ,Asia-Pacific,GDP,2.415351990637407,3.069725667274703,6.165601204973825
1989-04-01,New Zealand,NZ,Asia-Pacific,GDP,2.50486444043472,3.581882159462957,1.0951804521511121
1989-07-01,New Zealand,NZ,Asia-Pacific,GDP,-0.1928593875450595,-1.4066681265534342,-10.040051335107592
1989-10-01,New Zealand,NZ,Asia-Pacific,GDP,0.5879574756071423,0.28169547977014986,3.9060515970632537
1990-01-01,New Zealand,NZ,Asia-Pacific,GDP,0.9880769431055634,-0.6514681021194235,2.4329468774155316
1990-04-01,New Zealand,NZ,Asia-Pacific,GDP,0.35887028324401926,-1.3291277601680918,-1.6154581800435608
1990-07-01,New Zealand,NZ,Asia-Pacific,GDP,1.2779848829350213,2.3479878464884862,4.6684110915187205
1990-10-01,New Zealand,NZ,Asia-Pacific,GDP,2.6598927463291395,3.0296625314132797,6.632750336762427
1991-01-01,New Zealand,NZ,Asia-Pacific,GDP,-1.5503719330578827,-1.4778233691016496,-15.596996724644185
1991-04-01,New Zealand,NZ,Asia-Pacific,GDP,-2.8818706014515674,-2.051599554040884,-3.9105629198004976
1991-07-01,New Zealand,NZ,Asia-Pacific,GDP,-1.7788105939156758,-1.711804260393457,6.027592266108428
1991-10-01,New Zealand,NZ,Asia-Pacific,GDP,-2.2746288964349897,-3.4066554563604967,-0.14665444710573183
1992-01-01,New Zealand,NZ,Asia-Pacific,GDP,-2.365199834156763,0.9207188641561004,1.712500557422203
1992-04-01,New Zealand,NZ,Asia-Pacific,GDP,-2.0592521517238254,2.785347851473574,3.5479530294693973
1992-07-01,New Zealand,NZ,Asia-Pacific,GDP,-4.633352882039056,-0.6509410109510227,-7.717563183589959
1992-10-01,New Zealand,NZ,Asia-Pacific,GDP,-4.033172257564225,0.6943203482327576,5.234390989629389
1993-01-01,New Zealand,NZ,Asia-Pacific,GDP,-2.722971943645578,2.3456618177231547,8.317866435383792
1993-04-01,New Zealand,NZ,Asia-Pacific,GDP,-2.762554969853691,2.24382725188903,3.1406147661328987
1993-07-01,New Zealand,NZ,Asia-Pacific,GDP,-0.9369193814335631,6.871980170116387,10.79504848931947
1993-10-01,New Zealand,NZ,Asia-Pacific,GDP,-0.013399461331652443,7.3996114893873255,7.344916266713142
1994-01-01,New Zealand,NZ,Asia-Pacific,GDP,2.127323609012687,8.403766932013568,12.33448820588876
1994-04-01,New Zealand,NZ,Asia-Pacific,GDP,2.0548812559123064,8.509858550280747,3.5649812392016145
1994-07-01,New Zealand,NZ,Asia-Pacific,GDP,0.967910965433104,5.700530906622525,-0.44226208531341626
1994-10-01,New Zealand,NZ,Asia-Pacific,GDP,1.3621451017108088,5.240870576884937,5.50627494776279
1995-01-01,New Zealand,NZ,Asia-Pacific,GDP,1.4748188388620216,3.252004364354555,4.379023355767231
1995-04-01,New Zealand,NZ,Asia-Pacific,GDP,2.269670163107689,4.132108992022054,7.085399749871613
1995-07-01,New Zealand,NZ,Asia-Pacific,GDP,1.0627457601261299,4.002256007101046,-0.9616740249974498
1995-10-01,New Zealand,NZ,Asia-Pacific,GDP,1.4290567171312656,3.945520723337914,5.279333812710263
1996-01-01,New Zealand,NZ,Asia-Pacific,GDP,1.013938300506714,3.3738590954145664,2.09237684407384
1996-04-01,New Zealand,NZ,Asia-Pacific,GDP,1.4459004698217206,2.955940778853794,5.413726483628523
1996-07-01,New Zealand,NZ,Asia-Pacific,GDP,1.7547664584642706,4.409151953203327,4.851170672400684
1996-10-01,New Zealand,NZ,Asia-Pacific,GDP,1.3546650952937518,3.575705135888363,1.945546543450405
1997-01-01,New Zealand,NZ,Asia-Pacific,GDP,-0.12768256148979004,2.4405134074415358,-2.4483900697134686
1997-04-01,New Zealand,NZ,Asia-Pacific,GDP,1.509695141800845,3.5805192559333676,9.97374987759585
1997-07-01,New Zealand,NZ,Asia-Pacific,GDP,2.5726617822120574,4.274530305936075,7.627214872411514
1997-10-01,New Zealand,NZ,Asia-Pacific,GDP,0.07350215514851897,2.1235096765787276,-6.658535973978985
1998-01-01,New Zealand,NZ,Asia-Pacific,GDP,-0.9487521080949097,2.543086278117279,-0.7700836635592623
1998-04-01,New Zealand,NZ,Asia-Pacific,GDP,-1.8980415018944596,-0.070134427188151,-0.47913294362587067
1998-07-01,New Zealand,NZ,Asia-Pacific,GDP,-2.253018136179924,-1.498663684456858,1.9130978433366863
1998-10-01,New Zealand,NZ,Asia-Pacific,GDP,-0.5960102133862797,2.6627601149261437,9.987159223553022
1999-01-01,New Zealand,NZ,Asia-Pacific,GDP,-0.719899763035603,3.579081866649503,2.895203343334174
1999-04-01,New Zealand,NZ,Asia-Pacific,GDP,-0.5061058335405645,4.7692631279520725,4.281592101584408
1999-07-01,New Zealand,NZ,Asia-Pacific,GDP,0.02551623405918843,5.688683811714945,5.590780578388177
1999-10-01,New Zealand,NZ,Asia-Pacific,GDP,0.12343144331901629,4.1655902277121015,3.894784887541647
2000-01-01,New Zealand,NZ,Asia-Pacific,GDP,1.4743272355172836,5.678429034509058,8.946558570522
2000-04-01,New Zealand,NZ,Asia-Pacific,GDP,-0.003636157042009175,4.026106351622971,-2.32769862995994
2000-07-01,New Zealand,NZ,Asia-Pacific,GDP,-0.4917898325599267,3.047844652567022,1.6777337821643812
2000-10-01,New Zealand,NZ,Asia-Pacific,GDP,-0.9414122376373222,2.544912761407403,1.88305732290317
2001-01-01,New Zealand,NZ,Asia-Pacific,GDP,-2.7603860456228277,-0.5765704785520853,-3.5393743893159524
2001-04-01,New Zealand,NZ,Asia-Pacific,GDP,-0.38085401680899467,3.3331153707221617,13.311044767137048
2001-07-01,New Zealand,NZ,Asia-Pacific,GDP,-1.3495808670169738,2.9059134264395325,-0.031073994966135388
2001-10-01,New Zealand,NZ,Asia-Pacific,GDP,-1.2501481938665076,3.5066615112482324,4.28604966213797
2002-01-01,New Zealand,NZ,Asia-Pacific,GDP,-1.0744624226977453,5.547940727427303,4.62574247540033
2002-04-01,New Zealand,NZ,Asia-Pacific,GDP,-1.1079015197282316,3.1729277633496977,3.810992910826627
2002-07-01,New Zealand,NZ,Asia-Pacific,GDP,-0.002981468983434543,5.2733369473733305,8.370562741128396
2002-10-01,New Zealand,NZ,Asia-Pacific,GDP,0.7125190577584543,5.901982397212713,6.800631461495499
2003-01-01,New Zealand,NZ,Asia-Pacific,GDP,0.2654536656497477,5.275476959856995,2.1197207259774586
2003-04-01,New Zealand,NZ,Asia-Pacific,GDP,-0.25148386122660765,4.770971869135643,1.7929725479412184
2003-07-01,New Zealand,NZ,Asia-Pacific,GDP,0.2710791101183385,4.1502726731472706,5.887765957174906
2003-10-01,New Zealand,NZ,Asia-Pacific,GDP,0.5410618302490334,3.649529486355263,4.7976587143274685
2004-01-01,New Zealand,NZ,Asia-Pacific,GDP,2.2646209436080844,5.748668828032599,10.516278092686804
2004-04-01,New Zealand,NZ,Asia-Pacific,GDP,1.4274880118382658,5.341244794954569,0.1632764156290989
2004-07-01,New Zealand,NZ,Asia-Pacific,GDP,0.7673219589431242,4.057309476899995,0.7520246849566092
2004-10-01,New Zealand,NZ,Asia-Pacific,GDP,0.047520774074816946,2.955156768641487,0.38904788129343615
2005-01-01,New Zealand,NZ,Asia-Pacific,GDP,-0.5275493385346626,0.5361215379338091,0.8401371698560922
2005-04-01,New Zealand,NZ,Asia-Pacific,GDP,1.2199209756042633,2.9950984224290877,9.999183953610213
2005-07-01,New Zealand,NZ,Asia-Pacific,GDP,0.7432714644032244,3.0488399844143643,0.9669909328977155
2005-10-01,New Zealand,NZ,Asia-Pacific,GDP,0.0416279373964025,2.934016053252897,-0.07024784335243339
2006-01-01,New Zealand,NZ,Asia-Pacific,GDP,0.29223887585474834,3.62443588340593,3.6018164904682237
2006-04-01,New Zealand,NZ,Asia-Pacific,GDP,-0.7420897139769848,0.7060194210279036,-1.6744818959018914
2006-07-01,New Zealand,NZ,Asia-Pacific,GDP,0.4453573509228745,2.23357776326214,7.0772243018346614
2006-10-01,New Zealand,NZ,Asia-Pacific,GDP,0.6396238835999161,2.993238318972402,2.9683943794886147
2007-01-01,New Zealand,NZ,Asia-Pacific,GDP,0.8686952748533129,2.835761206718246,2.9719080414515986
2007-04-01,New Zealand,NZ,Asia-Pacific,GDP,1.7910991594063692,4.657265011475964,5.611533323128981
2007-07-01,New Zealand,NZ,Asia-Pacific,GDP,2.3080708249662885,3.8530270796782062,3.8602725746436306
2007-10-01,New Zealand,NZ,Asia-Pacific,GDP,2.405224344298462,3.625958155837772,2.060118684126877
2008-01-01,New Zealand,NZ,Asia-Pacific,GDP,1.51752083068786,2.386538643154701,-1.9857700092806851
2008-04-01,New Zealand,NZ,Asia-Pacific,GDP,-0.24547707203686,-0.40958826826340555,-5.572974322543445
2008-07-01,New Zealand,NZ,Asia-Pacific,GDP,-0.4972271548575363,-1.272101960130989,0.4102178071732965
2008-10-01,New Zealand,NZ,Asia-Pacific,GDP,-0.8524453033687351,-1.797591553978073,-0.041839691261458256
2009-01-01,New Zealand,NZ,Asia-Pacific,GDP,-1.9344995853620663,-2.0423987052886616,-2.96499861452304
2009-04-01,New Zealand,NZ,Asia-Pacific,GDP,-1.0426415875088284,0.5846138375000365,4.935075848611348
2009-07-01,New Zealand,NZ,Asia-Pacific,GDP,-0.7958760672799565,1.075693077201656,2.3745347659797744
2009-10-01,New Zealand,NZ,Asia-Pacific,GDP,0.04021410486780737,2.2772677704345767,4.764459081670225
2010-01-01,New Zealand,NZ,Asia-Pacific,GDP,0.8312127104193999,4.175398852385648,4.627525713281244
2010-04-01,New Zealand,NZ,Asia-Pacific,GDP,1.004098674172514,3.493983832564318,2.2094157693260286
2010-07-01,New Zealand,NZ,Asia-Pacific,GDP,-0.8094294873792554,1.4831215531604158,-5.668914351635834
2010-10-01,New Zealand,NZ,Asia-Pacific,GDP,-2.420246012718027,-0.9018045729625612,-4.775245422821683
2011-01-01,New Zealand,NZ,Asia-Pacific,GDP,-1.1813696792262878,-0.378730794670723,6.719820826448597
2011-04-01,New Zealand,NZ,Asia-Pacific,GDP,-0.8037746810463011,-0.08648170847624925,3.3784121141039236
2011-07-01,New Zealand,NZ,Asia-Pacific,GDP,-0.23707650036988193,2.391499345369752,4.243009863748171
2011-10-01,New Zealand,NZ,Asia-Pacific,GDP,0.06796233781156645,4.4120648179452715,3.307016467480395
2012-01-01,New Zealand,NZ,Asia-Pacific,GDP,-0.28660068490855145,2.927389426430338,0.7811192603888628
2012-04-01,New Zealand,NZ,Asia-Pacific,GDP,-0.2227616485633594,2.7251048733573313,2.569273901811897
2012-07-01,New Zealand,NZ,Asia-Pacific,GDP,-0.20755395688121064,2.2870060562343753,2.4906145952563463
2012-10-01,New Zealand,NZ,Asia-Pacific,GDP,0.2684812191529936,2.5728902812579335,4.450553367574628
2013-01-01,New Zealand,NZ,Asia-Pacific,GDP,0.12470393729783688,2.8996545283728636,2.0881762488485833
2013-04-01,New Zealand,NZ,Asia-Pacific,GDP,-1.0310498290268602,1.7968505791126077,-1.8419418952291267
2013-07-01,New Zealand,NZ,Asia-Pacific,GDP,-0.8638924819382842,2.0663762285577647,3.5687171930369743
2013-10-01,New Zealand,NZ,Asia-Pacific,GDP,-1.0576256718981651,1.5144426105880626,2.2428188956958195
2014-01-01,New Zealand,NZ,Asia-Pacific,GDP,-0.7379094403229484,2.0950910278068946,4.410769917723911
2014-04-01,New Zealand,NZ,Asia-Pacific,GDP,-1.0821984904602977,3.0212633885183138,1.86274754761655
2014-07-01,New Zealand,NZ,Asia-Pacific,GDP,-0.6581998590242605,3.3880585097358917,5.035897677907286
2014-10-01,New Zealand,NZ,Asia-Pacific,GDP,-0.21578120205084128,4.127071869582544,5.198872335082427
2015-01-01,New Zealand,NZ,Asia-Pacific,GDP,-0.2970586510907475,3.8196374195104354,3.1810321174354783
2015-04-01,New Zealand,NZ,Asia-Pacific,GDP,-0.37735484635233096,4.166203416938963,3.2490115373306594
2015-07-01,New Zealand,NZ,Asia-Pacific,GDP,0.10559949998857512,4.2953379125297175,5.552435660270305
2015-10-01,New Zealand,NZ,Asia-Pacific,GDP,0.17332128600127675,3.977457713788901,3.9273515401191617
2016-01-01,New Zealand,NZ,Asia-Pacific,GDP,0.23995943906314185,4.1683375076448925,3.944551292859444
2016-04-01,New Zealand,NZ,Asia-Pacific,GDP,0.4868216079372488,4.524360400124472,4.673103107248977
2016-07-01,New Zealand,NZ,Asia-Pacific,GDP,0.36247672232474865,3.931914486466326,3.1826520056377205
2016-10-01,New Zealand,NZ,Asia-Pacific,GDP,-0.37508204269737094,3.128104607323756,0.7121120235488831
2017-01-01,New Zealand,NZ,Asia-Pacific,GDP,0.1662074900894966,3.5916331244475685,5.7986653613546935
2017-04-01,New Zealand,NZ,Asia-Pacific,GDP,0.3408609628288272,3.4961543910473125,4.291188173647953
2017-07-01,New Zealand,NZ,Asia-Pacific,GDP,0.5123769788292981,3.7569983455915335,4.226027823814604
2017-10-01,New Zealand,NZ,Asia-Pacific,GDP,0.9213474074247799,4.857072721794964,5.112409528362605
2018-01-01,New Zealand,NZ,Asia-Pacific,GDP,1.15540411671557,4.492349937657458,4.339774224804671
2018-04-01,New Zealand,NZ,Asia-Pacific,GDP,1.197107810693293,4.292088050551612,3.4901406252245692
2018-07-01,New Zealand,NZ,Asia-Pacific,GDP,0.44911459144768123,3.2972758026746263,0.24677883230665998
2018-10-01,New Zealand,NZ,Asia-Pacific,GDP,1.2564258248427873,3.6146890882527316,6.382062670675026
2019-01-01,New Zealand,NZ,Asia-Pacific,GDP,1.7133568668140302,3.753338253824978,4.8943708870936575
2019-04-01,New Zealand,NZ,Asia-Pacific,GDP,0.9598243007868543,2.87311546154001,-0.030750543915303297
2019-07-01,New Zealand,NZ,Asia-Pacific,GDP,1.0598678678814915,3.6382893536119454,3.3074744005944012
2019-10-01,New Zealand,NZ,Asia-Pacific,GDP,1.0562538442078842,2.749361541276585,2.826351421333584
2020-01-01,New Zealand,NZ,Asia-Pacific,GDP,-0.4614067154292225,0.7047461451909598,-3.2840906972488426
2020-04-01,New Zealand,NZ,Asia-Pacific,GDP,-11.656775190009455,-9.796141482750187,-42.03430105567989
2020-07-01,New Zealand,NZ,Asia-Pacific,GDP,0.7708482003882444,2.4849927833148655,52.43201146485461
2020-10-01,New Zealand,NZ,Asia-Pacific,GDP,0.5770873761666919,2.2547553000581644,1.9054014883067794
2021-01-01,New Zealand,NZ,Asia-Pacific,GDP,1.9256087639613062,5.080769514397332,8.019966160107828
2021-04-01,New Zealand,NZ,Asia-Pacific,GDP,2.069179908830978,16.372732946415347,3.1335526723921703
2021-07-01,New Zealand,NZ,Asia-Pacific,GDP,-3.066744011432222,-1.2498385252976973,-18.058274421997567
2021-10-01,New Zealand,NZ,Asia-Pacific,GDP,0.32724688355928283,2.27018026189878,15.985476637092688
2022-01-01,New Zealand,NZ,Asia-Pacific,GDP,-0.19006578461469928,0.32884521047265025,0.25462595440330915
2022-04-01,New Zealand,NZ,Asia-Pacific,GDP,0.5287194323445009,0.8215747808792528,5.104470954018581
2022-07-01,New Zealand,NZ,Asia-Pacific,GDP,2.187934320185096,7.526707841697444,8.762257821275199
2022-10-01,New Zealand,NZ,Asia-Pacific,GDP,1.9844882497997447,3.8302433562572347,1.19961869533185
2023-01-01,New Zealand,NZ,Asia-Pacific,GDP,1.3397166708822243,3.5965187994547065,-0.6802722728068034
2023-04-01,New Zealand,NZ,Asia-Pacific,GDP,1.6242569436496865,3.051589505844454,2.9247537795775713
2023-07-01,New Zealand,NZ,Asia-Pacific,GDP,1.0781183633077263,0.7349085215546225,-0.5044661158841279
2023-10-01,New Zealand,NZ,Asia-Pacific,GDP,1.1223014572430898,0.8750272506945933,1.7600936118917332
2024-01-01,New Zealand,NZ,Asia-Pacific,GDP,0.8772246028370062,1.1747952335941392,0.5187996587913801
2024-04-01,New Zealand,NZ,Asia-Pacific,GDP,0.11347355768203618,0.037388613525557446,-1.6248727006967556
2024-07-01,New Zealand,NZ,Asia-Pacific,GDP,-1.5411605236842538,-1.1464720618247881,-5.23990881728551
2024-10-01,New Zealand,NZ,Asia-Pacific,GDP,-1.6881866335239883,-1.3973018633675949,0.7567744057205061
2025-01-01,New Zealand,NZ,Asia-Pacific,GDP,-0.8391451933946371,-0.34670219060775054,4.7211983498307575
2025-04-01,New Zealand,NZ,Asia-Pacific,GDP,-2.0015362071096896,-0.7741579605742288,-3.3346957805626687
2025-07-01,New Zealand,NZ,Asia-Pacific,GDP,-1.0320948996064456,1.833332560512524,5.190053267061501
1987-04-01,New Zealand,NZ,Asia-Pacific,Investment,0.8982350176040442,NA,NA
1987-07-01,New Zealand,NZ,Asia-Pacific,Investment,-0.35679057778942325,NA,-6.983221404242812
1987-10-01,New Zealand,NZ,Asia-Pacific,Investment,-1.9322965578731512,NA,-8.262897355459842
1988-01-01,New Zealand,NZ,Asia-Pacific,Investment,2.169427770340579,NA,14.449623076373541
1988-04-01,New Zealand,NZ,Asia-Pacific,Investment,0.7266774505462862,-2.1311622826598153,-7.728153447310149
1988-07-01,New Zealand,NZ,Asia-Pacific,Investment,0.09149661345875812,-1.509308683850108,-4.495807009003983
1988-10-01,New Zealand,NZ,Asia-Pacific,Investment,-1.4976769499148703,-1.5200709134632007,-8.305946273912213
1989-01-01,New Zealand,NZ,Asia-Pacific,Investment,2.896338685592335,-1.223318173522081,15.63663403613802
1989-04-01,New Zealand,NZ,Asia-Pacific,Investment,6.809852476977965,4.13989465232909,13.724697856094537
1989-07-01,New Zealand,NZ,Asia-Pacific,Investment,2.8833837172249908,0.8594282487333516,-17.617672623386937
1989-10-01,New Zealand,NZ,Asia-Pacific,Investment,10.827081415612843,10.412181340729276,29.905066094071486
1990-01-01,New Zealand,NZ,Asia-Pacific,Investment,7.165499741309941,2.392458608524528,-16.442256892680973
1990-04-01,New Zealand,NZ,Asia-Pacific,Investment,6.531717825087845,-2.0883343639223284,-4.198474033692889
1990-07-01,New Zealand,NZ,Asia-Pacific,Investment,7.054373366748059,2.4752244660517064,0.6365626965092019
1990-10-01,New Zealand,NZ,Asia-Pacific,Investment,9.71893014725736,-2.624420328178978,9.506486917148749
1991-01-01,New Zealand,NZ,Asia-Pacific,Investment,-4.09489985051692,-12.512374262697712,-55.99407263075591
1991-04-01,New Zealand,NZ,Asia-Pacific,Investment,-14.6105431149059,-22.026098880931677,-42.25337250662875
1991-07-01,New Zealand,NZ,Asia-Pacific,Investment,-11.24413107913426,-18.698356989976617,13.947530260329444
1991-10-01,New Zealand,NZ,Asia-Pacific,Investment,-12.155713628722587,-21.67586984347718,-2.4035644968535053
1992-01-01,New Zealand,NZ,Asia-Pacific,Investment,-7.480862912520939,-2.4865657255864093,20.763143840807174
1992-04-01,New Zealand,NZ,Asia-Pacific,Investment,-12.703554022115565,3.5826909556446296,-17.976345781704595
1992-07-01,New Zealand,NZ,Asia-Pacific,Investment,-13.743386559237278,0,-0.38323356224907457
1992-10-01,New Zealand,NZ,Asia-Pacific,Investment,-11.273714565813581,4.224817087546562,14.495703853332742
1993-01-01,New Zealand,NZ,Asia-Pacific,Investment,-8.79305394856797,2.8653962622090745,15.325460539457225
1993-04-01,New Zealand,NZ,Asia-Pacific,Investment,-5.478503651365832,12.200362722921199,19.363520061143902
1993-07-01,New Zealand,NZ,Asia-Pacific,Investment,0.31567411167460896,19.765982789110836,29.879246702509477
1993-10-01,New Zealand,NZ,Asia-Pacific,Investment,-0.6374499128866673,16.984125837562125,3.368276047137897
1994-01-01,New Zealand,NZ,Asia-Pacific,Investment,-1.4365303554064128,14.238884645858363,4.344495772642176
1994-04-01,New Zealand,NZ,Asia-Pacific,Investment,4.051040731208639,16.830845271582184,29.731362564039188
1994-07-01,New Zealand,NZ,Asia-Pacific,Investment,5.0581592622999345,12.342642838063256,11.926436968433762
1994-10-01,New Zealand,NZ,Asia-Pacific,Investment,5.724422550689636,14.142236870672953,10.566652177576685
1995-01-01,New Zealand,NZ,Asia-Pacific,Investment,4.448144751729929,13.730993167448347,2.699520959743751
1995-04-01,New Zealand,NZ,Asia-Pacific,Investment,7.159637752674579,10.914988851168062,18.467345298918048
1995-07-01,New Zealand,NZ,Asia-Pacific,Investment,5.093857751442918,7.708335308969971,-0.9001772003585984
1995-10-01,New Zealand,NZ,Asia-Pacific,Investment,6.421891962003941,8.156516419699145,12.359376620493379
1996-01-01,New Zealand,NZ,Asia-Pacific,Investment,6.620511323488267,9.352005256388196,7.481476306499957
1996-04-01,New Zealand,NZ,Asia-Pacific,Investment,6.61096735364311,6.300193657166631,6.260098902031785
1996-07-01,New Zealand,NZ,Asia-Pacific,Investment,4.955485188795142,6.344160497185314,-0.7243098402838655
1996-10-01,New Zealand,NZ,Asia-Pacific,Investment,3.0804352280553413,2.7546559793304226,-1.9986414509261863
1997-01-01,New Zealand,NZ,Asia-Pacific,Investment,4.140155513181389,3.2246277411214663,9.361363353664132
1997-04-01,New Zealand,NZ,Asia-Pacific,Investment,16.178866086741863,14.890336431813544,52.9229336648001
1997-07-01,New Zealand,NZ,Asia-Pacific,Investment,5.30416740561806,5.308899274013612,-39.050058471483595
1997-10-01,New Zealand,NZ,Asia-Pacific,Investment,-2.348053713330414,-0.792445475769199,-26.40402045005743
1998-01-01,New Zealand,NZ,Asia-Pacific,Investment,-1.7818268970779958,-1.5541257211211246,6.314642372256429
1998-04-01,New Zealand,NZ,Asia-Pacific,Investment,-1.6827985910656749,-13.691460990493987,4.37359258730865
1998-07-01,New Zealand,NZ,Asia-Pacific,Investment,-11.178270696964109,-12.42850792188861,-33.99824619706209
1998-10-01,New Zealand,NZ,Asia-Pacific,Investment,-5.665442766391712,0.7013292963446105,26.11532842287545
1999-01-01,New Zealand,NZ,Asia-Pacific,Investment,-4.995938776958912,0.8398369698831232,6.86867306641048
1999-04-01,New Zealand,NZ,Asia-Pacific,Investment,-4.4538644487790355,1.375863112209963,6.517697156616009
1999-07-01,New Zealand,NZ,Asia-Pacific,Investment,-1.3849553990436057,14.076272476034646,16.803391258236644
1999-10-01,New Zealand,NZ,Asia-Pacific,Investment,9.349233818903187,19.4602766117006,47.651344965539266
2000-01-01,New Zealand,NZ,Asia-Pacific,Investment,5.9608566580168425,15.581340323904413,-8.647072084774265
2000-04-01,New Zealand,NZ,Asia-Pacific,Investment,-3.4785548352226323,5.7941729262356745,-32.63097243405895
2000-07-01,New Zealand,NZ,Asia-Pacific,Investment,-0.4846745837842545,5.934755657060009,17.365722181533982
2000-10-01,New Zealand,NZ,Asia-Pacific,Investment,-4.8301129866480315,-8.90143821660665,-11.693430529127369
2001-01-01,New Zealand,NZ,Asia-Pacific,Investment,-14.151547164602091,-14.55614748034666,-31.265909139734305
2001-04-01,New Zealand,NZ,Asia-Pacific,Investment,-4.951779440114916,4.394523193299094,43.171710260524065
2001-07-01,New Zealand,NZ,Asia-Pacific,Investment,-7.255250337272375,-0.5725333527674792,-2.5025040027323087
2001-10-01,New Zealand,NZ,Asia-Pacific,Investment,-2.17332267986807,9.188669135280492,27.351379423064515
2002-01-01,New Zealand,NZ,Asia-Pacific,Investment,-0.22721275183447062,20.77409856309309,15.075808571516092
2002-04-01,New Zealand,NZ,Asia-Pacific,Investment,-5.910844662202182,6.174800706844685,-15.225481164469556
2002-07-01,New Zealand,NZ,Asia-Pacific,Investment,-2.5216917053805568,12.108613067955964,21.232745441712808
2002-10-01,New Zealand,NZ,Asia-Pacific,Investment,-1.2990489812108024,8.43787422635991,12.668424056680294
2003-01-01,New Zealand,NZ,Asia-Pacific,Investment,-3.89492662252534,4.025019663282059,-2.57560968079531
2003-04-01,New Zealand,NZ,Asia-Pacific,Investment,0.02232575213053853,13.68939962039466,23.432038663980848
2003-07-01,New Zealand,NZ,Asia-Pacific,Investment,-0.29948546128928666,9.967777218079021,6.346255832450254
2003-10-01,New Zealand,NZ,Asia-Pacific,Investment,1.9060249088222008,10.861024389310359,16.241412741605643
2004-01-01,New Zealand,NZ,Asia-Pacific,Investment,8.229926595912026,19.608801540797494,32.41549892515323
2004-04-01,New Zealand,NZ,Asia-Pacific,Investment,6.7249534168505045,13.930775819566854,0.7199357790582894
2004-07-01,New Zealand,NZ,Asia-Pacific,Investment,5.876124690233735,13.070321893132686,2.904440126713581
2004-10-01,New Zealand,NZ,Asia-Pacific,Investment,2.2852716731515397,6.8732367341405975,-8.54692789436271
2005-01-01,New Zealand,NZ,Asia-Pacific,Investment,-0.14119588029479213,-2.330928993247916,-4.401163984400824
2005-04-01,New Zealand,NZ,Asia-Pacific,Investment,5.619890736750024,4.4427072736873185,27.814480846799228
2005-07-01,New Zealand,NZ,Asia-Pacific,Investment,5.978109638516034,5.127920051767809,5.645291239035544
2005-10-01,New Zealand,NZ,Asia-Pacific,Investment,4.807514855483149,7.00545717139569,-1.0367794158511856
2006-01-01,New Zealand,NZ,Asia-Pacific,Investment,1.6453717598742534,5.7147630482980105,-9.563940476791544
2006-04-01,New Zealand,NZ,Asia-Pacific,Investment,-3.9121164292108683,-6.160962605686926,-19.68842176914052
2006-07-01,New Zealand,NZ,Asia-Pacific,Investment,0.8799840603513145,-2.275082328296385,21.188812348597708
2006-10-01,New Zealand,NZ,Asia-Pacific,Investment,0.6845767585201765,-1.833422320160416,0.7298606166926902
2007-01-01,New Zealand,NZ,Asia-Pacific,Investment,3.3850642347253364,3.5122925873317,11.818919153176921
2007-04-01,New Zealand,NZ,Asia-Pacific,Investment,3.815198035774618,8.99917185698147,2.2590953094585586
2007-07-01,New Zealand,NZ,Asia-Pacific,Investment,7.397776799148559,7.305728797036082,14.415040108816157
2007-10-01,New Zealand,NZ,Asia-Pacific,Investment,9.905023360288704,9.546760727408632,9.69398833818289
2008-01-01,New Zealand,NZ,Asia-Pacific,Investment,7.538148781982764,4.0496277763496735,-10.169612651058912
2008-04-01,New Zealand,NZ,Asia-Pacific,Investment,9.49656581095447,5.195305557793972,6.841806435235753
2008-07-01,New Zealand,NZ,Asia-Pacific,Investment,2.866770850552787,-5.334598070529317,-27.704574404477
2008-10-01,New Zealand,NZ,Asia-Pacific,Investment,-1.155060359387906,-12.094669257507107,-17.346296409728268
2009-01-01,New Zealand,NZ,Asia-Pacific,Investment,-5.828137509345469,-14.526699688402545,-19.897734374640663
2009-04-01,New Zealand,NZ,Asia-Pacific,Investment,-5.856617432351639,-16.52254242729363,-1.1415645203285862
2009-07-01,New Zealand,NZ,Asia-Pacific,Investment,-8.693005984382781,-12.617837146760102,-12.085753282342893
2009-10-01,New Zealand,NZ,Asia-Pacific,Investment,-9.49119854009292,-9.16888811407226,-3.550500278976898
2010-01-01,New Zealand,NZ,Asia-Pacific,Investment,-7.849000719317746,-2.527749271891011,6.666820994084333
2010-04-01,New Zealand,NZ,Asia-Pacific,Investment,-7.116830832187872,-1.3593501969817012,3.532031779308653
2010-07-01,New Zealand,NZ,Asia-Pacific,Investment,-6.982781947136897,2.0807907590256747,1.674810541686611
2010-10-01,New Zealand,NZ,Asia-Pacific,Investment,-3.8087467692452317,6.563957493157524,14.3821666575505
2011-01-01,New Zealand,NZ,Asia-Pacific,Investment,-1.6113573508743513,7.651673690363658,11.01768578290887
2011-04-01,New Zealand,NZ,Asia-Pacific,Investment,-4.805419333933705,4.263453668697892,-10.020848307354413
2011-07-01,New Zealand,NZ,Asia-Pacific,Investment,-4.375102125498027,5.091021266457041,4.985080932723207
2011-10-01,New Zealand,NZ,Asia-Pacific,Investment,-1.7807712136094604,5.025148509803579,14.11867563093665
2012-01-01,New Zealand,NZ,Asia-Pacific,Investment,1.0594632551485552,6.155231913528247,15.538019397807545
2012-04-01,New Zealand,NZ,Asia-Pacific,Investment,-0.09973320468887464,8.642884727810696,-0.07023705022461968
2012-07-01,New Zealand,NZ,Asia-Pacific,Investment,-2.92985064058204,5.794597668879042,-6.408067303003406
2012-10-01,New Zealand,NZ,Asia-Pacific,Investment,-1.3229696088237937,5.1754080789272905,11.641917271129643
2013-01-01,New Zealand,NZ,Asia-Pacific,Investment,-0.851676183281436,3.1284957232941224,7.350369975274873
2013-04-01,New Zealand,NZ,Asia-Pacific,Investment,0.41925043577847443,5.832357705803659,10.745210879813527
2013-07-01,New Zealand,NZ,Asia-Pacific,Investment,1.7301155292308432,10.195536711267827,11.044648718853267
2013-10-01,New Zealand,NZ,Asia-Pacific,Investment,1.428301759274095,8.454567679429736,4.678041143777278
2014-01-01,New Zealand,NZ,Asia-Pacific,Investment,2.356432836229639,9.024644594586206,9.630677635900753
2014-04-01,New Zealand,NZ,Asia-Pacific,Investment,3.201282218182836,8.65902385980224,9.28272794067766
2014-07-01,New Zealand,NZ,Asia-Pacific,Investment,5.379351053603444,9.53761015552299,14.558993901736272
2014-10-01,New Zealand,NZ,Asia-Pacific,Investment,3.815678467110079,8.243507526882965,-0.49836937078282517
2015-01-01,New Zealand,NZ,Asia-Pacific,Investment,1.7420766098382496,5.173632769613334,-2.6488213931777693
2015-04-01,New Zealand,NZ,Asia-Pacific,Investment,1.6956875705330388,4.187574979733277,5.338496781157431
2015-07-01,New Zealand,NZ,Asia-Pacific,Investment,3.6002695656224897,3.801427717919026,13.014404854479267
2015-10-01,New Zealand,NZ,Asia-Pacific,Investment,-0.17894381934950748,1.4632809411590841,-9.850956477822592
2016-01-01,New Zealand,NZ,Asia-Pacific,Investment,-0.2934557705794143,3.296602882254618,4.6844663712043655
2016-04-01,New Zealand,NZ,Asia-Pacific,Investment,0.17801759526063152,3.689822266992593,6.911374320109331
2016-07-01,New Zealand,NZ,Asia-Pacific,Investment,0.3507585793987092,1.8374779036394173,5.605027401066565
2016-10-01,New Zealand,NZ,Asia-Pacific,Investment,-2.752376954796229,2.399258249752023,-7.603835093372169
2017-01-01,New Zealand,NZ,Asia-Pacific,Investment,-3.0029110455350416,2.1551796886814856,3.708152126922215
2017-04-01,New Zealand,NZ,Asia-Pacific,Investment,-1.8137358853276881,2.7694929842457583,9.368627502366422
2017-07-01,New Zealand,NZ,Asia-Pacific,Investment,-0.504986242086617,3.803514497413296,9.741113453736716
2017-10-01,New Zealand,NZ,Asia-Pacific,Investment,2.3827853902169682,9.689324455027482,15.939404737084573
2018-01-01,New Zealand,NZ,Asia-Pacific,Investment,1.7402465622958374,9.184066189682127,1.6871190655407986
2018-04-01,New Zealand,NZ,Asia-Pacific,Investment,2.6118415295552784,8.743239369428224,7.605320221350809
2018-07-01,New Zealand,NZ,Asia-Pacific,Investment,-0.18192292374970798,4.508613240073878,-7.197391063680669
2018-10-01,New Zealand,NZ,Asia-Pacific,Investment,1.0134457892854114,2.6791265620198956,8.621458024868645
2019-01-01,New Zealand,NZ,Asia-Pacific,Investment,2.1236916663404033,4.293951376332217,8.146418322790083
2019-04-01,New Zealand,NZ,Asia-Pacific,Investment,2.087248420937892,3.250316897976546,3.4307823079281263
2019-07-01,New Zealand,NZ,Asia-Pacific,Investment,1.2346981009497349,5.061777800608169,0.04845254684582301
2019-10-01,New Zealand,NZ,Asia-Pacific,Investment,1.7668285403167228,4.277780870608794,5.485470304871143
2020-01-01,New Zealand,NZ,Asia-Pacific,Investment,-2.7886218886844145,-1.4956425899386616,-14.947275519399739
2020-04-01,New Zealand,NZ,Asia-Pacific,Investment,-22.252281444120676,-21.013046760918463,-74.63883437599108
2020-07-01,New Zealand,NZ,Asia-Pacific,Investment,0.2487806083825792,2.2693546399056075,93.1780581501421
2020-10-01,New Zealand,NZ,Asia-Pacific,Investment,0.15408089089192362,1.5765157902270843,2.71411490615705
2021-01-01,New Zealand,NZ,Asia-Pacific,Investment,4.046877049254903,9.949565154751738,18.544921938698877
2021-04-01,New Zealand,NZ,Asia-Pacific,Investment,1.019864321628941,26.286427453558048,-9.291385180765843
2021-07-01,New Zealand,NZ,Asia-Pacific,Investment,-3.659497897072015,-1.029495242124412,-16.085632632587732
2021-10-01,New Zealand,NZ,Asia-Pacific,Investment,5.3975936359257,7.954502190205304,38.65010463547591
2022-01-01,New Zealand,NZ,Asia-Pacific,Investment,5.167755412379179,3.6327544241846255,1.2579308746161644
2022-04-01,New Zealand,NZ,Asia-Pacific,Investment,0.5617689434143751,1.8276007559757446,-16.511999853601367
2022-07-01,New Zealand,NZ,Asia-Pacific,Investment,5.811202146320145,11.508103280124082,22.63637746400562
2022-10-01,New Zealand,NZ,Asia-Pacific,Investment,3.1959846704449935,-0.4299443342363318,-9.102085821965744
2023-01-01,New Zealand,NZ,Asia-Pacific,Investment,4.095451034969444,0.4267623904041784,4.684757773178205
2023-04-01,New Zealand,NZ,Asia-Pacific,Investment,3.8823205160162972,4.549371663525292,-0.021562761116911133
2023-07-01,New Zealand,NZ,Asia-Pacific,Investment,1.320418641051202,-3.5213186504492455,-9.646383791892532
2023-10-01,New Zealand,NZ,Asia-Pacific,Investment,0.9032963502656876,-1.5610716616965448,-1.261097866954941
2024-01-01,New Zealand,NZ,Asia-Pacific,Investment,-0.18445932675274432,-3.756826000520519,-4.0982595821176915
2024-04-01,New Zealand,NZ,Asia-Pacific,Investment,-1.810275688798723,-5.342352312749732,-6.363668010033763
2024-07-01,New Zealand,NZ,Asia-Pacific,Investment,-4.881555754163195,-5.985178159027882,-12.217687177005132
2024-10-01,New Zealand,NZ,Asia-Pacific,Investment,-5.141920876416846,-5.922332720632362,-1.0097161133728605
2025-01-01,New Zealand,NZ,Asia-Pacific,Investment,-4.566781323989395,-4.317546417092544,2.3208856320415805
2000-01-01,Philippines,PH,ASEAN,Consumption,0.5158122500715848,NA,NA
2000-04-01,Philippines,PH,ASEAN,Consumption,1.9426991860027498,NA,10.497510297312118
2000-07-01,Philippines,PH,ASEAN,Consumption,-0.08810938183935967,NA,-3.331982187155802
2000-10-01,Philippines,PH,ASEAN,Consumption,-0.9756211282571767,NA,1.2486409077567373
2001-01-01,Philippines,PH,ASEAN,Consumption,-0.11867795964471349,4.163497850035469,8.239822382228823
2001-04-01,Philippines,PH,ASEAN,Consumption,-1.2474073962733336,1.617615457690036,0.31398072793038523
2001-07-01,Philippines,PH,ASEAN,Consumption,-0.6123719143272992,4.297880861056669,7.38907942631073
2001-10-01,Philippines,PH,ASEAN,Consumption,-0.39151905415385213,5.423835559674295,5.752459702227242
2002-01-01,Philippines,PH,ASEAN,Consumption,-1.6665787944859238,3.3107451822049327,-0.21253912764862548
2002-04-01,Philippines,PH,ASEAN,Consumption,0.04346401308147726,6.168271162122174,11.744084647599351
2002-07-01,Philippines,PH,ASEAN,Consumption,0.4446069440836042,5.950524877921026,6.518094289506138
2002-10-01,Philippines,PH,ASEAN,Consumption,-0.9075931782428234,4.389368814591776,-0.49216455108975765
2003-01-01,Philippines,PH,ASEAN,Consumption,-0.4328581129463629,6.1458299250116255,6.813305314030771
2003-04-01,Philippines,PH,ASEAN,Consumption,-0.09609665922557814,4.772680448442301,6.251486741322054
2003-07-01,Philippines,PH,ASEAN,Consumption,-0.055329843382629584,4.405369045337615,5.048848677087392
2003-10-01,Philippines,PH,ASEAN,Consumption,-0.22824663559782707,5.57002995915159,4.166479104166143
2004-01-01,Philippines,PH,ASEAN,Consumption,0.8756113783891335,6.175910939571949,9.236829235712207
2004-04-01,Philippines,PH,ASEAN,Consumption,-0.6850685385989281,4.246100216588111,-1.4677561506132975
2004-07-01,Philippines,PH,ASEAN,Consumption,1.0513191744081087,5.900534338872454,11.666585166224763
2004-10-01,Philippines,PH,ASEAN,Consumption,1.5770579490095078,6.549127562180068,6.7608519973966
2005-01-01,Philippines,PH,ASEAN,Consumption,1.0133506098803724,4.823257806537384,2.333350213141472
2005-04-01,Philippines,PH,ASEAN,Consumption,0.3093569891252524,5.615159466203146,1.6998504880497478
2005-07-01,Philippines,PH,ASEAN,Consumption,0.47725971612374085,3.9772575215835104,5.114977387746222
2005-10-01,Philippines,PH,ASEAN,Consumption,0.1644024474096225,3.067081625564505,3.120148413320578
2006-01-01,Philippines,PH,ASEAN,Consumption,0.1343835935058938,3.529138004784116,4.181575730019915
2006-04-01,Philippines,PH,ASEAN,Consumption,0.8010814866505961,4.829372890477401,6.90079003082289
2006-07-01,Philippines,PH,ASEAN,Consumption,0.2742634503252956,4.066049353462731,2.0616832396875395
2006-10-01,Philippines,PH,ASEAN,Consumption,-0.07732368573739548,3.9615562714661934,2.702176085334429
2007-01-01,Philippines,PH,ASEAN,Consumption,-0.020183781135306184,3.9866502062281484,4.281951469067735
2007-04-01,Philippines,PH,ASEAN,Consumption,1.1685880753972593,4.451065489804229,8.758451165127212
2007-07-01,Philippines,PH,ASEAN,Consumption,1.1500401537512537,4.906694217022611,3.884198148561069
2007-10-01,Philippines,PH,ASEAN,Consumption,1.2500704773679667,5.311528421628786,4.321512903759128
2008-01-01,Philippines,PH,ASEAN,Consumption,1.1293432923543463,5.094124409803946,3.4123354217683755
2008-04-01,Philippines,PH,ASEAN,Consumption,0.12426161241499813,2.870198105815369,-0.13725405082709585
2008-07-01,Philippines,PH,ASEAN,Consumption,1.4250522882729482,4.1718643667444155,9.090863192277254
2008-10-01,Philippines,PH,ASEAN,Consumption,0.47127197518764036,3.1150653966191655,0.09431702325812807
2009-01-01,Philippines,PH,ASEAN,Consumption,-0.9819756808455071,1.7966960501221152,-1.8611419642198257
2009-04-01,Philippines,PH,ASEAN,Consumption,0.3767975187936052,4.193810217898886,9.451202620279986
2009-07-01,Philippines,PH,ASEAN,Consumption,-1.1593230598819226,1.409915546611451,-2.044715492872484
2009-10-01,Philippines,PH,ASEAN,Consumption,-1.099188315279798,2.4974114489060284,4.444300632436438
2010-01-01,Philippines,PH,ASEAN,Consumption,-1.309722064577277,3.833462193330739,3.4830610134790163
2010-04-01,Philippines,PH,ASEAN,Consumption,-1.605656891101332,2.2900571919777235,3.2775826148679243
2010-07-01,Philippines,PH,ASEAN,Consumption,-2.5102159790215803,3.048893247213691,0.9906287280713855
2010-10-01,Philippines,PH,ASEAN,Consumption,-0.8319810751780936,4.807005829149524,11.476750960179771
2011-01-01,Philippines,PH,ASEAN,Consumption,-1.700194509443656,4.297998435558448,1.4470314391147099
2011-04-01,Philippines,PH,ASEAN,Consumption,-1.3674028422229045,5.0801461043565865,6.4061732900604795
2011-07-01,Philippines,PH,ASEAN,Consumption,-0.8407794960322863,6.6653435669129735,7.331418578296933
2011-10-01,Philippines,PH,ASEAN,Consumption,-0.373716135974398,5.60477478346133,7.234475826373199
2012-01-01,Philippines,PH,ASEAN,Consumption,-0.25484109408214356,6.736091028139768,5.97229641782846
2012-04-01,Philippines,PH,ASEAN,Consumption,0.12461359139306472,6.917930514986814,7.133531237448665
2012-07-01,Philippines,PH,ASEAN,Consumption,0.32142181606092773,6.712467599898275,6.509566917942777
2012-10-01,Philippines,PH,ASEAN,Consumption,0.0494748617569556,6.086144777853164,4.729184538192754
2013-01-01,Philippines,PH,ASEAN,Consumption,-0.7089789358093049,5.3097246404547604,2.8666158682348453
2013-04-01,Philippines,PH,ASEAN,Consumption,-0.3666097716686131,5.361919449158137,7.34231047226217
2013-07-01,Philippines,PH,ASEAN,Consumption,0.5867749083293098,6.1960144445873055,9.845946899659452
2013-10-01,Philippines,PH,ASEAN,Consumption,-0.1949129245604306,5.751589883643327,2.9514862944168385
2014-01-01,Philippines,PH,ASEAN,Consumption,-0.6682322427144027,6.089563871404202,4.218511819278348
2014-04-01,Philippines,PH,ASEAN,Consumption,-0.5841064067124295,5.871255913118567,6.46907863911963
2014-07-01,Philippines,PH,ASEAN,Consumption,-0.3620191643059637,5.166587844365544,7.027274624647362
2014-10-01,Philippines,PH,ASEAN,Consumption,-1.044736297658442,5.27834411381054,3.398511372196822
2015-01-01,Philippines,PH,ASEAN,Consumption,-1.011903045855119,5.782307660533448,6.234366006169978
2015-04-01,Philippines,PH,ASEAN,Consumption,-0.3103993356051672,6.380859984585285,8.86328793532698
2015-07-01,Philippines,PH,ASEAN,Consumption,-0.17775856941270804,6.254074703141832,6.520133498873548
2015-10-01,Philippines,PH,ASEAN,Consumption,-0.5428379516821125,6.514154732809985,4.438831490869433
2016-01-01,Philippines,PH,ASEAN,Consumption,-0.1395627101529861,6.805229586655059,7.398665421550277
2016-04-01,Philippines,PH,ASEAN,Consumption,1.1080392722975092,7.248874496695024,10.637867575486837
2016-07-01,Philippines,PH,ASEAN,Consumption,1.2954279702358935,7.177351240896179,6.234040475678171
2016-10-01,Philippines,PH,ASEAN,Consumption,0.4382481093049596,6.535316674331426,1.8706932246104202
2017-01-01,Philippines,PH,ASEAN,Consumption,0.13536003320130385,5.6566320350498245,3.88392686442387
2017-04-01,Philippines,PH,ASEAN,Consumption,1.8861843590835259,5.966434668488141,11.877078109240102
2017-07-01,Philippines,PH,ASEAN,Consumption,1.6946557713613288,5.375059956605277,3.8685416281467155
2017-10-01,Philippines,PH,ASEAN,Consumption,1.7797152762395914,6.08815119275814,4.723058169221872
2018-01-01,Philippines,PH,ASEAN,Consumption,1.166321583275648,5.534403272978139,1.6689351853038659
2018-04-01,Philippines,PH,ASEAN,Consumption,3.883390275566615,6.24674611035374,14.726449458742508
2018-07-01,Philippines,PH,ASEAN,Consumption,2.9375865395473397,5.2319895050287,-0.1904847931534448
2018-10-01,Philippines,PH,ASEAN,Consumption,3.3153244314341674,5.2629340588310924,4.846836384431441
2019-01-01,Philippines,PH,ASEAN,Consumption,3.5962228502325626,5.900344344755659,4.218576329002133
2019-04-01,Philippines,PH,ASEAN,Consumption,6.584404258940324,5.9264913819717435,14.831037607606845
2019-07-01,Philippines,PH,ASEAN,Consumption,5.521327972107509,5.584752126155124,-1.5574418164199244
2019-10-01,Philippines,PH,ASEAN,Consumption,6.0502890739604505,5.542278566615799,4.676942146274143
2020-01-01,Philippines,PH,ASEAN,Consumption,1.191286013532372,0.25133605307701146,-16.94519372515302
2020-04-01,Philippines,PH,ASEAN,Consumption,-11.768915863427159,-15.791837379112472,-49.34165612115109
2020-07-01,Philippines,PH,ASEAN,Consumption,-6.461101445937199,-9.447393866447662,23.820332234239316
2020-10-01,Philippines,PH,ASEAN,Consumption,-5.451255252775459,-8.923991769935036,6.770550532324648
2021-01-01,Philippines,PH,ASEAN,Consumption,-5.92602677826435,-4.435146809318802,1.0101861173119175
2021-04-01,Philippines,PH,ASEAN,Consumption,-7.157232717003772,7.446502733458615,-1.815057950041421
2021-07-01,Philippines,PH,ASEAN,Consumption,-2.9958328892949573,6.4822773650272225,19.963430760513745
2021-10-01,Philippines,PH,ASEAN,Consumption,-1.3079220444421353,7.356444594739386,10.267219451173304
2022-01-01,Philippines,PH,ASEAN,Consumption,-0.023770889824277844,9.311926742265086,8.832114707414718
2022-04-01,Philippines,PH,ASEAN,Consumption,-2.2026543061144914,8.55039873751302,-4.8611699690496835
2022-07-01,Philippines,PH,ASEAN,Consumption,0.6624602957713182,7.422675015780733,15.452535873584594
2022-10-01,Philippines,PH,ASEAN,Consumption,1.6204768682650477,6.839672916223272,7.935211052943458
2023-01-01,Philippines,PH,ASEAN,Consumption,1.746269559894293,5.804742365406845,4.692392504149012
2023-04-01,Philippines,PH,ASEAN,Consumption,-0.5816655259258596,5.7556896673997215,-5.0573807610781785
2023-07-01,Philippines,PH,ASEAN,Consumption,1.1636482037418132,4.713600421316144,11.284178889250285
2023-10-01,Philippines,PH,ASEAN,Consumption,2.8685002789351923,5.518014918010827,11.15286903972219
2024-01-01,Philippines,PH,ASEAN,Consumption,1.7359876759816317,4.299623940974762,-0.18117140399525056
2024-04-01,Philippines,PH,ASEAN,Consumption,-0.10258433841251087,4.814484623822146,-2.9979380296886404
2024-07-01,Philippines,PH,ASEAN,Consumption,1.545496182991657,4.731573865000094,10.952535853962075
1987-01-01,Philippines,PH,ASEAN,GDP,-2.594274500294748,NA,NA
1987-04-01,Philippines,PH,ASEAN,GDP,-0.5813257558607567,NA,12.093066119376772
1987-07-01,Philippines,PH,ASEAN,GDP,-1.1517306355048096,NA,1.753165936813872
1987-10-01,Philippines,PH,ASEAN,GDP,-4.6497407865742835,NA,-9.971679835778957
1988-01-01,Philippines,PH,ASEAN,GDP,-0.8211954422009116,5.795962838070956,19.309299131872137
1988-04-01,Philippines,PH,ASEAN,GDP,-0.8268867988515342,3.7538629668418366,3.9246666344602943
1988-07-01,Philippines,PH,ASEAN,GDP,0.31907635293557635,5.4303473094119425,8.459103307094296
1988-10-01,Philippines,PH,ASEAN,GDP,1.8626814760007437,10.410999004929522,9.95092694629136
1989-01-01,Philippines,PH,ASEAN,GDP,1.8021967235130973,6.436188723023761,3.4100580042490947
1989-04-01,Philippines,PH,ASEAN,GDP,1.7970086177926392,6.326428729723865,3.48562666126071
1989-07-01,Philippines,PH,ASEAN,GDP,1.9002547742852285,5.15093859836,3.7571427816388336
1989-10-01,Philippines,PH,ASEAN,GDP,4.633131133717806,6.188539908800195,14.10133218805214
1990-01-01,Philippines,PH,ASEAN,GDP,3.5727506123002253,5.022678762579957,-1.2533865806318545
1990-04-01,Philippines,PH,ASEAN,GDP,3.084266366430591,4.365454663308199,0.8567302641736774
1990-07-01,Philippines,PH,ASEAN,GDP,2.5689457456431595,3.5724368107846516,0.5850713715446432
1990-10-01,Philippines,PH,ASEAN,GDP,1.9607100920478788,0.06459460819652207,0.06996337769962224
1991-01-01,Philippines,PH,ASEAN,GDP,0.9468667788083661,-0.03921555384120978,-1.668627228782782
1991-04-01,Philippines,PH,ASEAN,GDP,-0.07059163020512903,-0.6951625973460551,-1.767057909845704
1991-07-01,Philippines,PH,ASEAN,GDP,-1.6171100830217364,-1.824608326767141,-3.9327115461397
1991-10-01,Philippines,PH,ASEAN,GDP,0.5118511185983587,0.8464443208918482,10.754173968335579
1992-01-01,Philippines,PH,ASEAN,GDP,0.52723772839193,1.8423961481776274,2.315180080360335
1992-04-01,Philippines,PH,ASEAN,GDP,-2.3147294397923672,0.017332290183702526,-9.067313341821404
1992-07-01,Philippines,PH,ASEAN,GDP,-3.5861792907838654,0.32416340706848956,-2.705387078600552
1992-10-01,Philippines,PH,ASEAN,GDP,-2.110445133285885,-0.26679147728359,8.39035443092726
1993-01-01,Philippines,PH,ASEAN,GDP,-1.294065400983509,0.6239448122784097,5.878125238608334
1993-04-01,Philippines,PH,ASEAN,GDP,-2.2933929819600203,2.579121001237894,-1.2466085859834664
1993-07-01,Philippines,PH,ASEAN,GDP,-3.9245478235893234,2.3489301600097434,-3.626150443513154
1993-10-01,Philippines,PH,ASEAN,GDP,-1.9625365605047649,2.9758964109095842,10.898219434526624
1994-01-01,Philippines,PH,ASEAN,GDP,-0.8920657746468164,3.375837573594609,7.4778898893484325
1994-04-01,Philippines,PH,ASEAN,GDP,-0.8946020848037747,4.517718328130371,3.320914432159583
1994-07-01,Philippines,PH,ASEAN,GDP,-2.615017724790017,4.5671160486135065,-3.428559561580613
1994-10-01,Philippines,PH,ASEAN,GDP,-0.7431942679976371,4.604359701133021,11.04719404460468
1995-01-01,Philippines,PH,ASEAN,GDP,0.2877292219079079,4.677039165123453,7.768607745310163
1995-04-01,Philippines,PH,ASEAN,GDP,-0.5516832592603559,3.9339695052785117,0.3486357927798167
1995-07-01,Philippines,PH,ASEAN,GDP,-0.9602685226520191,5.318707966228153,2.1103942822179533
1995-10-01,Philippines,PH,ASEAN,GDP,-0.31336525079149513,4.143533585071246,6.346496519977052
1996-01-01,Philippines,PH,ASEAN,GDP,1.7402129794355903,5.191542213070122,11.960642257305665
1996-04-01,Philippines,PH,ASEAN,GDP,1.8735932566070694,6.1643359506078355,4.239810742930672
1996-07-01,Philippines,PH,ASEAN,GDP,0.7677012221978061,5.4416240602755295,-0.7804532791112706
1996-10-01,Philippines,PH,ASEAN,GDP,1.92196035549202,5.899631311670994,8.17852552555891
1997-01-01,Philippines,PH,ASEAN,GDP,3.315868723285072,5.169211937354845,9.038964760041068
1997-04-01,Philippines,PH,ASEAN,GDP,3.948766315625711,5.580518506181598,5.885037018237682
1997-07-01,Philippines,PH,ASEAN,GDP,1.5891816065325768,4.226078302918523,-6.198214092163568
1997-10-01,Philippines,PH,ASEAN,GDP,3.83421423705219,5.209788924713266,12.11336801273788
1998-01-01,Philippines,PH,ASEAN,GDP,2.138613728776403,2.0136366869879296,-3.7456441908602756
1998-04-01,Philippines,PH,ASEAN,GDP,-0.2777623266439055,-1.1339307893537764,-6.705232887129142
1998-07-01,Philippines,PH,ASEAN,GDP,-1.4290071926661956,-0.008341006858003652,-1.6958549621804764
1998-10-01,Philippines,PH,ASEAN,GDP,-1.6793999000236652,-2.5664199827758694,1.8810521090664167
1999-01-01,Philippines,PH,ASEAN,GDP,-0.282891107376863,0.48579838916928963,8.46322929692036
1999-04-01,Philippines,PH,ASEAN,GDP,-0.20674705860383638,2.960410551141912,3.1932157607613476
1999-07-01,Philippines,PH,ASEAN,GDP,-0.36174741418703704,3.9584369432878574,2.296250606403305
1999-10-01,Philippines,PH,ASEAN,GDP,0.14173256983461557,4.731532562014706,4.9734345839738126
2000-01-01,Philippines,PH,ASEAN,GDP,-0.01684104714955951,3.2115323844472243,2.383228586650432
2000-04-01,Philippines,PH,ASEAN,GDP,-0.693455308861642,2.509272077609914,0.38417453341210717
2000-07-01,Philippines,PH,ASEAN,GDP,0.1821586426149161,3.6055229080579565,6.681253928195474
2000-10-01,Philippines,PH,ASEAN,GDP,-1.0298700138051953,1.9702078662447775,-1.5678255832789034
2001-01-01,Philippines,PH,ASEAN,GDP,-0.9341440343686811,2.3190166333195705,3.7784636549496042
2001-04-01,Philippines,PH,ASEAN,GDP,-0.8317106238059282,3.2059152934445834,3.9317691739121585
2001-07-01,Philippines,PH,ASEAN,GDP,-0.07712507589237999,3.2045326257312823,6.67572325734227
2001-10-01,Philippines,PH,ASEAN,GDP,-1.3973655529153812,3.226127810209256,-1.4814448453670082
2002-01-01,Philippines,PH,ASEAN,GDP,-1.2485854816185211,3.4173546452892722,4.543370995269669
2002-04-01,Philippines,PH,ASEAN,GDP,-1.3013359219159712,3.4066840599830783,3.889086832687383
2002-07-01,Philippines,PH,ASEAN,GDP,-1.641450867959915,2.460615612205075,2.891449466230256
2002-10-01,Philippines,PH,ASEAN,GDP,-0.9768271506516244,4.595715375821108,7.058954209097124
2003-01-01,Philippines,PH,ASEAN,GDP,-1.1748563919871442,4.397252194438472,3.749518269739127
2003-04-01,Philippines,PH,ASEAN,GDP,-1.7126085938445108,4.055477001454477,2.521986060751402
2003-07-01,Philippines,PH,ASEAN,GDP,-0.5842624001936321,5.658861103093571,9.30498587278663
2003-10-01,Philippines,PH,ASEAN,GDP,0.22414165547179812,5.925819707385571,8.126788626265125
2004-01-01,Philippines,PH,ASEAN,GDP,0.8332149683724357,6.841575484961737,7.412541380043791
2004-04-01,Philippines,PH,ASEAN,GDP,0.24755175251606631,6.885762910626347,2.698735763409843
2004-07-01,Philippines,PH,ASEAN,GDP,0.598280998656785,6.182914922622018,6.493593920769314
2004-10-01,Philippines,PH,ASEAN,GDP,0.6634060539248708,5.4975258053078235,5.385232157008346
2005-01-01,Philippines,PH,ASEAN,GDP,0.8367907734953153,5.104037511997461,5.838588206802342
2005-04-01,Philippines,PH,ASEAN,GDP,0.13206729785874183,5.012952002782178,2.3343937265487114
2005-07-01,Philippines,PH,ASEAN,GDP,0.27161369179209494,4.816984620171461,5.709724390326443
2005-10-01,Philippines,PH,ASEAN,GDP,-0.05776943021865545,4.42632672222345,3.8226005652163053
2006-01-01,Philippines,PH,ASEAN,GDP,0.5187850812978998,4.82317152687024,7.425967425389501
2006-04-01,Philippines,PH,ASEAN,GDP,0.27944641930822967,5.272795275545761,4.132888721250794
2006-07-01,Philippines,PH,ASEAN,GDP,0.0017349304707193342,4.830880685531902,3.9420660302710075
2006-10-01,Philippines,PH,ASEAN,GDP,0.5674314603881532,5.693040535296845,7.271239964276077
2007-01-01,Philippines,PH,ASEAN,GDP,1.8490534170229402,6.357388956457122,10.083361110030609
2007-04-01,Philippines,PH,ASEAN,GDP,1.3622460878021059,6.062256667155452,2.952359564044116
2007-07-01,Philippines,PH,ASEAN,GDP,1.4827953015691735,6.407595190968962,5.323420125525047
2007-10-01,Philippines,PH,ASEAN,GDP,2.06948764423699,6.3727730593925,7.13195143797023
2008-01-01,Philippines,PH,ASEAN,GDP,1.134362678404633,4.100600880979499,0.9946723963786042
2008-04-01,Philippines,PH,ASEAN,GDP,1.373229334430409,4.775469537692878,5.651834190897631
2008-07-01,Philippines,PH,ASEAN,GDP,2.220838638015534,5.460124783710363,8.062041109594986
2008-10-01,Philippines,PH,ASEAN,GDP,0.6487715049232506,3.2711483707315026,-1.6239542139452112
2009-01-01,Philippines,PH,ASEAN,GDP,-2.49106230611449,1.0526591938235796,-7.8792843112530875
2009-04-01,Philippines,PH,ASEAN,GDP,-1.7763013754030665,1.534570493670273,7.579479390284405
2009-07-01,Philippines,PH,ASEAN,GDP,-1.351690888114921,1.1384809201299362,6.4776828154336386
2009-10-01,Philippines,PH,ASEAN,GDP,-1.9203835445661324,2.188783261161653,2.5772551501816565
2010-01-01,Philippines,PH,ASEAN,GDP,0.13748425543117296,7.450324931305907,13.166882369323929
2010-04-01,Philippines,PH,ASEAN,GDP,0.5749035926019657,7.249023442771652,6.774273436147382
2010-07-01,Philippines,PH,ASEAN,GDP,0.0932115907294976,6.427891797294194,3.1931562335238084
2010-10-01,Philippines,PH,ASEAN,GDP,-0.38623525079070287,6.609839390469752,3.305045522883887
2011-01-01,Philippines,PH,ASEAN,GDP,-0.6797922595524163,4.357950554450518,4.159327025246995
2011-04-01,Philippines,PH,ASEAN,GDP,-1.0994353053474932,3.6075204413371864,3.7725529836940552
2011-07-01,Philippines,PH,ASEAN,GDP,-2.2727171799470214,3.0294104403710165,0.8807162296591287
2011-10-01,Philippines,PH,ASEAN,GDP,-1.7451870629389774,4.155419715552888,7.809082623611374
2012-01-01,Philippines,PH,ASEAN,GDP,-0.5578286693857549,5.758146016916932,10.57023223070317
2012-04-01,Philippines,PH,ASEAN,GDP,-0.9632950111652504,5.893288994997192,4.313124896015097
2012-07-01,Philippines,PH,ASEAN,GDP,-0.7295910474835977,7.416849502222611,6.974958258560804
2012-10-01,Philippines,PH,ASEAN,GDP,-0.0781019644027943,7.64952963966703,8.739803173389049
2013-01-01,Philippines,PH,ASEAN,GDP,0.8125513268541009,7.451194772550451,9.776892762236855
2013-04-01,Philippines,PH,ASEAN,GDP,-0.09184924649617045,7.038824329534776,2.663643123952397
2013-07-01,Philippines,PH,ASEAN,GDP,-0.2007605452415337,6.770367386103082,5.901130484834027
2013-10-01,Philippines,PH,ASEAN,GDP,-0.9795850415211663,5.401752286845962,3.265342776360569
2014-01-01,Philippines,PH,ASEAN,GDP,0.15266755334254736,5.692866381395767,10.941349140436074
2014-04-01,Philippines,PH,ASEAN,GDP,-0.14466368761219456,6.336979538382437,5.2400957518990765
2014-07-01,Philippines,PH,ASEAN,GDP,-0.7013154071949519,5.913112271234411,4.205661416241924
2014-10-01,Philippines,PH,ASEAN,GDP,-0.8327620000188135,6.570459943902129,5.894733467031443
2015-01-01,Philippines,PH,ASEAN,GDP,-0.8120361128262322,5.453954060601163,6.475325607232207
2015-04-01,Philippines,PH,ASEAN,GDP,-0.5643047379034474,5.978134760043652,7.336818549669033
2015-07-01,Philippines,PH,ASEAN,GDP,-1.084784991948794,5.975964832586023,4.196981706411407
2015-10-01,Philippines,PH,ASEAN,GDP,-0.35555414731512636,6.779022389077305,9.106963692996572
2016-01-01,Philippines,PH,ASEAN,GDP,-0.14294071101331185,6.891952889347408,6.92704760831262
2016-04-01,Philippines,PH,ASEAN,GDP,0.4129710030284419,7.098078586760614,8.161321339321859
2016-07-01,Philippines,PH,ASEAN,GDP,0.16106136172148316,7.240154724559034,4.765286257605084
2016-10-01,Philippines,PH,ASEAN,GDP,0.270695889388068,6.468892656388192,6.021915420313206
2017-01-01,Philippines,PH,ASEAN,GDP,0.7850747230572948,6.59386823722965,7.42694993167845
2017-04-01,Philippines,PH,ASEAN,GDP,1.981694930216077,7.033101465712832,9.918254253254588
2017-07-01,Philippines,PH,ASEAN,GDP,2.337604159869649,7.415778250792471,6.295993397923638
2017-10-01,Philippines,PH,ASEAN,GDP,1.3688479576645824,6.0905776931081235,0.7211131895758172
2018-01-01,Philippines,PH,ASEAN,GDP,2.4613420189129736,6.403574769506726,8.67893823727286
2018-04-01,Philippines,PH,ASEAN,GDP,4.043427627877828,6.509659460371253,10.342593016712698
2018-07-01,Philippines,PH,ASEAN,GDP,4.025905299709885,5.84767806251385,3.6480678064940264
2018-10-01,Philippines,PH,ASEAN,GDP,3.0994786567228005,5.598670666204342,-0.27491639566221693
2019-01-01,Philippines,PH,ASEAN,GDP,4.783037472336805,5.903048551365941,9.896449777919258
2019-04-01,Philippines,PH,ASEAN,GDP,6.795452285334128,6.059859818519975,10.969838085328831
2019-07-01,Philippines,PH,ASEAN,GDP,7.062930932857096,6.094481695318343,3.7865553136875008
2019-10-01,Philippines,PH,ASEAN,GDP,5.72844947143267,5.470876537045655,-2.7693370287529717
2020-01-01,Philippines,PH,ASEAN,GDP,1.400285980665706,-0.7079792880213986,-14.818973522348955
2020-04-01,Philippines,PH,ASEAN,GDP,-13.32481596064714,-17.548981571017208,-56.39417104665441
2020-07-01,Philippines,PH,ASEAN,GDP,-7.650280405809492,-12.168645253218813,25.307900584881082
2020-10-01,Philippines,PH,ASEAN,GDP,-6.215060005023716,-9.348357259840334,8.511814944760943
2021-01-01,Philippines,PH,ASEAN,GDP,-5.644182384763677,-4.330077272531874,5.254146426884887
2021-04-01,Philippines,PH,ASEAN,GDP,-4.353153482248348,11.857826523696602,8.357444138259496
2021-07-01,Philippines,PH,ASEAN,GDP,-3.7242486735382037,7.015981344365585,5.940519867557015
2021-10-01,Philippines,PH,ASEAN,GDP,-2.151449040845403,7.3744445847916396,9.945667906465161
2022-01-01,Philippines,PH,ASEAN,GDP,-1.5523794867107303,7.628158566066823,6.26900235198562
2022-04-01,Philippines,PH,ASEAN,GDP,-0.4358072355752258,7.673941354980762,8.540575293915253
2022-07-01,Philippines,PH,ASEAN,GDP,-0.015383376982284688,7.673053968873411,5.9369703231276105
2022-10-01,Philippines,PH,ASEAN,GDP,0.354203343004263,6.659873816120232,5.892947295452444
2023-01-01,Philippines,PH,ASEAN,GDP,0.19330018670743032,6.069776174622454,3.908611785994509
2023-04-01,Philippines,PH,ASEAN,GDP,-0.4761431416642559,4.432447118806948,1.9912590706532285
2023-07-01,Philippines,PH,ASEAN,GDP,0.9618267296585252,5.57755130555968,10.51738707013854
2023-10-01,Philippines,PH,ASEAN,GDP,1.235794269394022,5.588396935294604,5.936329814392138
2024-01-01,Philippines,PH,ASEAN,GDP,0.8750948556842244,5.47461786577923,3.453495507933013
2024-04-01,Philippines,PH,ASEAN,GDP,0.9978353543861725,6.333567994939671,5.427059587294991
2024-07-01,Philippines,PH,ASEAN,GDP,1.0767645615180983,5.0236656049705175,5.277777510261927
2024-10-01,Philippines,PH,ASEAN,GDP,1.4421579232340074,5.1491457678132235,6.4382504657629624
2025-01-01,Philippines,PH,ASEAN,GDP,1.0412474815237907,5.130521077966321,3.378996748545404
2025-04-01,Philippines,PH,ASEAN,GDP,1.1759128013596198,5.154309142479185,5.5222118453464475
2025-07-01,Philippines,PH,ASEAN,GDP,0.2189467500613339,4.123402785978847,1.1541520842605735
2025-10-01,Philippines,PH,ASEAN,GDP,-0.4163286849130526,3.1238086014990785,2.4398737278438887
2000-01-01,Philippines,PH,ASEAN,Investment,6.54321855806004,NA,NA
2000-04-01,Philippines,PH,ASEAN,Investment,-0.06423315915431593,NA,-24.153748970080358
2000-07-01,Philippines,PH,ASEAN,Investment,5.716017178756393,NA,25.413417296815055
2000-10-01,Philippines,PH,ASEAN,Investment,2.956825866862723,NA,-8.711793792510036
2001-01-01,Philippines,PH,ASEAN,Investment,-1.3904087964705745,-5.6132624119268115,-15.000924181931907
2001-04-01,Philippines,PH,ASEAN,Investment,-3.8778625914388023,-1.440044699662657,-7.46087812102374
2001-07-01,Philippines,PH,ASEAN,Investment,-3.6010009015755626,-6.860471535148882,3.731709954870155
2001-10-01,Philippines,PH,ASEAN,Investment,-4.917896006412948,-5.303343635702085,-2.4832821947228467
2002-01-01,Philippines,PH,ASEAN,Investment,-6.95705889811396,-2.8522655708641764,-5.196611922580274
2002-04-01,Philippines,PH,ASEAN,Investment,0.48688532063453915,7.241696356688365,32.91496958918643
2002-07-01,Philippines,PH,ASEAN,Investment,-3.273921200194433,3.37405354396374,-11.738861296028347
2002-10-01,Philippines,PH,ASEAN,Investment,-1.243071190946167,6.889917371095322,11.580173113803482
2003-01-01,Philippines,PH,ASEAN,Investment,5.455466766899008,15.784666504525724,30.382384611141333
2003-04-01,Philippines,PH,ASEAN,Investment,2.3689289878148356,5.3932953826851815,-8.650514898175743
2003-07-01,Philippines,PH,ASEAN,Investment,3.027015413508425,9.934252647117958,6.42496776170276
2003-10-01,Philippines,PH,ASEAN,Investment,-0.048651682685082326,4.934820428606734,-8.417555760241413
2004-01-01,Philippines,PH,ASEAN,Investment,1.7570858297247682,0.1401306516081391,11.203625503146952
2004-04-01,Philippines,PH,ASEAN,Investment,5.640430398155703,7.2059011737446,19.6125671903701
2004-07-01,Philippines,PH,ASEAN,Investment,0.15870960898998684,1.1641998762840444,-17.741837428139462
2004-10-01,Philippines,PH,ASEAN,Investment,3.9447778606539488,8.132743809291831,19.456619971789735
2005-01-01,Philippines,PH,ASEAN,Investment,-3.145566090861224,-0.6431341678849734,-23.899886405560267
2005-04-01,Philippines,PH,ASEAN,Investment,3.4390229009198006,2.198896771122172,30.98069094639868
2005-07-01,Philippines,PH,ASEAN,Investment,-6.392624938381664,-1.9855367645870814,-34.479571570976475
2005-10-01,Philippines,PH,ASEAN,Investment,-5.280367616304453,-4.466399090803108,9.533170666925628
2006-01-01,Philippines,PH,ASEAN,Investment,-5.3331781097220965,2.7901915656920906,5.126476220420528
2006-04-01,Philippines,PH,ASEAN,Investment,-1.447944214556674,0.32889005266074633,21.135484894273304
2006-07-01,Philippines,PH,ASEAN,Investment,-4.7811629104233155,7.07588969751427,-7.4915729915623785
2006-10-01,Philippines,PH,ASEAN,Investment,-0.3359594435825043,10.656389439731662,23.855169635795193
2007-01-01,Philippines,PH,ASEAN,Investment,2.1417797039999678,13.422949116188754,16.192714926248897
2007-04-01,Philippines,PH,ASEAN,Investment,4.309425174109337,11.922390761668922,15.133251476193976
2007-07-01,Philippines,PH,ASEAN,Investment,-2.624575628529663,8.516894206221615,-21.113559213351607
2007-10-01,Philippines,PH,ASEAN,Investment,1.064482274104146,7.935123475706085,21.528086713733074
2008-01-01,Philippines,PH,ASEAN,Investment,-0.2625559543738103,4.285991884332319,1.5961885607538306
2008-04-01,Philippines,PH,ASEAN,Investment,1.9316548650376686,4.45253091401856,15.799407594938941
2008-07-01,Philippines,PH,ASEAN,Investment,5.921537809330281,15.502270471947632,23.085399018364683
2008-10-01,Philippines,PH,ASEAN,Investment,2.7900194922098054,8.79350032227677,-5.306993884950373
2009-01-01,Philippines,PH,ASEAN,Investment,-3.240407700152107,4.19327713693356,-16.804704180619012
2009-04-01,Philippines,PH,ASEAN,Investment,-4.230467731474262,1.1100196833305986,3.4663777805270968
2009-07-01,Philippines,PH,ASEAN,Investment,-1.1663523746700388,0.2877398643542861,19.796279742459433
2009-10-01,Philippines,PH,ASEAN,Investment,-2.8976979679450934,1.794650154261923,0.7206472746801751
2010-01-01,Philippines,PH,ASEAN,Investment,3.7161943484448736,14.545302521429804,34.19790528805251
2010-04-01,Philippines,PH,ASEAN,Investment,13.266538500846863,25.184425527314858,46.02286980406731
2010-07-01,Philippines,PH,ASEAN,Investment,4.668913010170035,13.610928013411083,-26.497710313155665
2010-10-01,Philippines,PH,ASEAN,Investment,5.0942163904853235,15.853419008561787,9.690611255282988
2011-01-01,Philippines,PH,ASEAN,Investment,2.567894024344316,6.808366253006426,-1.982305734168932
2011-04-01,Philippines,PH,ASEAN,Investment,-4.041001887141894,-9.229675814584759,-18.129298466297428
2011-07-01,Philippines,PH,ASEAN,Investment,-6.8461792741624645,-3.273995169106314,-2.6749877312418846
2011-10-01,Philippines,PH,ASEAN,Investment,-8.704932892346813,-5.34760381679753,1.3961766645181228
2012-01-01,Philippines,PH,ASEAN,Investment,-5.182166102682268,0.9571338295861764,23.236644851365895
2012-04-01,Philippines,PH,ASEAN,Investment,-6.120678692301974,6.917725644282413,5.713068792487519
2012-07-01,Philippines,PH,ASEAN,Investment,-1.773626668644737,14.37923962494363,27.17106819140298
2012-10-01,Philippines,PH,ASEAN,Investment,3.6538520600486355,21.977048895857543,31.787413748173776
2013-01-01,Philippines,PH,ASEAN,Investment,7.551657843681073,22.652343790191942,25.937824428703493
2013-04-01,Philippines,PH,ASEAN,Investment,-1.6183213085316575,14.703922967168381,-26.080614499606725
2013-07-01,Philippines,PH,ASEAN,Investment,-5.127636193591225,7.115461140063317,-3.182779117017276
2013-10-01,Philippines,PH,ASEAN,Investment,-4.939887037124866,2.133379467694496,11.859087058698492
2014-01-01,Philippines,PH,ASEAN,Investment,-2.1881200622468535,1.2375185972956615,22.354380947108154
2014-04-01,Philippines,PH,ASEAN,Investment,-4.997312236860633,7.83842968506292,0.32302985146230867
2014-07-01,Philippines,PH,ASEAN,Investment,-5.937401291012663,10.629054570075525,7.979720423033143
2014-10-01,Philippines,PH,ASEAN,Investment,-5.989264490218436,10.581333115239033,11.668201239352527
2015-01-01,Philippines,PH,ASEAN,Investment,-5.865752851805057,8.104171325948606,12.445733789946445
2015-04-01,Philippines,PH,ASEAN,Investment,-5.388817519699349,11.488649964880615,13.860944407190345
2015-07-01,Philippines,PH,ASEAN,Investment,-4.35647971975657,13.492441954432621,15.994888381241168
2015-10-01,Philippines,PH,ASEAN,Investment,0.4177896761156999,18.268465415617108,30.772295084090473
2016-01-01,Philippines,PH,ASEAN,Investment,1.4662509220417577,19.048331423271847,15.565197820565402
2016-04-01,Philippines,PH,ASEAN,Investment,5.220334032460805,22.075925348003622,25.971320106117446
2016-07-01,Philippines,PH,ASEAN,Investment,4.412828801906299,19.877144924800305,7.1997666884279
2016-10-01,Philippines,PH,ASEAN,Investment,5.154841010073414,15.378284239583984,12.776852343225187
2017-01-01,Philippines,PH,ASEAN,Investment,2.4667832330702715,11.074693866483898,-1.6491636718349412
2017-04-01,Philippines,PH,ASEAN,Investment,3.8892978361568242,8.085745065549688,14.015524902380605
2017-07-01,Philippines,PH,ASEAN,Investment,4.835350977475395,9.102398442313664,11.266380195483805
2017-10-01,Philippines,PH,ASEAN,Investment,8.911767089626599,11.630324993981844,22.88855854989791
2018-01-01,Philippines,PH,ASEAN,Investment,5.957652785922446,10.49843517841893,-6.176722934086598
2018-04-01,Philippines,PH,ASEAN,Investment,13.30109798437014,15.506741047832051,34.04874838003309
2018-07-01,Philippines,PH,ASEAN,Investment,13.69293787284384,14.007857924883815,5.270847703690862
2018-10-01,Philippines,PH,ASEAN,Investment,13.444064041960718,8.72648163561447,1.7630533928205239
2019-01-01,Philippines,PH,ASEAN,Investment,8.96830417128406,6.263497906107851,-16.02865785211307
2019-04-01,Philippines,PH,ASEAN,Investment,10.778221812708724,-0.16762228431979054,8.324267618322523
2019-07-01,Philippines,PH,ASEAN,Investment,17.967580086362208,5.8069279991288525,29.169048837485434
2019-10-01,Philippines,PH,ASEAN,Investment,18.582976619656378,5.952156998185032,2.3439693890452418
2020-01-01,Philippines,PH,ASEAN,Investment,7.623244953712518,-1.1149555692728796,-44.29710812194472
2020-04-01,Philippines,PH,ASEAN,Investment,-39.61050243229047,-50.57067509927968,-189.4986105017047
2020-07-01,Philippines,PH,ASEAN,Investment,-26.68057837410764,-45.03673253304754,51.304819102414
2020-10-01,Philippines,PH,ASEAN,Investment,-16.153500510444342,-35.12339107467657,41.99733522252913
2021-01-01,Philippines,PH,ASEAN,Investment,-9.32135222567642,-17.1466206866846,27.60997343002316
2021-04-01,Philippines,PH,ASEAN,Investment,-8.344364539245932,31.385471797080555,4.629759433355929
2021-07-01,Philippines,PH,ASEAN,Investment,-10.297626531439382,16.90275642362309,-6.626042391415865
2021-10-01,Philippines,PH,ASEAN,Investment,-7.038922766940403,10.076153894683948,14.690925106772568
2022-01-01,Philippines,PH,ASEAN,Investment,-1.812691851628967,8.925735961379822,23.008301696806654
2022-04-01,Philippines,PH,ASEAN,Investment,-0.7383163988962209,9.470474613471858,6.808714041724073
2022-07-01,Philippines,PH,ASEAN,Investment,-3.368805579115515,9.215266257317722,-7.646875816032406
2022-10-01,Philippines,PH,ASEAN,Investment,-2.678682595995928,7.0309425304238005,5.95363019919688
2023-01-01,Philippines,PH,ASEAN,Investment,4.993775859974916,9.815566137809562,34.1467961263497
2023-04-01,Philippines,PH,ASEAN,Investment,1.0831144168130333,5.1176902606162145,-11.982789467049315
2023-07-01,Philippines,PH,ASEAN,Investment,0.9784388723041264,7.878309849056464,3.3956025377285926
2023-10-01,Philippines,PH,ASEAN,Investment,4.096535602368798,10.488752859073536,16.395402239265167
2024-01-01,Philippines,PH,ASEAN,Investment,4.554647807270781,3.407274585514486,5.8208830321135
2024-04-01,Philippines,PH,ASEAN,Investment,4.383591870451989,7.2371166992748925,3.3365789879923113
2024-07-01,Philippines,PH,ASEAN,Investment,4.281908617153273,7.294409688246617,3.62477449361549
1975-01-01,Singapore,SG,ASEAN,Consumption,-1.781619700982014,NA,NA
1975-04-01,Singapore,SG,ASEAN,Consumption,-0.7903939256430006,NA,9.77533789433025
1975-07-01,Singapore,SG,ASEAN,Consumption,0.9756732991851341,NA,12.87024964303427
1975-10-01,Singapore,SG,ASEAN,Consumption,2.7792859435945547,NA,13.009547238040398
1976-01-01,Singapore,SG,ASEAN,Consumption,0.5660545325563392,8.145607714379288,-3.0727039178877646
1976-04-01,Singapore,SG,ASEAN,Consumption,-0.8615895582507554,5.716205189031598,0.057727792939488154
1976-07-01,Singapore,SG,ASEAN,Consumption,-1.1172421579915892,3.683179950142801,4.738148687479082
1976-10-01,Singapore,SG,ASEAN,Consumption,0.33339788293459005,3.32029131735716,11.557992706897835
1977-01-01,Singapore,SG,ASEAN,Consumption,-1.0090257185293539,4.183426550621405,0.3798370151692154
1977-04-01,Singapore,SG,ASEAN,Consumption,0.18367681381752923,6.797669438394749,10.514699344032863
1977-07-01,Singapore,SG,ASEAN,Consumption,-1.240689104020604,5.622762188626318,0.038519688405358465
1977-10-01,Singapore,SG,ASEAN,Consumption,-1.5423883976937265,3.8631329803280323,4.5194758737046925
1978-01-01,Singapore,SG,ASEAN,Consumption,0.5323941713315772,7.2708704350118225,14.010786833904376
1978-04-01,Singapore,SG,ASEAN,Consumption,-0.5519239680768536,4.979946938840563,1.3510053593478233
1978-07-01,Singapore,SG,ASEAN,Consumption,1.278991093617344,8.215599106273608,12.98112835813754
1978-10-01,Singapore,SG,ASEAN,Consumption,-2.1993376682913652,5.0118632086938675,-8.295467716614269
1979-01-01,Singapore,SG,ASEAN,Consumption,0.705873028392823,5.807530460325694,17.19345584043168
1979-04-01,Singapore,SG,ASEAN,Consumption,0.38472502232940897,6.52769784822862,4.231674910959526
1979-07-01,Singapore,SG,ASEAN,Consumption,0.3352869177771639,4.595621068678568,5.252821239937333
1979-10-01,Singapore,SG,ASEAN,Consumption,0.9723893164156591,8.650714155233175,7.924904629604157
1980-01-01,Singapore,SG,ASEAN,Consumption,-1.225541112855077,3.4781370866593164,-3.4968524338637508
1980-04-01,Singapore,SG,ASEAN,Consumption,3.0196294524639224,7.967420768224542,22.18880963722043
1980-07-01,Singapore,SG,ASEAN,Consumption,-0.019430002284421752,4.8934573686027605,-7.0430323585497945
1980-10-01,Singapore,SG,ASEAN,Consumption,1.295280825816228,5.481355191889392,10.276495922750684
1981-01-01,Singapore,SG,ASEAN,Consumption,1.7798592861747227,8.07050182337683,6.859734092086001
1981-04-01,Singapore,SG,ASEAN,Consumption,0.37642092539353844,2.326797699145544,-0.7860068597047132
1981-07-01,Singapore,SG,ASEAN,Consumption,1.230097870938995,6.126503048545295,8.15578903904921
1981-10-01,Singapore,SG,ASEAN,Consumption,-0.8854056883628734,2.6074668393826883,-3.7996489138997447
1982-01-01,Singapore,SG,ASEAN,Consumption,-0.35387303273471443,2.572734478843941,6.7208046499310115
1982-04-01,Singapore,SG,ASEAN,Consumption,-0.5447082528692759,3.712349437380169,3.772452974440199
1982-07-01,Singapore,SG,ASEAN,Consumption,0.013699161572177775,3.3530196229108356,6.718469781171876
1982-10-01,Singapore,SG,ASEAN,Consumption,0.6016374537980174,6.0009829091288935,6.792204230972487
1983-01-01,Singapore,SG,ASEAN,Consumption,0.20687611354702676,5.026685636113015,2.823615557867498
1983-04-01,Singapore,SG,ASEAN,Consumption,2.922572941943387,7.892512667761231,15.235761101033063
1983-07-01,Singapore,SG,ASEAN,Consumption,2.2296115713249627,6.607910566370201,1.5800613756077553
1983-10-01,Singapore,SG,ASEAN,Consumption,-1.0597633518016014,2.7071762262824706,-8.810733129378434
1984-01-01,Singapore,SG,ASEAN,Consumption,4.65217749757755,8.80399491907351,27.210890329031656
1984-04-01,Singapore,SG,ASEAN,Consumption,1.169583846918603,2.6120456318722063,-9.532036047772152
1984-07-01,Singapore,SG,ASEAN,Consumption,0.38755557261514406,2.5510099828961685,1.3359187797036043
1984-10-01,Singapore,SG,ASEAN,Consumption,3.207205649899915,8.714126056849025,15.841731166432993
1985-01-01,Singapore,SG,ASEAN,Consumption,2.385086163203161,2.263435084125476,1.408126438137458
1985-04-01,Singapore,SG,ASEAN,Consumption,-2.419694826297572,1.0597807250512403,-14.346653484069094
1985-07-01,Singapore,SG,ASEAN,Consumption,-5.077963663564118,-0.6582948472086514,-5.536383509335963
1985-10-01,Singapore,SG,ASEAN,Consumption,-4.530786311148661,-2.7307454750895133,7.5519286549095455
1986-01-01,Singapore,SG,ASEAN,Consumption,-5.4574272911697,-2.594578619313026,1.952793861243407
1986-04-01,Singapore,SG,ASEAN,Consumption,-4.199947646142121,3.7430095172796385,11.003699062301564
1986-07-01,Singapore,SG,ASEAN,Consumption,-2.401401984599063,8.49886200105967,13.487026425784165
1986-10-01,Singapore,SG,ASEAN,Consumption,-5.010799497344784,5.65299427570487,-3.831542246509656
1987-01-01,Singapore,SG,ASEAN,Consumption,-5.348606235586837,6.553836335105601,5.556162098846329
1987-04-01,Singapore,SG,ASEAN,Consumption,-1.1298098260458662,9.81779310979416,24.0595261610558
1987-07-01,Singapore,SG,ASEAN,Consumption,0.8035152634603033,10.235244268383425,15.15683106014123
1987-10-01,Singapore,SG,ASEAN,Consumption,-0.2141128085319643,12.081035524249373,3.551622776954133
1988-01-01,Singapore,SG,ASEAN,Consumption,-0.5585642901181909,12.29308411781922,6.404356473125716
1988-04-01,Singapore,SG,ASEAN,Consumption,0.7323046309597897,9.54484085456766,13.066553108049561
1988-07-01,Singapore,SG,ASEAN,Consumption,1.8117770894757912,8.830976479798025,12.30137356106269
1988-10-01,Singapore,SG,ASEAN,Consumption,4.599825207603078,12.73742192139462,19.177404543340515
1989-01-01,Singapore,SG,ASEAN,Consumption,-0.1109193735203233,8.433786196479609,-10.81018642653433
1989-04-01,Singapore,SG,ASEAN,Consumption,1.951016944950817,9.233514930788722,16.265468045286013
1989-07-01,Singapore,SG,ASEAN,Consumption,2.103246282798496,8.30533272655174,8.58864474411476
1989-10-01,Singapore,SG,ASEAN,Consumption,2.8374579922697905,6.226114126260285,10.860530142174696
1990-01-01,Singapore,SG,ASEAN,Consumption,3.137077118900316,11.191992014975582,9.053325128326861
1990-04-01,Singapore,SG,ASEAN,Consumption,1.0413765299458313,6.975003662262225,-0.6024853655674178
1990-07-01,Singapore,SG,ASEAN,Consumption,-0.8039915253688686,4.909457196524869,0.32645888116533683
1990-10-01,Singapore,SG,ASEAN,Consumption,0.7623856670417074,5.670775453304344,13.905803169292597
1991-01-01,Singapore,SG,ASEAN,Consumption,0.8277274881134241,5.366635218073235,7.836764187402423
1991-04-01,Singapore,SG,ASEAN,Consumption,-1.3444174825466386,5.223897733051963,-1.1734353056525038
1991-07-01,Singapore,SG,ASEAN,Consumption,-0.9740965961865713,7.378005584117453,8.942890285427296
1991-10-01,Singapore,SG,ASEAN,Consumption,-0.9869814624393659,5.741525512643264,7.359882883395841
1992-01-01,Singapore,SG,ASEAN,Consumption,-2.1772309600898367,4.432624008331487,2.6011581701553155
1992-04-01,Singapore,SG,ASEAN,Consumption,-2.4895680658752446,6.2414809098045865,6.061992300239893
1992-07-01,Singapore,SG,ASEAN,Consumption,-2.1697629267126852,6.138946717330285,8.53275351553009
1992-10-01,Singapore,SG,ASEAN,Consumption,-2.3164271654217607,5.947938994544089,6.595851992251056
1993-01-01,Singapore,SG,ASEAN,Consumption,1.6262031484012407,11.013490836000095,22.86336553597934
1993-04-01,Singapore,SG,ASEAN,Consumption,1.651167548984249,11.26764413446466,7.078605494098156
1993-07-01,Singapore,SG,ASEAN,Consumption,1.6452507545102,10.839610283156809,6.820618110298682
1993-10-01,Singapore,SG,ASEAN,Consumption,1.9926453865744265,11.21143801436979,8.083162917102982
1994-01-01,Singapore,SG,ASEAN,Consumption,5.524090120483911,10.659730944435886,20.656537256243723
1994-04-01,Singapore,SG,ASEAN,Consumption,0.8240838761369804,5.780270500799567,-12.439236280447119
1994-07-01,Singapore,SG,ASEAN,Consumption,1.6216902287278285,6.422093761603698,9.387911153515205
1994-10-01,Singapore,SG,ASEAN,Consumption,0.9496274465391891,5.239967667371737,3.354658540175137
1995-01-01,Singapore,SG,ASEAN,Consumption,-0.2926277259941018,0.30885685573895927,0.932094009712614
1995-04-01,Singapore,SG,ASEAN,Consumption,-0.13037583099276795,5.024536546981295,6.423482484522225
1995-07-01,Singapore,SG,ASEAN,Consumption,0.040232481394804516,4.263731749396982,6.344691963177951
1995-10-01,Singapore,SG,ASEAN,Consumption,0.8291440983559462,5.605013778214563,8.71978665544546
1996-01-01,Singapore,SG,ASEAN,Consumption,0.673823162074135,6.586724316414561,4.858936162512606
1996-04-01,Singapore,SG,ASEAN,Consumption,0.6486165580182218,6.3087897747257315,5.311744317766909
1996-07-01,Singapore,SG,ASEAN,Consumption,1.114803155578651,6.5295226876312285,7.227623614799938
1996-10-01,Singapore,SG,ASEAN,Consumption,1.5849212599714175,6.152884358347066,7.213233338308811
1997-01-01,Singapore,SG,ASEAN,Consumption,0.42433637966034093,5.108817645012387,0.6826693091738889
1997-04-01,Singapore,SG,ASEAN,Consumption,-0.26462979428164973,4.427811205816035,2.5877185609815
1997-07-01,Singapore,SG,ASEAN,Consumption,3.882229848203257,8.11515120477111,21.976983610620238
1997-10-01,Singapore,SG,ASEAN,Consumption,0.9726193635954065,4.767790537517591,-6.176209330705262
1998-01-01,Singapore,SG,ASEAN,Consumption,-2.351524405511101,2.665817324244202,-7.725223543919668
1998-04-01,Singapore,SG,ASEAN,Consumption,-5.436706976414494,0.3635384539530051,-6.621396920183287
1998-07-01,Singapore,SG,ASEAN,Consumption,-8.306370680371163,-6.5252963302876665,-5.578355526342449
1998-10-01,Singapore,SG,ASEAN,Consumption,-9.127184227240162,-4.276893158673545,2.8174033557512246
1999-01-01,Singapore,SG,ASEAN,Consumption,-5.349155213303959,3.0073522907320793,21.41175825370283
1999-04-01,Singapore,SG,ASEAN,Consumption,-4.149930430293438,7.480535127065657,11.271334425151025
1999-07-01,Singapore,SG,ASEAN,Consumption,-2.9084008134703816,11.769569610635955,11.577782407938741
1999-10-01,Singapore,SG,ASEAN,Consumption,-1.1605534007268008,14.488304513065486,13.69234296546935
2000-01-01,Singapore,SG,ASEAN,Consumption,0.7804659166707776,12.76014237019254,14.499109682211042
2000-04-01,Singapore,SG,ASEAN,Consumption,2.363786809524045,13.203379619638511,13.04428342293491
2000-07-01,Singapore,SG,ASEAN,Consumption,3.6399828036097563,13.242831710737057,11.735590772332927
2000-10-01,Singapore,SG,ASEAN,Consumption,3.809982057951279,11.614835901973564,7.1803597304153755
2001-01-01,Singapore,SG,ASEAN,Consumption,5.88522826075806,11.647496574154736,14.629752370935734
2001-04-01,Singapore,SG,ASEAN,Consumption,5.821212881076815,9.853796911517776,5.869484772387068
2001-07-01,Singapore,SG,ASEAN,Consumption,4.055479268041968,6.630518599877888,-1.1575224742266244
2001-10-01,Singapore,SG,ASEAN,Consumption,0.6199343133720358,2.820613125682314,-8.05926216636692
2002-01-01,Singapore,SG,ASEAN,Consumption,1.9354412242718853,1.8457324469688174,10.730229656081747
2002-04-01,Singapore,SG,ASEAN,Consumption,2.479193836996737,2.237817590148161,7.437825345104443
2002-07-01,Singapore,SG,ASEAN,Consumption,2.5460948226619338,3.861997919505278,5.339198843201842
2002-10-01,Singapore,SG,ASEAN,Consumption,1.0019824517747828,5.557886094230646,-1.2757094674654468
2003-01-01,Singapore,SG,ASEAN,Consumption,-1.569438667313539,1.4930614305939116,-5.529068998465192
2003-04-01,Singapore,SG,ASEAN,Consumption,-5.433983176712791,-3.070507854560134,-10.816451795511739
2003-07-01,Singapore,SG,ASEAN,Consumption,-0.25739516193446377,1.9093176274193269,25.258500771119685
2003-10-01,Singapore,SG,ASEAN,Consumption,0.9462454299385753,4.550460068586126,9.28886029720175
2004-01-01,Singapore,SG,ASEAN,Consumption,-0.3322765660875829,5.756087923998798,-0.7065575768145038
2004-04-01,Singapore,SG,ASEAN,Consumption,-0.3423723906083049,9.538657987936716,4.313828460239932
2004-07-01,Singapore,SG,ASEAN,Consumption,-1.2123296399700385,3.4324533686431735,0.8336822939455146
2004-10-01,Singapore,SG,ASEAN,Consumption,-1.4698445566937317,1.9238666464996612,3.2545134086277017
2005-01-01,Singapore,SG,ASEAN,Consumption,-0.4335301772159567,4.202911991834313,8.409623804524102
2005-04-01,Singapore,SG,ASEAN,Consumption,-0.8558944168398898,3.7643947154684554,2.559759354776503
2005-07-01,Singapore,SG,ASEAN,Consumption,-1.3315023003015434,4.139876091034722,2.3356077962105815
2005-10-01,Singapore,SG,ASEAN,Consumption,-1.7406318450188991,3.9742920943918847,2.592177422056352
2006-01-01,Singapore,SG,ASEAN,Consumption,-1.0202843591444548,3.6466977216671026,7.099246313624974
2006-04-01,Singapore,SG,ASEAN,Consumption,-1.3937101137741648,3.6836246428554986,2.707467039530087
2006-07-01,Singapore,SG,ASEAN,Consumption,-1.3105668836528497,4.226887412372449,4.508658874278382
2006-10-01,Singapore,SG,ASEAN,Consumption,-0.3413649616677448,5.582824924362306,8.015927470015782
2007-01-01,Singapore,SG,ASEAN,Consumption,0.09358079436782349,5.264707883413244,5.826778149828726
2007-04-01,Singapore,SG,ASEAN,Consumption,1.777232010923349,7.2762069831417975,10.7534634384443
2007-07-01,Singapore,SG,ASEAN,Consumption,1.9680854182998424,7.3236316903658505,4.698357703174594
2007-10-01,Singapore,SG,ASEAN,Consumption,2.8556992774126777,7.167187359488025,7.390150146504482
2008-01-01,Singapore,SG,ASEAN,Consumption,2.5830952141117547,6.372396432460192,2.647614441717394
2008-04-01,Singapore,SG,ASEAN,Consumption,3.251727789290522,5.26193596714446,6.31162157718137
2008-07-01,Singapore,SG,ASEAN,Consumption,2.826233258463413,4.547685558704728,1.8413560694156672
2008-10-01,Singapore,SG,ASEAN,Consumption,-0.008898296527462546,0.7312386578796293,-7.875637456795914
2009-01-01,Singapore,SG,ASEAN,Consumption,-2.1893743523357942,-1.2589358656223126,-5.3130836522903735
2009-04-01,Singapore,SG,ASEAN,Consumption,-2.6412418821917782,-2.444931947196416,1.5676372508849568
2009-07-01,Singapore,SG,ASEAN,Consumption,0.46716475755369374,1.0427046065412782,15.791902284366444
2009-10-01,Singapore,SG,ASEAN,Consumption,-1.8157147205480964,1.566665125504585,-5.779795380942687
2010-01-01,Singapore,SG,ASEAN,Consumption,0.4596239901952194,6.009428674431128,12.457970543415797
2010-04-01,Singapore,SG,ASEAN,Consumption,-1.1006081769235583,4.899391180970447,-2.872512722957765
2010-07-01,Singapore,SG,ASEAN,Consumption,-1.2818594733880035,1.6172323950804923,2.6632671408066244
2010-10-01,Singapore,SG,ASEAN,Consumption,-0.5740221854291946,4.62337685913532,6.244782475276622
2011-01-01,Singapore,SG,ASEAN,Consumption,-1.0349984593763912,1.908081521125382,1.5967891913760468
2011-04-01,Singapore,SG,ASEAN,Consumption,0.40794443928924684,4.93630764112325,9.240391757033706
2011-07-01,Singapore,SG,ASEAN,Consumption,-0.3077553889161268,4.428446890944215,0.6318241400904867
2011-10-01,Singapore,SG,ASEAN,Consumption,0.221349746429507,4.276287412442059,5.636144561267997
2012-01-01,Singapore,SG,ASEAN,Consumption,0.02131431432056473,4.562842801193945,2.7430107463835895
2012-04-01,Singapore,SG,ASEAN,Consumption,-0.4002689920984393,2.722527103536443,1.879128966403698
2012-07-01,Singapore,SG,ASEAN,Consumption,0.39801504854273406,4.259531723518073,6.779842620017007
2012-10-01,Singapore,SG,ASEAN,Consumption,-0.19072340991992423,3.1632282743526474,1.250930764606295
2013-01-01,Singapore,SG,ASEAN,Consumption,-0.7558036049961617,2.818393305859246,1.3636708724099833
2013-04-01,Singapore,SG,ASEAN,Consumption,-0.4167155690358549,3.5978368031440056,4.996902955542737
2013-07-01,Singapore,SG,ASEAN,Consumption,-0.511761081648844,2.721248777127805,3.2734905159522043
2013-10-01,Singapore,SG,ASEAN,Consumption,-1.87760883118594,1.9582471184142136,-1.80107587024807
2014-01-01,Singapore,SG,ASEAN,Consumption,-1.0729037780460835,3.3383342268230365,6.884019306045275
2014-04-01,Singapore,SG,ASEAN,Consumption,-0.7568897990374037,3.3195300772167258,4.921686357117494
2014-07-01,Singapore,SG,ASEAN,Consumption,-1.3503209539401582,2.816958021137417,1.2632022916349683
2014-10-01,Singapore,SG,ASEAN,Consumption,-0.9290341632452225,4.588812849263846,5.286343442257646
2015-01-01,Singapore,SG,ASEAN,Consumption,-0.005358531411461288,4.678249340434704,7.241765270728706
2015-04-01,Singapore,SG,ASEAN,Consumption,0.4978197459826368,4.819056957945733,5.484916827161612
2015-07-01,Singapore,SG,ASEAN,Consumption,-0.3164750554233292,4.533113035062009,0.11942660010006989
2015-10-01,Singapore,SG,ASEAN,Consumption,1.5802428839208331,5.923623503135467,10.848385314551479
2016-01-01,Singapore,SG,ASEAN,Consumption,2.3495478245994224,5.664021072206715,6.2033555470137
2016-04-01,Singapore,SG,ASEAN,Consumption,0.44470245952600745,3.131552273919702,-4.64495836598644
2016-07-01,Singapore,SG,ASEAN,Consumption,0.09300761604118593,3.453063119599875,1.4054699828207617
2016-10-01,Singapore,SG,ASEAN,Consumption,-0.2831318135240908,1.0250089433483822,1.136168609545507
2017-01-01,Singapore,SG,ASEAN,Consumption,-0.1964391491875335,0.17588435255326829,2.8068571838332446
2017-04-01,Singapore,SG,ASEAN,Consumption,0.7051043178833878,2.806072941937643,5.875795991551058
2017-07-01,Singapore,SG,ASEAN,Consumption,1.561825934891202,3.8286375683089346,5.495728488305929
2017-10-01,Singapore,SG,ASEAN,Consumption,2.7688747840708476,5.216521509678174,6.687704375022463
2018-01-01,Singapore,SG,ASEAN,Consumption,2.319225205917423,4.476539526114465,-0.15307075042159113
2018-04-01,Singapore,SG,ASEAN,Consumption,4.263461420310755,5.31028173234489,9.21076481647276
2018-07-01,Singapore,SG,ASEAN,Consumption,4.003115021300436,3.983549269118214,0.18879863539922326
2018-10-01,Singapore,SG,ASEAN,Consumption,4.737582206160275,3.307410118564036,3.9831477728057507
2019-01-01,Singapore,SG,ASEAN,Consumption,6.916412297156695,5.746785935223464,9.604432516216121
2019-04-01,Singapore,SG,ASEAN,Consumption,6.0744239407305844,2.7954882605660814,-2.59442588215677
2019-07-01,Singapore,SG,ASEAN,Consumption,6.010288090961789,2.8631068114627567,0.45927283898592464
2019-10-01,Singapore,SG,ASEAN,Consumption,5.60594372538548,1.6457665765907237,-0.8862131666823814
2020-01-01,Singapore,SG,ASEAN,Consumption,3.009143300945899,-3.1434926177878353,-9.552604261298114
2020-04-01,Singapore,SG,ASEAN,Consumption,-27.300409908526426,-32.544406726749386,-120.19808231800297
2020-07-01,Singapore,SG,ASEAN,Consumption,-8.358245121051246,-13.378238547982235,77.12394555405453
2020-10-01,Singapore,SG,ASEAN,Consumption,-7.493692648581265,-11.86417926771881,5.170023954371317
2021-01-01,Singapore,SG,ASEAN,Consumption,-2.536560078209207,-3.9966911599981003,21.917348169584727
2021-04-01,Singapore,SG,ASEAN,Consumption,-6.64575624462805,22.560524163920626,-13.969221022328071
2021-07-01,Singapore,SG,ASEAN,Consumption,-5.3336289708604685,5.302092531686675,8.090219025118728
2021-10-01,Singapore,SG,ASEAN,Consumption,-3.902681528831775,6.2391945745197575,8.918432125703646
2022-01-01,Singapore,SG,ASEAN,Consumption,-1.339438567539552,4.201357206800971,13.76599869870958
2022-04-01,Singapore,SG,ASEAN,Consumption,1.8962153410931673,11.876093049536252,16.729722348613052
2022-07-01,Singapore,SG,ASEAN,Consumption,2.545683712091365,11.50638999995337,6.611406826787203
2022-10-01,Singapore,SG,ASEAN,Consumption,1.4446060901745268,9.224966166118165,-0.20726320963717626
2023-01-01,Singapore,SG,ASEAN,Consumption,1.473334333487405,6.898197917021065,4.4589257023211815
2023-04-01,Singapore,SG,ASEAN,Consumption,1.7022895242807403,4.059232823445669,5.373861974311467
2023-07-01,Singapore,SG,ASEAN,Consumption,0.25263848002994843,2.092434087515471,-1.2557881169335872
2023-10-01,Singapore,SG,ASEAN,Consumption,2.9094024826118154,5.951662142425285,15.229649010002078
2024-01-01,Singapore,SG,ASEAN,Consumption,2.372316067471944,5.459345208243427,2.48965796559375
2024-04-01,Singapore,SG,ASEAN,Consumption,2.0764190837839402,4.984063092405577,3.4727335109600688
2024-07-01,Singapore,SG,ASEAN,Consumption,1.914454110261059,6.301914460246039,4.015617354428258
2024-10-01,Singapore,SG,ASEAN,Consumption,0.47393350640938725,2.2201471244652993,-1.0974203331208798
1987-01-01,Singapore,SG,ASEAN,GDP,-2.1949926746555497,NA,NA
1987-04-01,Singapore,SG,ASEAN,GDP,-1.4265202735584963,NA,12.523746796031077
1987-07-01,Singapore,SG,ASEAN,GDP,-0.3692129350710445,NA,13.673599063906039
1987-10-01,Singapore,SG,ASEAN,GDP,0.13586082631134466,NA,11.450123491428599
1988-01-01,Singapore,SG,ASEAN,GDP,-1.0965592932204504,10.530774810093035,4.475629889006427
1988-04-01,Singapore,SG,ASEAN,GDP,0.5251479690287532,11.36433415476592,15.857984174722617
1988-07-01,Singapore,SG,ASEAN,GDP,0.8236388554026461,10.575580606023927,10.518584868938063
1988-10-01,Singapore,SG,ASEAN,GDP,1.0877184736775465,10.293884808993248,10.323340303305883
1989-01-01,Singapore,SG,ASEAN,GDP,-1.0786800176064946,9.308682781246524,0.5348217780195341
1989-04-01,Singapore,SG,ASEAN,GDP,2.1953578356261874,10.900105180417263,22.223673771405572
1989-07-01,Singapore,SG,ASEAN,GDP,1.0815338944203345,9.418046266006819,4.590349211296285
1989-10-01,Singapore,SG,ASEAN,GDP,1.0956980011230921,9.091443294552981,9.016928417490533
1990-01-01,Singapore,SG,ASEAN,GDP,2.9193647294747027,12.999931387622254,16.168774150296628
1990-04-01,Singapore,SG,ASEAN,GDP,1.7628024782155929,8.484923183450377,4.163640954718062
1990-07-01,Singapore,SG,ASEAN,GDP,0.7013340264143647,8.454597071599146,4.469044763891361
1990-10-01,Singapore,SG,ASEAN,GDP,0.12341884576616731,7.78584980585606,6.341939354518189
1991-01-01,Singapore,SG,ASEAN,GDP,0.33244055572110265,6.104599931452981,9.443774652684311
1991-04-01,Singapore,SG,ASEAN,GDP,-0.40152422229703016,6.474097496123221,5.641631213399023
1991-07-01,Singapore,SG,ASEAN,GDP,-0.9098227975618749,6.989497408965839,6.530644415261833
1991-10-01,Singapore,SG,ASEAN,GDP,-2.2470807622620494,6.208186899350565,3.2166973160570933
1992-01-01,Singapore,SG,ASEAN,GDP,-2.657370919070936,5.582174865392453,6.939726516851863
1992-04-01,Singapore,SG,ASEAN,GDP,-3.6144435194246927,5.365618192215038,4.775404520689364
1992-07-01,Singapore,SG,ASEAN,GDP,-3.1219433189783143,6.382334559248726,10.597509883396583
1992-10-01,Singapore,SG,ASEAN,GDP,-2.6324719793062736,8.22845494835871,10.60117887249703
1993-01-01,Singapore,SG,ASEAN,GDP,-2.59755661643977,8.689249522112341,8.782904811866388
1993-04-01,Singapore,SG,ASEAN,GDP,-0.5383899286154001,11.70975944012369,16.85744419273476
1993-07-01,Singapore,SG,ASEAN,GDP,-0.9525105205063569,10.78861184372819,6.912919497814585
1993-10-01,Singapore,SG,ASEAN,GDP,0.7990860100768292,12.011856320537717,15.494156779735135
1994-01-01,Singapore,SG,ASEAN,GDP,1.7459627739175188,12.856382516713794,12.161009596570693
1994-04-01,Singapore,SG,ASEAN,GDP,0.8254453193426957,9.778652821910327,4.546525413520897
1994-07-01,Singapore,SG,ASEAN,GDP,1.833393301305785,11.072724338463225,12.089205564026173
1994-10-01,Singapore,SG,ASEAN,GDP,1.337110322496872,8.668407506612397,5.876889452331824
1995-01-01,Singapore,SG,ASEAN,GDP,-0.9805653395732021,5.22222992271324,-1.623700739025935
1995-04-01,Singapore,SG,ASEAN,GDP,0.12818159468266227,7.048270012849045,11.850685774064118
1995-07-01,Singapore,SG,ASEAN,GDP,2.2254859592585157,7.914687570812617,15.554875795880463
1995-10-01,Singapore,SG,ASEAN,GDP,1.470824076802487,7.415104141486317,3.878555735026623
1996-01-01,Singapore,SG,ASEAN,GDP,3.162177712095135,11.166357094975332,13.381311074930125
1996-04-01,Singapore,SG,ASEAN,GDP,1.4533833500785485,8.076245090566658,-0.5097622435705773
1996-07-01,Singapore,SG,ASEAN,GDP,-0.08150792600133266,4.161051045851494,-0.10590038298019522
1996-10-01,Singapore,SG,ASEAN,GDP,1.1404696948109916,5.849459368573662,10.632189025915295
1997-01-01,Singapore,SG,ASEAN,GDP,2.784425802373515,5.512350932068699,12.032877328910274
1997-04-01,Singapore,SG,ASEAN,GDP,4.734164297671619,8.883239729149217,12.973792944751494
1997-07-01,Singapore,SG,ASEAN,GDP,5.075190062801236,10.47689004049115,6.268700862387533
1997-10-01,Singapore,SG,ASEAN,GDP,3.0896851556202685,6.997879082914693,-3.283854804390529
1998-01-01,Singapore,SG,ASEAN,GDP,-0.6322643690595976,1.3797672275346784,-10.439570092609785
1998-04-01,Singapore,SG,ASEAN,GDP,-2.450023745372634,-2.610812494944348,-2.9885259451646107
1998-07-01,Singapore,SG,ASEAN,GDP,-4.3178164098079925,-5.005921668640845,-3.3117358323984547
1998-10-01,Singapore,SG,ASEAN,GDP,-3.5680095083842387,-2.416932880491096,7.0721003482084654
1999-01-01,Singapore,SG,ASEAN,GDP,-2.816487388292387,1.9474894553967559,7.0181192509416235
1999-04-01,Singapore,SG,ASEAN,GDP,-1.3125000487037155,5.190605502715151,9.98393824410897
1999-07-01,Singapore,SG,ASEAN,GDP,-0.4022247549223871,7.912241221991856,7.574807044708365
1999-10-01,Singapore,SG,ASEAN,GDP,-0.5465649111236673,6.976351096723121,3.328539847133527
2000-01-01,Singapore,SG,ASEAN,GDP,1.7146557825597153,8.453933760404553,12.92844990566735
2000-04-01,Singapore,SG,ASEAN,GDP,2.6589986504543197,7.868626925844602,7.642710905869166
2000-07-01,Singapore,SG,ASEAN,GDP,4.948175248246801,9.227977767826445,13.012210412635739
2000-10-01,Singapore,SG,ASEAN,GDP,4.603502637561848,9.016347292629412,2.482017946345394
2001-01-01,Singapore,SG,ASEAN,GDP,2.911532670255238,5.0655955927233265,-2.874556893956992
2001-04-01,Singapore,SG,ASEAN,GDP,-0.6835265473482608,0.5510727828056616,-10.415380333801494
2001-07-01,Singapore,SG,ASEAN,GDP,-3.9207368801243496,-4.9185431769318555,-8.86625342631433
2001-10-01,Singapore,SG,ASEAN,GDP,-4.338942896911953,-4.896051614447394,2.571984196283239
2002-01-01,Singapore,SG,ASEAN,GDP,-2.507559422112778,-1.235599973573187,11.767249669539837
2002-04-01,Singapore,SG,ASEAN,GDP,-0.812237879974538,4.22918241908441,11.443749236828893
2002-07-01,Singapore,SG,ASEAN,GDP,-1.9562661440084352,6.5269128262983145,0.3246682025412895
2002-10-01,Singapore,SG,ASEAN,GDP,-3.393515855366555,5.735327002580881,-0.5943590985864944
2003-01-01,Singapore,SG,ASEAN,GDP,-3.484070520625715,4.057746886792657,5.05692920638694
2003-04-01,Singapore,SG,ASEAN,GDP,-6.259458930052385,-0.15712337414850452,-5.415731806935753
2003-07-01,Singapore,SG,ASEAN,GDP,-2.218444739558335,5.289211630856805,22.110008222562527
2003-10-01,Singapore,SG,ASEAN,GDP,-0.9392001309728795,8.263018041475156,11.300866543886912
2004-01-01,Singapore,SG,ASEAN,GDP,0.37698273625467843,9.913490023555482,11.658817134708244
2004-04-01,Singapore,SG,ASEAN,GDP,0.2758259500232948,12.809815221312526,6.169568984092422
2004-07-01,Singapore,SG,ASEAN,GDP,-0.6802701860069088,8.007507518652979,2.900777411924338
2004-10-01,Singapore,SG,ASEAN,GDP,-0.11210183395891135,7.462377412667998,9.120346119946987
2005-01-01,Singapore,SG,ASEAN,GDP,-1.1098613070584609,5.284920586061936,2.948989828283999
2005-04-01,Singapore,SG,ASEAN,GDP,-0.373197649413497,6.2296786797443104,9.948601358821918
2005-07-01,Singapore,SG,ASEAN,GDP,0.28978637050493555,7.925132116973366,9.682591160840559
2005-10-01,Singapore,SG,ASEAN,GDP,1.7035882157274411,8.815152378542379,12.68042716622304
2006-01-01,Singapore,SG,ASEAN,GDP,1.700911732691545,9.821819765102191,6.9756593745232465
2006-04-01,Singapore,SG,ASEAN,GDP,1.0834871915600761,8.446832538192162,4.4486524511818
2006-07-01,Singapore,SG,ASEAN,GDP,1.2575586615327754,7.906613215901537,7.52171387167806
2006-10-01,Singapore,SG,ASEAN,GDP,3.383568677792978,8.540092978827118,15.214346217925367
2007-01-01,Singapore,SG,ASEAN,GDP,3.1801374018775204,8.236779108194092,5.762403891991141
2007-04-01,Singapore,SG,ASEAN,GDP,3.87347904299412,9.425796496962136,9.204722006253974
2007-07-01,Singapore,SG,ASEAN,GDP,4.928574818701768,10.171447763448427,10.504318937623225
2007-10-01,Singapore,SG,ASEAN,GDP,3.820067629037899,6.7952424873721995,1.7095251136204581
2008-01-01,Singapore,SG,ASEAN,GDP,4.826522276052906,7.86672890921043,10.048349579344062
2008-04-01,Singapore,SG,ASEAN,GDP,0.8006632030374083,3.0222936748538487,-10.17301893117235
2008-07-01,Singapore,SG,ASEAN,GDP,-1.311048528654013,-0.24567796954766408,-2.5675676399828262
2008-10-01,Singapore,SG,ASEAN,GDP,-5.10675757335704,-3.0009886859129864,-9.311717751840831
2009-01-01,Singapore,SG,ASEAN,GDP,-9.239367357429476,-8.170021574788144,-10.62778197615657
2009-04-01,Singapore,SG,ASEAN,GDP,-6.587541801125074,-1.4846591376068474,16.568430817552837
2009-07-01,Singapore,SG,ASEAN,GDP,-4.288415783923784,2.962217365886133,15.219938373989095
2009-10-01,Singapore,SG,ASEAN,GDP,-4.348859448642925,6.747979500171297,5.831330785299826
2010-01-01,Singapore,SG,ASEAN,GDP,-0.22342635096132868,15.055213334355244,22.601153360579218
2010-04-01,Singapore,SG,ASEAN,GDP,4.084469961612661,16.743879125938932,23.32309398388759
2010-07-01,Singapore,SG,ASEAN,GDP,-0.2510195919241953,10.115607521283643,-11.293148044632062
2010-10-01,Singapore,SG,ASEAN,GDP,2.0615882294532097,12.465766759468089,15.23196773803761
2011-01-01,Singapore,SG,ASEAN,GDP,2.457047452409499,8.683202650692046,7.470896925475046
2011-04-01,Singapore,SG,ASEAN,GDP,0.7651933996197495,2.6047088227940662,-0.9908813277043294
2011-07-01,Singapore,SG,ASEAN,GDP,1.9139274052970296,7.989255744772628,10.245039643282183
2011-10-01,Singapore,SG,ASEAN,GDP,1.1669369182856164,4.812193130377906,2.523717280458726
2012-01-01,Singapore,SG,ASEAN,GDP,1.653320963546246,4.772364575710242,7.311582706804387
2012-04-01,Singapore,SG,ASEAN,GDP,1.2283487340763228,5.899143391826733,3.516233936761637
2012-07-01,Singapore,SG,ASEAN,GDP,-1.0151699284412403,2.3608751978764886,-3.9080331325187956
2012-10-01,Singapore,SG,ASEAN,GDP,0.3339198658972031,4.308754018682137,10.31523256368132
2013-01-01,Singapore,SG,ASEAN,GDP,0.07611153669065569,3.416070146811556,3.740847219322063
2013-04-01,Singapore,SG,ASEAN,GDP,0.9152522963828523,4.532776863982946,7.983060805447195
2013-07-01,Singapore,SG,ASEAN,GDP,0.47859721685726725,6.19370890677704,2.735695038657582
2013-10-01,Singapore,SG,ASEAN,GDP,0.3186165521868855,4.5403754604697255,3.701898778452062
2014-01-01,Singapore,SG,ASEAN,GDP,0.024584907958712793,4.362685136621458,3.0300859239289935
2014-04-01,Singapore,SG,ASEAN,GDP,0.015018518226611252,3.3764248178437484,4.038019530336356
2014-07-01,Singapore,SG,ASEAN,GDP,-0.07559689837175962,3.589910807749064,3.5896389982788435
2014-10-01,Singapore,SG,ASEAN,GDP,0.4668055247470781,4.165262729594943,6.003306465835578
2015-01-01,Singapore,SG,ASEAN,GDP,-0.8276191407955054,3.043537688840736,-1.4568142390878336
2015-04-01,Singapore,SG,ASEAN,GDP,-0.5436675522542834,3.221692051710612,4.750636981815859
2015-07-01,Singapore,SG,ASEAN,GDP,-0.21440900913090832,3.5319074300677045,4.830500511707214
2015-10-01,Singapore,SG,ASEAN,GDP,-1.0947726171728431,2.004575302789391,-0.10602204327767595
2016-01-01,Singapore,SG,ASEAN,GDP,-0.7921214808569036,3.5014781874165735,4.530797299420897
2016-04-01,Singapore,SG,ASEAN,GDP,-0.3870013050777995,3.5251917436097457,4.845491206588548
2016-07-01,Singapore,SG,ASEAN,GDP,-0.19050765460979813,3.29603659943416,3.9138799350048714
2016-10-01,Singapore,SG,ASEAN,GDP,0.8007826077256406,5.070809807558163,6.993070789218336
2017-01-01,Singapore,SG,ASEAN,GDP,0.540624867257913,4.409089605876915,1.8839164926959029
2017-04-01,Singapore,SG,ASEAN,GDP,0.18643851358209235,3.5484855589846376,1.4030750190194397
2017-07-01,Singapore,SG,ASEAN,GDP,1.8494260340853017,4.911773155614796,9.367030321525505
2017-10-01,Singapore,SG,ASEAN,GDP,2.1504226182137787,4.117200284493805,3.8147793047343725
2018-01-01,Singapore,SG,ASEAN,GDP,2.059578608784845,4.18327269812373,2.1482061472156033
2018-04-01,Singapore,SG,ASEAN,GDP,2.122296054337309,4.500927375469033,2.67369372840065
2018-07-01,Singapore,SG,ASEAN,GDP,2.2310637518729965,2.855354292253587,2.7847379886637214
2018-10-01,Singapore,SG,ASEAN,GDP,0.88569665679574,1.1306467915071394,-3.084050698251417
2019-01-01,Singapore,SG,ASEAN,GDP,0.8439385175571575,1.1197503795097319,2.104620499225973
2019-04-01,Singapore,SG,ASEAN,GDP,0.9315375947053064,1.1075729151905023,2.6249838711237317
2019-07-01,Singapore,SG,ASEAN,GDP,0.7179970405516573,0.7749306257219146,1.4541688307893708
2019-10-01,Singapore,SG,ASEAN,GDP,0.2614492095324473,1.6831985579619513,0.5490210307087295
2020-01-01,Singapore,SG,ASEAN,GDP,-0.4143161360714749,1.1005347068708815,-0.22603490513830593
2020-04-01,Singapore,SG,ASEAN,GDP,-13.955533689080262,-12.443322054443051,-51.550443174132
2020-07-01,Singapore,SG,ASEAN,GDP,-5.715141144453936,-3.8698771559333878,35.747948424828024
2020-10-01,Singapore,SG,ASEAN,GDP,-2.7398681694544136,-0.2923616215326774,14.859083168311571
2021-01-01,Singapore,SG,ASEAN,GDP,1.5181919545577578,4.800951791517605,20.147218747062823
2021-04-01,Singapore,SG,ASEAN,GDP,0.41620656885573737,17.399199580348856,-1.1574520188069926
2021-07-01,Singapore,SG,ASEAN,GDP,0.4902749457028933,9.3783609927792,3.664594074549399
2021-10-01,Singapore,SG,ASEAN,GDP,1.5563489083692548,7.59704213759651,7.733807747580812
2022-01-01,Singapore,SG,ASEAN,GDP,2.393818056564017,4.286528899182862,6.90516579340823
2022-04-01,Singapore,SG,ASEAN,GDP,1.9130862426424171,5.002545927606228,1.7066160948864706
2022-07-01,Singapore,SG,ASEAN,GDP,1.1501332005506857,4.24800908984917,0.6464467235211657
2022-10-01,Singapore,SG,ASEAN,GDP,0.09925494162248052,2.2052335290711156,-0.437294495531404
2023-01-01,Singapore,SG,ASEAN,GDP,-0.8058222138851998,0.5329393323249221,0.21598900642345598
2023-04-01,Singapore,SG,ASEAN,GDP,-1.1702420396924458,0.7190515563111788,2.4510649908314974
2023-07-01,Singapore,SG,ASEAN,GDP,-1.2440561512776271,1.4790117592120566,3.686287535124677
2023-10-01,Singapore,SG,ASEAN,GDP,-0.8644128005451911,2.980921505219847,5.570344488499757
2024-01-01,Singapore,SG,ASEAN,GDP,-0.4942167350536065,4.326199185604551,5.597099727962274
2024-04-01,Singapore,SG,ASEAN,GDP,-0.44838486559982144,4.802518830035929,4.356343568557008
2024-07-01,Singapore,SG,ASEAN,GDP,1.237609630708684,6.622100797055808,10.964615403204192
2024-10-01,Singapore,SG,ASEAN,GDP,0.1817233711775895,5.238143036778986,0.0345134473924702
2025-01-01,Singapore,SG,ASEAN,GDP,-0.8169198665153387,3.9123181964601628,0.2938003666869804
2025-04-01,Singapore,SG,ASEAN,GDP,-0.18249350662565034,4.535667719766501,6.84974166178236
2025-07-01,Singapore,SG,ASEAN,GDP,1.3328973191378628,4.391655919765292,10.388568203199355
2025-10-01,Singapore,SG,ASEAN,GDP,2.327286924770744,6.4606229429143625,8.310381539988754
1975-01-01,Singapore,SG,ASEAN,Investment,11.462170424124633,NA,NA
1975-04-01,Singapore,SG,ASEAN,Investment,7.291669053893416,NA,-9.07362302164394
1975-07-01,Singapore,SG,ASEAN,Investment,-2.61249701211338,NA,-31.97962637868592
1975-10-01,Singapore,SG,ASEAN,Investment,3.182321951695635,NA,30.891853765332655
1976-01-01,Singapore,SG,ASEAN,Investment,10.049901938406022,6.2843489007152975,35.298791237858396
1976-04-01,Singapore,SG,ASEAN,Investment,4.579131964773664,5.080153140739174,-13.890406061548433
1976-07-01,Singapore,SG,ASEAN,Investment,4.661379796952677,15.214885140298495,8.559301619551363
1976-10-01,Singapore,SG,ASEAN,Investment,-12.286771642317749,-7.318022616682374,-59.23977726259082
1977-01-01,Singapore,SG,ASEAN,Investment,-12.37589726754619,-13.988875578015048,8.6153793925277
1977-04-01,Singapore,SG,ASEAN,Investment,-5.649141627420972,-1.425330032857719,36.36377611908088
1977-07-01,Singapore,SG,ASEAN,Investment,-2.248770808325022,2.329341318035194,23.577987023123015
1977-10-01,Singapore,SG,ASEAN,Investment,-3.9545226189795573,18.062786223990557,3.6940023612306305
1978-01-01,Singapore,SG,ASEAN,Investment,1.80858478173649,24.44021107729686,34.125078805752906
1978-04-01,Singapore,SG,ASEAN,Investment,-6.935286115145808,9.513780209972289,-23.341947350217396
1978-07-01,Singapore,SG,ASEAN,Investment,-14.05348459751526,-0.44786698591003926,-16.2686017604063
1978-10-01,Singapore,SG,ASEAN,Investment,-0.45706157613831233,15.416875140879327,67.1529708683881
1979-01-01,Singapore,SG,ASEAN,Investment,-17.519076179067593,-6.854493571676823,-54.96039604447169
1979-04-01,Singapore,SG,ASEAN,Investment,-7.0070115393306915,12.934107972670894,55.81245882717347
1979-07-01,Singapore,SG,ASEAN,Investment,3.1701104882235915,30.716654139170174,54.86158290559082
1979-10-01,Singapore,SG,ASEAN,Investment,-2.709753225624456,11.65775481318514,-9.082626435552044
1980-01-01,Singapore,SG,ASEAN,Investment,0.807593248316784,32.57103190270598,28.69271231361168
1980-04-01,Singapore,SG,ASEAN,Investment,3.689537254312732,25.17631480349083,26.23359043031286
1980-07-01,Singapore,SG,ASEAN,Investment,-3.085934405707199,8.357025259175188,-12.415575271671742
1980-10-01,Singapore,SG,ASEAN,Investment,-4.784632647817974,12.57249391275721,7.779248178776044
1981-01-01,Singapore,SG,ASEAN,Investment,-6.824099828390863,6.950170880468498,6.2034201844568315
1981-04-01,Singapore,SG,ASEAN,Investment,-4.125699208974605,6.599197158650583,24.829695543041197
1981-07-01,Singapore,SG,ASEAN,Investment,0.3332948171099262,17.557433346035722,31.417369477868817
1981-10-01,Singapore,SG,ASEAN,Investment,8.35590100562028,26.88194638564969,45.07730033723192
1982-01-01,Singapore,SG,ASEAN,Investment,10.704186142079658,30.742719708844568,21.64651347723634
1982-04-01,Singapore,SG,ASEAN,Investment,3.924770278448883,20.60632375212066,-15.71588828385444
1982-07-01,Singapore,SG,ASEAN,Investment,9.18740299814251,20.629324793935844,31.509373645129557
1982-10-01,Singapore,SG,ASEAN,Investment,3.9894354620264445,6.520629084550755,-11.357482500308436
1983-01-01,Singapore,SG,ASEAN,Investment,0.3479986247827832,-0.44459154411082835,-6.214369037409995
1983-04-01,Singapore,SG,ASEAN,Investment,15.553775206921665,20.49510419830085,68.04289468579228
1983-07-01,Singapore,SG,ASEAN,Investment,10.41468716915142,8.988794693681967,-14.515864373345977
1983-10-01,Singapore,SG,ASEAN,Investment,9.12036141019562,11.746929812572304,-0.324942024747088
1984-01-01,Singapore,SG,ASEAN,Investment,14.779964713215744,19.880486568740352,26.319857987262196
1984-04-01,Singapore,SG,ASEAN,Investment,17.564777011350174,6.2922101888215565,13.689789166117095
1984-07-01,Singapore,SG,ASEAN,Investment,9.043683035088248,1.7742314354089572,-32.587779386996374
1984-10-01,Singapore,SG,ASEAN,Investment,16.728955171318518,9.681620665607404,31.3046148960467
1985-01-01,Singapore,SG,ASEAN,Investment,14.193184794014952,0.5093704615859451,-10.369142828823641
1985-04-01,Singapore,SG,ASEAN,Investment,-1.7779164079767453,-19.09176405849138,-64.7147489141922
1985-07-01,Singapore,SG,ASEAN,Investment,-1.0914959350552251,-10.561858500505217,1.5318428449482724
1985-10-01,Singapore,SG,ASEAN,Investment,-4.702923080277411,-22.344687102780725,-15.826699513055331
1986-01-01,Singapore,SG,ASEAN,Investment,-7.234530516944636,-22.617640957829366,-11.460958249018205
1986-04-01,Singapore,SG,ASEAN,Investment,-11.927248683331024,-11.403224161914238,-19.85708173053169
1986-07-01,Singapore,SG,ASEAN,Investment,-7.162916223323081,-7.185382149735808,18.403210893661992
1986-10-01,Singapore,SG,ASEAN,Investment,-14.197120920342726,-10.27993103554401,-28.204895056288137
1987-01-01,Singapore,SG,ASEAN,Investment,-11.832648202639504,-4.886715835851874,10.11190254975034
1987-04-01,Singapore,SG,ASEAN,Investment,-9.900543762364974,2.3788220602481758,9.205069853868508
1987-07-01,Singapore,SG,ASEAN,Investment,-10.853079630377612,-2.581950692984414,-1.4398801192683663
1987-10-01,Singapore,SG,ASEAN,Investment,-8.337310432076638,7.812565794280246,13.373170892770503
1988-01-01,Singapore,SG,ASEAN,Investment,-14.795529413320004,-0.10637591588853468,-21.563864290924784
1988-04-01,Singapore,SG,ASEAN,Investment,-9.70353078056048,3.990898423440825,25.594167211185948
1988-07-01,Singapore,SG,ASEAN,Investment,-3.5538197787364503,12.036726558664235,30.743432421625272
1989-01-01,Singapore,SG,ASEAN,Investment,2.0070485873545025,16.004302203973886,29.243473474009107
1989-04-01,Singapore,SG,ASEAN,Investment,-3.856463726124547,17.47763669238722,-15.67052633727144
1989-07-01,Singapore,SG,ASEAN,Investment,-3.9834315801779914,13.077170724737286,7.992303340586204
1989-10-01,Singapore,SG,ASEAN,Investment,6.337723019168608,17.99754581137556,50.424932768178365
1990-01-01,Singapore,SG,ASEAN,Investment,1.690449343227027,8.462899561849824,-8.895111524093835
1990-04-01,Singapore,SG,ASEAN,Investment,1.583713108387532,14.818051284075473,9.750080551631157
1990-07-01,Singapore,SG,ASEAN,Investment,2.7668084972754663,16.651487694841727,15.32604898365122
1990-10-01,Singapore,SG,ASEAN,Investment,-0.5201510492590551,3.4952620247063138,-2.1999699123632865
1991-01-01,Singapore,SG,ASEAN,Investment,2.8547898590265426,11.90561707632991,24.746308682400553
1991-04-01,Singapore,SG,ASEAN,Investment,9.348021364108888,18.833427787736134,37.46132339725605
1991-07-01,Singapore,SG,ASEAN,Investment,2.9725907107585896,11.546625446329983,-13.821160381973385
1991-10-01,Singapore,SG,ASEAN,Investment,-4.538546457193808,7.5470831730113375,-18.19813900563787
1992-01-01,Singapore,SG,ASEAN,Investment,0.9971180631232913,9.894513312212183,34.136029239203936
1992-04-01,Singapore,SG,ASEAN,Investment,2.3928548809866834,4.952444365905606,17.693047612029744
1992-07-01,Singapore,SG,ASEAN,Investment,-0.5746916978186293,8.489960384906503,0.3289036940302026
1992-10-01,Singapore,SG,ASEAN,Investment,4.320677616723784,21.001445026149312,31.847799559333367
1993-01-01,Singapore,SG,ASEAN,Investment,-2.0160066086584654,9.208343612733216,-13.036376414460449
1993-04-01,Singapore,SG,ASEAN,Investment,0.6633815920691936,10.549971475705355,23.0595590639183
1993-07-01,Singapore,SG,ASEAN,Investment,-1.1897483012707482,11.703670560472723,4.943700033099674
1993-10-01,Singapore,SG,ASEAN,Investment,-1.903078377595345,6.1170553386658,9.501338672105675
1994-01-01,Singapore,SG,ASEAN,Investment,-1.8328057341003308,12.530009586548019,12.615440577068426
1994-04-01,Singapore,SG,ASEAN,Investment,-5.439024508955975,6.231534792604876,-2.1343401118542715
1994-07-01,Singapore,SG,ASEAN,Investment,-2.421150015802509,11.068142256610614,24.290129889122625
1994-10-01,Singapore,SG,ASEAN,Investment,-5.972415310119342,8.167803101426685,-2.1000179486300397
1995-01-01,Singapore,SG,ASEAN,Investment,-8.856156378714234,5.116130900793259,0.40875177453472133
1995-04-01,Singapore,SG,ASEAN,Investment,-7.590691406547945,9.845110735689211,16.781579227729537
1995-07-01,Singapore,SG,ASEAN,Investment,-4.183391551034477,10.032606295957258,25.040112130194814
1995-10-01,Singapore,SG,ASEAN,Investment,2.3304772911788425,19.821059482234915,37.05379479648059
1996-01-01,Singapore,SG,ASEAN,Investment,7.717708068684,27.723972570767863,32.02040412866651
1996-04-01,Singapore,SG,ASEAN,Investment,11.660232037905768,29.930157651663514,25.60631955131214
1996-07-01,Singapore,SG,ASEAN,Investment,-0.5114988763419565,13.776359121151316,-39.57508199185398
1996-10-01,Singapore,SG,ASEAN,Investment,9.284088109148131,16.390368800240296,47.50983351283651
1997-01-01,Singapore,SG,ASEAN,Investment,3.60835536374976,4.580004183788056,-15.221054337142448
1997-04-01,Singapore,SG,ASEAN,Investment,7.0691657043927405,3.2887909131368076,20.441466468707148
1997-07-01,Singapore,SG,ASEAN,Investment,13.733027927381944,21.267811595174102,32.3410007362952
1997-10-01,Singapore,SG,ASEAN,Investment,13.860085147805387,10.707792880718436,5.269758655013845
1998-01-01,Singapore,SG,ASEAN,Investment,9.951428459994624,11.569522642917995,-11.774135288344212
1998-04-01,Singapore,SG,ASEAN,Investment,2.2442895720943543,-0.4937110806729095,-27.81146842565647
1998-07-01,Singapore,SG,ASEAN,Investment,-1.4503953802298686,-11.70959738366868,-12.52254447568788
1998-10-01,Singapore,SG,ASEAN,Investment,-7.546608201938719,-18.72739316667591,-22.801424477015075
1999-01-01,Singapore,SG,ASEAN,Investment,-8.30448325609922,-16.292945507218448,-2.0363446505143656
1999-04-01,Singapore,SG,ASEAN,Investment,-4.016685826932765,-4.9341522011308925,17.62370479869375
1999-07-01,Singapore,SG,ASEAN,Investment,-2.0785065712336515,0.13334921083512086,7.747461172176173
1999-10-01,Singapore,SG,ASEAN,Investment,-5.07939779590242,2.7207643688241134,-12.451763845059105
2000-01-01,Singapore,SG,ASEAN,Investment,5.236816802600703,13.330687512032924,40.403347922320876
2000-04-01,Singapore,SG,ASEAN,Investment,2.6736524357282367,6.0471247152289465,-11.510546388522158
2000-07-01,Singapore,SG,ASEAN,Investment,11.609544964611782,12.64009138796851,34.11932786313443
2000-10-01,Singapore,SG,ASEAN,Investment,7.1653137471095185,10.820329548054808,-19.730811204713916
2001-01-01,Singapore,SG,ASEAN,Investment,7.259884585119349,0.2596140791004231,-1.8395139534966631
2001-04-01,Singapore,SG,ASEAN,Investment,4.61355333521518,-0.10859604380453192,-12.983386880141978
2001-07-01,Singapore,SG,ASEAN,Investment,1.8364212582013504,-12.03469267365449,-13.585058656265403
2001-10-01,Singapore,SG,ASEAN,Investment,0.2952529232725515,-9.253575413717918,-8.606342164967629
2002-01-01,Singapore,SG,ASEAN,Investment,-1.5627661765825993,-11.223937589825539,-9.720962657927146
2002-04-01,Singapore,SG,ASEAN,Investment,-0.5403137201693762,-7.4599995422929055,2.0723653099885553
2002-07-01,Singapore,SG,ASEAN,Investment,-8.245139592918532,-12.176373379017669,-32.450554003164456
2002-10-01,Singapore,SG,ASEAN,Investment,-5.601446834535909,-7.664008837472203,9.443116001214236
2003-01-01,Singapore,SG,ASEAN,Investment,-8.59455383580697,-8.361692905534568,-12.511698930176607
2003-04-01,Singapore,SG,ASEAN,Investment,-10.559494544286549,-10.81175039340696,-7.727864641501014
2003-07-01,Singapore,SG,ASEAN,Investment,-9.234546687356161,-1.1590725517800493,6.160157363343188
2003-10-01,Singapore,SG,ASEAN,Investment,-7.274672985024301,-1.1550444577109076,9.459228377490803
2004-01-01,Singapore,SG,ASEAN,Investment,-3.4498854505629963,6.394396490125054,17.68606486116724
2004-04-01,Singapore,SG,ASEAN,Investment,1.3000930591578266,13.862271839879803,22.14363675751798
2004-07-01,Singapore,SG,ASEAN,Investment,3.750189530110533,15.742712180115603,13.68191872428639
2004-10-01,Singapore,SG,ASEAN,Investment,-7.994868154862014,2.783746231143347,-42.37663541839822
2005-01-01,Singapore,SG,ASEAN,Investment,-3.739566192644747,3.9473533869463395,22.34049348437921
2005-04-01,Singapore,SG,ASEAN,Investment,-6.252083598820395,-2.5989190555732122,-4.0414530125602255
2005-07-01,Singapore,SG,ASEAN,Investment,-4.83314467890697,-2.934899982754402,12.337995015561631
2005-10-01,Singapore,SG,ASEAN,Investment,1.1036472637232508,15.412181713927353,31.011691368328798
2006-01-01,Singapore,SG,ASEAN,Investment,-3.7695818019788456,6.904675911167146,-11.689529726661618
2006-04-01,Singapore,SG,ASEAN,Investment,-6.878893493618507,6.876124289938446,-4.155659497475028
2006-07-01,Singapore,SG,ASEAN,Investment,-0.19686013865254093,12.646084351542264,35.417835261976904
2006-10-01,Singapore,SG,ASEAN,Investment,2.1227031927736895,9.465358096261411,18.288786347205388
2007-01-01,Singapore,SG,ASEAN,Investment,0.8293994925916408,13.405333991969748,4.070373856171727
2007-04-01,Singapore,SG,ASEAN,Investment,1.7124825356955653,17.675875786015816,12.926507678709243
2007-07-01,Singapore,SG,ASEAN,Investment,-1.512674447559821,7.962351754369301,-3.436260864609153
2007-10-01,Singapore,SG,ASEAN,Investment,11.100045849744026,18.367486602270766,59.90932573881125
2008-01-01,Singapore,SG,ASEAN,Investment,8.69182008875328,17.284823943168348,-0.26027678023794465
2008-04-01,Singapore,SG,ASEAN,Investment,8.21107745167922,15.881119967773039,7.311691777128004
2008-07-01,Singapore,SG,ASEAN,Investment,4.313175406927384,15.108853710402315,-6.525325894092049
2008-10-01,Singapore,SG,ASEAN,Investment,-3.591082959862827,-5.550732632133837,-22.729019631333358
2009-01-01,Singapore,SG,ASEAN,Investment,-0.6824915329599162,-0.3994120310018445,20.345005624290025
2009-04-01,Singapore,SG,ASEAN,Investment,4.082798029533376,4.669250292226401,27.586341070040987
2009-07-01,Singapore,SG,ASEAN,Investment,-0.1581395030424409,4.142128312464521,-8.633813813139568
2009-10-01,Singapore,SG,ASEAN,Investment,0.5967284068354815,12.613027980935776,11.15457904255166
2010-01-01,Singapore,SG,ASEAN,Investment,1.7462827533552654,10.661406103617743,12.538518115017894
2010-04-01,Singapore,SG,ASEAN,Investment,-0.8868649213651918,3.068425190356372,-2.785582583004498
2010-07-01,Singapore,SG,ASEAN,Investment,-1.888842907884665,6.1147994748065315,3.55168332466107
2010-10-01,Singapore,SG,ASEAN,Investment,-0.6128011046870486,6.4461577751712795,12.480012244010652
2011-01-01,Singapore,SG,ASEAN,Investment,-6.797042442609966,-1.0749542689932667,-17.54593006164029
2011-04-01,Singapore,SG,ASEAN,Investment,-0.5286688924714504,7.640723438014163,32.07712824502522
2011-07-01,Singapore,SG,ASEAN,Investment,3.3853173292428678,12.365951000656317,22.452593575229685
2011-10-01,Singapore,SG,ASEAN,Investment,-2.4728359192421197,5.02998407854971,-16.863855444415776
2012-01-01,Singapore,SG,ASEAN,Investment,4.285447633825615,17.756856127340015,33.36155813352093
2012-04-01,Singapore,SG,ASEAN,Investment,-0.6810840762371158,6.28840878445871,-13.796661126499998
2012-07-01,Singapore,SG,ASEAN,Investment,-2.391370904606116,0.4156226988103029,-1.0385507673639438
2012-10-01,Singapore,SG,ASEAN,Investment,0.6842402786445476,9.088726170200623,17.828558441145503
2013-01-01,Singapore,SG,ASEAN,Investment,1.0271557481679634,2.3997617994892195,6.605700650675317
2013-04-01,Singapore,SG,ASEAN,Investment,-0.2835343105790991,5.770257607398399,-0.31467789486328
2013-07-01,Singapore,SG,ASEAN,Investment,4.7024817439991935,12.16861442885353,24.55487651845658
2013-10-01,Singapore,SG,ASEAN,Investment,-0.8607493822857492,3.2186236464973206,-17.971404688279335
2014-01-01,Singapore,SG,ASEAN,Investment,2.9319639271738196,6.347902066947064,19.12281433247429
2014-04-01,Singapore,SG,ASEAN,Investment,-0.05536289303619685,4.344240785456499,-8.32932302082554
2014-07-01,Singapore,SG,ASEAN,Investment,0.30241402993128746,-0.6134716154868158,4.724026914683321
2014-10-01,Singapore,SG,ASEAN,Investment,2.187670226675379,6.507292647277296,10.511652362777113
2015-01-01,Singapore,SG,ASEAN,Investment,-2.1488813474464763,-1.9464961714502849,-14.692340942436033
2015-04-01,Singapore,SG,ASEAN,Investment,1.4122337960379565,4.28397516052339,16.59256230706916
2015-07-01,Singapore,SG,ASEAN,Investment,1.2960110887031209,3.498736851936002,1.5830736803337686
2015-10-01,Singapore,SG,ASEAN,Investment,1.923164359594696,1.937223099174723,4.265597351731998
2016-01-01,Singapore,SG,ASEAN,Investment,-1.8454070329524361,2.211337201319452,-13.595884533857117
2016-04-01,Singapore,SG,ASEAN,Investment,1.4108750036519875,1.623734342423866,14.242150871486814
2016-07-01,Singapore,SG,ASEAN,Investment,-1.591947514623538,-1.532797641736039,-11.043054256305851
2016-10-01,Singapore,SG,ASEAN,Investment,0.9917212546744526,0.16836366438450767,11.070242576214184
2017-01-01,Singapore,SG,ASEAN,Investment,2.0185205821757464,4.722893601090128,4.622235212965364
2017-04-01,Singapore,SG,ASEAN,Investment,3.4727503100781023,2.693867194057553,6.126045243356515
2017-07-01,Singapore,SG,ASEAN,Investment,4.9165427432684785,6.929142963033996,5.8980488195999214
2017-10-01,Singapore,SG,ASEAN,Investment,6.679298322863872,5.915582409578057,7.016000362390429
2018-01-01,Singapore,SG,ASEAN,Investment,0.4422681508651261,-1.515077925632724,-25.10040612787776
2018-04-01,Singapore,SG,ASEAN,Investment,0.06430911649022743,-3.47760155060417,-1.7240492565292698
2018-07-01,Singapore,SG,ASEAN,Investment,-1.3807445654503894,-6.4505922682084105,-5.99391405081704
2018-10-01,Singapore,SG,ASEAN,Investment,-1.6651452899707053,-8.528138903117899,-1.294186177247525
2019-01-01,Singapore,SG,ASEAN,Investment,1.1374271990156024,0.5384559056432536,11.165973107166849
2019-04-01,Singapore,SG,ASEAN,Investment,1.366194739551088,1.2279700365320778,1.034007267026027
2019-07-01,Singapore,SG,ASEAN,Investment,3.7215383450839994,5.165797692223961,9.757396571950494
2019-10-01,Singapore,SG,ASEAN,Investment,0.8870417110069112,2.8074360456773917,-10.727632763433803
2020-01-01,Singapore,SG,ASEAN,Investment,0.8169864719699549,0.18369648482714496,0.671014863765862
2020-04-01,Singapore,SG,ASEAN,Investment,-34.20257463920079,-34.75414496929634,-138.71735854946792
2020-07-01,Singapore,SG,ASEAN,Investment,-21.728313183692755,-24.258896040536726,51.738392286988955
2020-10-01,Singapore,SG,ASEAN,Investment,-6.14368201420858,-5.415578907058638,64.64563577047855
2021-01-01,Singapore,SG,ASEAN,Investment,1.5600972572708816,2.7964113972322124,33.518976080929264
2021-04-01,Singapore,SG,ASEAN,Investment,2.8995601549205476,39.56927167408111,8.374082557927665
2021-07-01,Singapore,SG,ASEAN,Investment,5.451529175066662,29.998674435639572,13.45600333322281
2021-10-01,Singapore,SG,ASEAN,Investment,4.815353353093102,14.052788858877996,0.8620934634322452
2022-01-01,Singapore,SG,ASEAN,Investment,5.138168353794981,6.872326910930404,4.797128289138897
2022-04-01,Singapore,SG,ASEAN,Investment,5.496756444966236,6.026739422878613,4.9917326057205
2022-07-01,Singapore,SG,ASEAN,Investment,7.193629770927146,5.25315642461468,10.361671340167078
2022-10-01,Singapore,SG,ASEAN,Investment,1.3608272986548802,0.09733147731125769,-19.761206325781444
2023-01-01,Singapore,SG,ASEAN,Investment,1.9981452012076617,0.42607753168315554,6.112112506626488
2023-04-01,Singapore,SG,ASEAN,Investment,-0.6276785165759433,-2.5586563115572503,-6.947202767241123
2023-07-01,Singapore,SG,ASEAN,Investment,-0.06802047904322578,-3.700727971880191,5.793384698875315
2023-10-01,Singapore,SG,ASEAN,Investment,-0.0019761890508713078,2.194931158226865,3.82143019464678
2024-01-01,Singapore,SG,ASEAN,Investment,-2.617060302781578,-1.057325204536852,-6.896912944428379
2024-04-01,Singapore,SG,ASEAN,Investment,-0.5375810022163908,3.652269546769382,11.891176237983814
2024-07-01,Singapore,SG,ASEAN,Investment,0.5940735274856217,4.230632141654134,8.10683507841432
2024-10-01,Singapore,SG,ASEAN,Investment,1.0945480128977567,4.671487410814201,5.58485127128705
1975-01-01,South Korea,KR,Asia-Pacific,Consumption,-0.2608655106499467,NA,NA
1975-04-01,South Korea,KR,Asia-Pacific,Consumption,-0.268546892634848,NA,6.629232207689029
1975-07-01,South Korea,KR,Asia-Pacific,Consumption,-0.5936395718033057,NA,5.358934855178177
1975-10-01,South Korea,KR,Asia-Pacific,Consumption,-2.8621677883109644,NA,-2.4167829889634618
1976-01-01,South Korea,KR,Asia-Pacific,Consumption,1.5444777487663806,8.462628193639432,24.279128700653985
1976-04-01,South Korea,KR,Asia-Pacific,Consumption,0.3313005150303006,7.25159295253448,1.7850912432692212
1976-07-01,South Korea,KR,Asia-Pacific,Consumption,0.500306206998413,7.735102917969527,7.292974716918366
1976-10-01,South Korea,KR,Asia-Pacific,Consumption,-0.028076330881423098,9.4586236563628745,4.4772999646099265
1977-01-01,South Korea,KR,Asia-Pacific,Consumption,-1.825432074395901,3.231657098930185,-0.6287375290767727
1977-04-01,South Korea,KR,Asia-Pacific,Consumption,-2.4302920433150055,3.812136255387344,4.107007869097856
1977-07-01,South Korea,KR,Asia-Pacific,Consumption,-1.224057555722956,4.816015422580477,11.3084913856909
1977-10-01,South Korea,KR,Asia-Pacific,Consumption,3.434604921373763,9.961834605154252,25.060576694905023
1978-01-01,South Korea,KR,Asia-Pacific,Consumption,-1.7365309562702602,6.535510023397251,-14.334035856104776
1978-04-01,South Korea,KR,Asia-Pacific,Consumption,0.849836274189721,9.661595924454147,16.611351473325442
1978-07-01,South Korea,KR,Asia-Pacific,Consumption,0.21535188897523969,7.741916230359536,3.629772609312454
1978-10-01,South Korea,KR,Asia-Pacific,Consumption,5.832481224103802,8.608430152064628,28.526632381725392
1979-01-01,South Korea,KR,Asia-Pacific,Consumption,4.009004821612754,11.852871614682314,-1.3562700056340304
1979-04-01,South Korea,KR,Asia-Pacific,Consumption,3.102779047859687,8.249021233244846,2.1959499475755706
1979-07-01,South Korea,KR,Asia-Pacific,Consumption,3.2045106260557716,8.872757126122366,6.124716180822531
1979-10-01,South Korea,KR,Asia-Pacific,Consumption,5.433963375143674,5.379602536854122,14.554014024652417
1980-01-01,South Korea,KR,Asia-Pacific,Consumption,-0.6334622317206192,1.0472703813835693,-18.685598627516242
1980-04-01,South Korea,KR,Asia-Pacific,Consumption,-1.533483642848204,0.992030756211193,1.9749914468860652
1980-07-01,South Korea,KR,Asia-Pacific,Consumption,-1.831665029176947,0.5645551364487744,4.414813701772857
1980-10-01,South Korea,KR,Asia-Pacific,Consumption,-2.835989835069958,-2.6588590361303233,1.6603573343360267
1981-01-01,South Korea,KR,Asia-Pacific,Consumption,-2.7090399924175994,3.5847029287221943,6.288649231893828
1981-04-01,South Korea,KR,Asia-Pacific,Consumption,-1.951825318102689,5.32567703697282,8.938887879888568
1981-07-01,South Korea,KR,Asia-Pacific,Consumption,-2.9579553631579274,4.73044904696458,2.0339017417398964
1981-10-01,South Korea,KR,Asia-Pacific,Consumption,-1.2997517861592853,7.528850419375388,12.85396282397926
1982-01-01,South Korea,KR,Asia-Pacific,Consumption,-1.9354324796081943,6.918710937026162,3.8480913024969254
1982-04-01,South Korea,KR,Asia-Pacific,Consumption,-1.0936838670198412,7.166779885497121,9.931163673772403
1982-07-01,South Korea,KR,Asia-Pacific,Consumption,-0.8811602448486212,8.554921916274694,7.586469864850187
1982-10-01,South Korea,KR,Asia-Pacific,Consumption,-1.3315959495702276,6.617170086774138,5.102955505977036
1983-01-01,South Korea,KR,Asia-Pacific,Consumption,-0.041377362476292465,8.712099640469262,12.227809517277421
1983-04-01,South Korea,KR,Asia-Pacific,Consumption,0.5943374034725595,8.669962717576496,9.76261598220134
1983-07-01,South Korea,KR,Asia-Pacific,Consumption,0.7081998216708092,8.727972702054743,7.818509802763174
1983-10-01,South Korea,KR,Asia-Pacific,Consumption,0.8001246735420218,9.418741339207415,7.866030054587725
1984-01-01,South Korea,KR,Asia-Pacific,Consumption,0.514566847314591,7.983065876000239,6.485107664448719
1984-04-01,South Korea,KR,Asia-Pacific,Consumption,0.4972214252202314,7.463087810460678,7.682703720043094
1984-07-01,South Korea,KR,Asia-Pacific,Consumption,0.9584518896729473,7.938154919574458,9.718778239218295
1984-10-01,South Korea,KR,Asia-Pacific,Consumption,-0.44402178441616325,6.567647467309001,2.384000245525897
1985-01-01,South Korea,KR,Asia-Pacific,Consumption,-0.7903975869720612,6.62864405353325,6.729094009345715
1985-04-01,South Korea,KR,Asia-Pacific,Consumption,-0.466086916507168,7.090992083989178,9.532095841866806
1985-07-01,South Korea,KR,Asia-Pacific,Consumption,-0.12937725212873452,7.086178880870264,9.699525426742639
1985-10-01,South Korea,KR,Asia-Pacific,Consumption,-0.5270718111867988,8.209217467916474,6.876154593710737
1986-01-01,South Korea,KR,Asia-Pacific,Consumption,-0.5143490978646963,8.683983653656924,8.628158752307513
1986-04-01,South Korea,KR,Asia-Pacific,Consumption,-0.09881091974521095,8.887091445541984,10.344527009407045
1986-07-01,South Korea,KR,Asia-Pacific,Consumption,0.4376394010212727,9.193901947354988,10.926767433994655
1986-10-01,South Korea,KR,Asia-Pacific,Consumption,0.4507373894750786,9.70616039581067,8.925188387533467
1987-01-01,South Korea,KR,Asia-Pacific,Consumption,-0.7548537338322898,8.583269395376547,4.136594750571021
1987-04-01,South Korea,KR,Asia-Pacific,Consumption,-0.17515405754184657,8.8369826754775,11.359380129810859
1987-07-01,South Korea,KR,Asia-Pacific,Consumption,-0.9189111319675078,7.6404777030354865,6.140747544226599
1987-10-01,South Korea,KR,Asia-Pacific,Consumption,-0.45908370989597,8.165034180847996,11.023414298783507
1988-01-01,South Korea,KR,Asia-Pacific,Consumption,-1.0500582432143253,8.850728573017719,6.87937231924991
1988-04-01,South Korea,KR,Asia-Pacific,Consumption,-0.8249334196216387,8.559039778840827,10.19262495310329
1988-07-01,South Korea,KR,Asia-Pacific,Consumption,-0.4337504126367275,9.747047170648315,10.892777111456553
1988-10-01,South Korea,KR,Asia-Pacific,Consumption,-0.29064138337699996,9.471544223544015,9.921402510366306
1989-01-01,South Korea,KR,Asia-Pacific,Consumption,0.24401507053597093,10.624808900677607,11.492431027784278
1989-04-01,South Korea,KR,Asia-Pacific,Consumption,0.32585497723650175,10.493951303220683,9.669194563275596
1989-07-01,South Korea,KR,Asia-Pacific,Consumption,0.45919816537503144,10.232516614501819,9.847038356581095
1989-10-01,South Korea,KR,Asia-Pacific,Consumption,0.7735639417606787,10.384059726354877,10.52757495777854
1990-01-01,South Korea,KR,Asia-Pacific,Consumption,1.0422908457845574,10.08275929256115,10.287229292609368
1990-04-01,South Korea,KR,Asia-Pacific,Consumption,0.9280035212606754,9.836730573897157,8.685079688619624
1990-07-01,South Korea,KR,Asia-Pacific,Consumption,0.7587442527332228,9.471321593713,8.385402435844469
1990-10-01,South Korea,KR,Asia-Pacific,Consumption,0.6689101673415521,8.993412082635288,8.615936913467692
1991-01-01,South Korea,KR,Asia-Pacific,Consumption,0.09188528835091421,8.065236651139074,6.574527566624511
1991-04-01,South Korea,KR,Asia-Pacific,Consumption,0.40637086723658256,8.404995624877643,10.044115583573898
1991-07-01,South Korea,KR,Asia-Pacific,Consumption,1.1856770058281483,9.259486535654915,11.803366078953559
1991-10-01,South Korea,KR,Asia-Pacific,Consumption,0.9991347846772386,9.06484703099295,7.837378894819835
1992-01-01,South Korea,KR,Asia-Pacific,Consumption,-0.10272418941976134,8.439695221503385,4.073920328666247
1992-04-01,South Korea,KR,Asia-Pacific,Consumption,-0.48863731603211724,7.638269373607898,6.838412191991949
1992-07-01,South Korea,KR,Asia-Pacific,Consumption,-1.442532696739121,5.80488657044036,4.469834866283406
1992-10-01,South Korea,KR,Asia-Pacific,Consumption,-1.3883198027010712,5.9473021667169945,8.407041279926375
1993-01-01,South Korea,KR,Asia-Pacific,Consumption,-1.5016741579013202,6.8386623070221475,7.639360889886859
1993-04-01,South Korea,KR,Asia-Pacific,Consumption,-2.4114105040906346,6.216750765421253,4.350766025588371
1993-07-01,South Korea,KR,Asia-Pacific,Consumption,-2.406690751650684,7.073320505628544,7.896113827112572
1993-10-01,South Korea,KR,Asia-Pacific,Consumption,-1.9046159203793718,7.410965018280535,9.75761933053434
1994-01-01,South Korea,KR,Asia-Pacific,Consumption,-0.8838961934874018,8.421832084639647,11.682829155323304
1994-04-01,South Korea,KR,Asia-Pacific,Consumption,-1.0951719565382816,8.978955816309409,6.579260952267418
1994-07-01,South Korea,KR,Asia-Pacific,Consumption,-0.8770449133964353,9.028142286451057,8.092859707679168
1994-10-01,South Korea,KR,Asia-Pacific,Consumption,0.3822015444410014,9.594277639101634,12.022160741136645
1995-01-01,South Korea,KR,Asia-Pacific,Consumption,2.2161647632504797,10.186693948133296,14.052494391449954
1995-04-01,South Korea,KR,Asia-Pacific,Consumption,2.824414310094534,10.754054971472726,8.848705045625138
1995-07-01,South Korea,KR,Asia-Pacific,Consumption,3.0604773937815617,10.488880965191427,7.032163682553971
1995-10-01,South Korea,KR,Asia-Pacific,Consumption,4.002464641356569,9.860407032646634,9.508265010957473
1996-01-01,South Korea,KR,Asia-Pacific,Consumption,4.471236078830779,8.161197889830518,7.25565782018549
1996-04-01,South Korea,KR,Asia-Pacific,Consumption,5.235762864939358,7.968219829108492,8.076792802737032
1996-07-01,South Korea,KR,Asia-Pacific,Consumption,4.47438406769458,6.615258829949511,1.620319685918048
1996-10-01,South Korea,KR,Asia-Pacific,Consumption,6.807935859224727,7.655521650548636,13.669316293353972
1997-01-01,South Korea,KR,Asia-Pacific,Consumption,5.059036922991853,5.102131853139724,-2.9579013694501555
1997-04-01,South Korea,KR,Asia-Pacific,Consumption,6.133719269373461,5.1052686136593195,8.089339844815413
1997-07-01,South Korea,KR,Asia-Pacific,Consumption,6.189984358816117,5.658080024363343,3.8315653287341433
1997-10-01,South Korea,KR,Asia-Pacific,Consumption,4.349151422395111,1.275096066773429,-3.862619537005685
1998-01-01,South Korea,KR,Asia-Pacific,Consumption,-11.408916205582166,-12.87131943550861,-59.54356337857831
1998-04-01,South Korea,KR,Asia-Pacific,Consumption,-11.89928039555834,-14.488677930819449,1.6199058635720576
1998-07-01,South Korea,KR,Asia-Pacific,Consumption,-10.552492035443823,-13.162241805737906,9.137309829060314
1998-10-01,South Korea,KR,Asia-Pacific,Consumption,-9.213081812200347,-9.865841641313366,9.322981120692475
1999-01-01,South Korea,KR,Asia-Pacific,Consumption,-6.991526141006885,8.291738102208868,13.086755595510624
1999-04-01,South Korea,KR,Asia-Pacific,Consumption,-4.892123320777934,11.094339889826443,12.83031301404236
1999-07-01,South Korea,KR,Asia-Pacific,Consumption,-2.2002565060475887,12.662971217175567,15.411835138456809
1999-10-01,South Korea,KR,Asia-Pacific,Consumption,0.003967845701238759,13.74227554916665,13.640198448656804
2000-01-01,South Korea,KR,Asia-Pacific,Consumption,0.6589374302917294,12.36655637943933,7.58387891660135
2000-04-01,South Korea,KR,Asia-Pacific,Consumption,0.7636384223429823,10.530298220200862,5.485280377088486
2000-07-01,South Korea,KR,Asia-Pacific,Consumption,0.2324016624260608,7.429196644962133,3.007428837501891
2000-10-01,South Korea,KR,Asia-Pacific,Consumption,-0.4754873380668351,4.602160052093396,2.3320520771818565
2001-01-01,South Korea,KR,Asia-Pacific,Consumption,-1.387807757770149,3.0840584079875555,1.5114723401779884
2001-04-01,South Korea,KR,Asia-Pacific,Consumption,1.0379824684968695,5.419184784566866,14.825785883405729
2001-07-01,South Korea,KR,Asia-Pacific,Consumption,1.340569762192014,6.231352728336148,6.256100612579019
2001-10-01,South Korea,KR,Asia-Pacific,Consumption,2.2676475932268803,7.808599628461721,8.641039677684148
2002-01-01,South Korea,KR,Asia-Pacific,Consumption,4.765629582161755,11.125440319847613,14.778835105721555
2002-04-01,South Korea,KR,Asia-Pacific,Consumption,5.636236601484447,9.443090104842256,8.0963850233843
2002-07-01,South Korea,KR,Asia-Pacific,Consumption,5.011412574498454,8.360688878670075,1.9264957078902967
2002-10-01,South Korea,KR,Asia-Pacific,Consumption,3.87910824403718,6.12725021646483,-0.29271497113683154
2003-01-01,South Korea,KR,Asia-Pacific,Consumption,2.259622649756392,1.8277101162915699,-2.419325294971486
2003-04-01,South Korea,KR,Asia-Pacific,Consumption,0.7208143099662195,-0.759736034151004,-2.253399578385995
2003-07-01,South Korea,KR,Asia-Pacific,Consumption,0.08620647698738375,-0.933017418302029,1.2333701712861966
2003-10-01,South Korea,KR,Asia-Pacific,Consumption,-0.717282647005723,-0.745747228209126,0.45636578923478055
2004-01-01,South Korea,KR,Asia-Pacific,Consumption,-1.7265646747266994,-0.2507950214411636,-0.4395164678996366
2004-04-01,South Korea,KR,Asia-Pacific,Consumption,-2.329770844504189,0.5973177958566112,1.139051690805104
2004-07-01,South Korea,KR,Asia-Pacific,Consumption,-3.049792245636063,0.4511538654814018,0.6487144497853592
2004-10-01,South Korea,KR,Asia-Pacific,Consumption,-2.8631022599693345,1.4043919711060227,4.269318211733264
2005-01-01,South Korea,KR,Asia-Pacific,Consumption,-2.745272029301477,2.5134829521391566,3.9968474562328993
2005-04-01,South Korea,KR,Asia-Pacific,Consumption,-1.2547620722657733,4.601866759510642,9.492586920291046
2005-07-01,South Korea,KR,Asia-Pacific,Consumption,-0.9309802852478433,5.6461591252706,4.825883912825191
2005-10-01,South Korea,KR,Asia-Pacific,Consumption,-0.7569223333538816,5.633642185780374,4.219250453772361
2006-01-01,South Korea,KR,Asia-Pacific,Consumption,-0.6527616205220669,5.614842355995009,3.921648137091438
2006-04-01,South Korea,KR,Asia-Pacific,Consumption,-0.22826024029367567,4.53490310055642,5.1728298985366905
2006-07-01,South Korea,KR,Asia-Pacific,Consumption,0.047121798696691045,4.4615251657710076,4.532372173683541
2006-10-01,South Korea,KR,Asia-Pacific,Consumption,0.6755632916633382,4.878277434159628,5.8862595273268425
2007-01-01,South Korea,KR,Asia-Pacific,Consumption,1.1067333830165746,5.154008190073611,5.024571160747371
2007-04-01,South Korea,KR,Asia-Pacific,Consumption,1.9260550228036248,5.483803516619901,6.492011204721848
2007-07-01,South Korea,KR,Asia-Pacific,Consumption,2.2590131561385247,5.463609091442834,4.451594472975273
2007-10-01,South Korea,KR,Asia-Pacific,Consumption,2.52344228083538,5.011427788077327,4.077534313864817
2008-01-01,South Korea,KR,Asia-Pacific,Consumption,2.7830604388972113,4.745038107149568,3.9590124370363355
2008-04-01,South Korea,KR,Asia-Pacific,Consumption,1.9831994777454263,3.029233473435511,-0.3712073301343821
2008-07-01,South Korea,KR,Asia-Pacific,Consumption,1.2739025870877447,1.8945043633404879,-0.08732196740481868
2008-10-01,South Korea,KR,Asia-Pacific,Consumption,-3.0496566165791665,-2.7758421573569336,-14.60385176892487
2009-01-01,South Korea,KR,Asia-Pacific,Consumption,-4.157337982749884,-4.210031727163965,-1.7777458421917913
2009-04-01,South Korea,KR,Asia-Pacific,Consumption,-1.374053710216179,-0.6764393261143198,13.7631622740642
2009-07-01,South Korea,KR,Asia-Pacific,Consumption,-0.9024163180629566,0.46981065416531465,4.497677953713719
2009-10-01,South Korea,KR,Asia-Pacific,Consumption,-0.47110226900042973,5.200301168391519,4.318110287979948
2010-01-01,South Korea,KR,Asia-Pacific,Consumption,-0.28037566371763145,6.478700799977588,3.335852684152485
2010-04-01,South Korea,KR,Asia-Pacific,Consumption,-0.10411858903848535,3.8517240919663465,3.2552554420192337
2010-07-01,South Korea,KR,Asia-Pacific,Consumption,0.2618895439143298,3.7243116848443947,3.988028325225912
2010-10-01,South Korea,KR,Asia-Pacific,Consumption,0.5165427473764013,3.5229352955326476,3.51260473073296
2011-01-01,South Korea,KR,Asia-Pacific,Consumption,1.038548267827226,3.8261952043384895,4.548892319375852
2011-04-01,South Korea,KR,Asia-Pacific,Consumption,1.2002515062395205,3.7805651103326454,3.0727350659958574
2011-07-01,South Korea,KR,Asia-Pacific,Consumption,0.4531064073783411,2.634348908134143,-0.5968364835680973
2011-10-01,South Korea,KR,Asia-Pacific,Consumption,0.15904758554373138,2.0524729698482957,1.1851009775895704
2012-01-01,South Korea,KR,Asia-Pacific,Consumption,0.19533286299661892,1.5354931518370307,2.4809730473307923
2012-04-01,South Korea,KR,Asia-Pacific,Consumption,-0.053750209629759925,1.0971334498652396,1.319296258108693
2012-07-01,South Korea,KR,Asia-Pacific,Consumption,0.25422632835118864,2.1296227163308146,3.5331205822942024
2012-10-01,South Korea,KR,Asia-Pacific,Consumption,-0.04292677612273697,2.1093081692754367,1.1038427893680591
2013-01-01,South Korea,KR,Asia-Pacific,Consumption,-0.8198864265219066,1.2846018683223548,-0.8178521564815355
2013-04-01,South Korea,KR,Asia-Pacific,Consumption,-0.36227661352436846,1.9858128235387795,4.124140078974392
2013-07-01,South Korea,KR,Asia-Pacific,Consumption,-0.23231243978134972,1.807884010909433,2.821405331776816
2013-10-01,South Korea,KR,Asia-Pacific,Consumption,-0.17884586952190107,2.1635459295875847,2.5264904640806662
2014-01-01,South Korea,KR,Asia-Pacific,Consumption,-0.21470508205107874,2.9137364273285726,2.182909834482416
2014-04-01,South Korea,KR,Asia-Pacific,Consumption,-0.7157990988692319,1.9671746474667628,0.3378929595271529
2014-07-01,South Korea,KR,Asia-Pacific,Consumption,-0.8155511457276619,1.7520348793990337,1.9608462595058995
2014-10-01,South Korea,KR,Asia-Pacific,Consumption,-0.876705931199286,1.6535858397251246,2.13269430538503
2015-01-01,South Korea,KR,Asia-Pacific,Consumption,-0.5574267439696952,2.025289355816895,3.6697238988494973
2015-04-01,South Korea,KR,Asia-Pacific,Consumption,-0.844259641050926,2.254869166376494,1.2562122017655497
2015-07-01,South Korea,KR,Asia-Pacific,Consumption,-0.9275160451880737,2.2835836475852744,2.0757041843410207
2015-10-01,South Korea,KR,Asia-Pacific,Consumption,0.3243589306746594,3.6037986804082323,7.413554436676861
2016-01-01,South Korea,KR,Asia-Pacific,Consumption,-0.1227392810235553,2.8375692932442576,0.6048063501935985
2016-04-01,South Korea,KR,Asia-Pacific,Consumption,0.06863679070548022,3.3076359869063765,3.1364789764140255
2016-07-01,South Korea,KR,Asia-Pacific,Consumption,-0.04843470419253933,3.25640698656251,1.8707881829655548
2016-10-01,South Korea,KR,Asia-Pacific,Consumption,-0.4266346123364337,1.5992357712850236,0.7848695755669155
2017-01-01,South Korea,KR,Asia-Pacific,Consumption,-0.3463309987207335,2.0899974822253142,2.567853193954761
2017-04-01,South Korea,KR,Asia-Pacific,Consumption,0.3491541794859625,2.547591958847306,4.966856882901993
2017-07-01,South Korea,KR,Asia-Pacific,Consumption,0.8670110790320179,3.1256607307508233,4.183063270579623
2017-10-01,South Korea,KR,Asia-Pacific,Consumption,0.9414239927414951,3.510773783543897,2.3253217867392095
2018-01-01,South Korea,KR,Asia-Pacific,Consumption,1.7801148325000995,4.191298093886431,5.289950435324897
2018-04-01,South Korea,KR,Asia-Pacific,Consumption,1.5938822066893181,3.222486263736357,1.0916095623016986
2018-07-01,South Korea,KR,Asia-Pacific,Consumption,1.6524662200203752,2.6693493061088702,1.9705154400696756
2018-10-01,South Korea,KR,Asia-Pacific,Consumption,1.9969953950902797,2.8420704708462807,3.0162064456888515
2019-01-01,South Korea,KR,Asia-Pacific,Consumption,2.240638873617345,2.1498269173136464,2.52097622119436
2019-04-01,South Korea,KR,Asia-Pacific,Consumption,2.0289659874180086,2.031779030604852,0.6194180154665219
2019-07-01,South Korea,KR,Asia-Pacific,Consumption,2.535936960955282,2.3968244196563404,3.4306969962756284
2019-10-01,South Korea,KR,Asia-Pacific,Consumption,3.344906710282389,2.7921388944719183,4.597464344951163
2020-01-01,South Korea,KR,Asia-Pacific,Consumption,-3.290525721217981,-4.136346057523355,-25.192963586786732
2020-04-01,South Korea,KR,Asia-Pacific,Consumption,-3.638552886481472,-4.2960482907488995,-0.019390917435657684
2020-07-01,South Korea,KR,Asia-Pacific,Consumption,-3.154101239591363,-4.3129674312901045,3.3630204341108083
2020-10-01,South Korea,KR,Asia-Pacific,Consumption,-4.318480369780424,-6.252423131268259,-3.160358454961454
2021-01-01,South Korea,KR,Asia-Pacific,Consumption,-3.832664409465299,0.9268000128066944,3.523928989513081
2021-04-01,South Korea,KR,Asia-Pacific,Consumption,-1.320460715882668,3.860086158998044,11.71375366732974
2021-07-01,South Korea,KR,Asia-Pacific,Consumption,-1.2532772589295398,3.521613917176225,2.0091314668235327
2021-10-01,South Korea,KR,Asia-Pacific,Consumption,0.28446089949177344,6.300376747962488,7.954692868183599
2022-01-01,South Korea,KR,Asia-Pacific,Consumption,-1.3697814271392592,4.228110545531649,-4.765135820210276
2022-04-01,South Korea,KR,Asia-Pacific,Consumption,1.128747649105633,4.269548341620677,11.879504851685851
2022-07-01,South Korea,KR,Asia-Pacific,Consumption,1.9382399433721675,5.052003009708272,5.1389501391739145
2022-10-01,South Korea,KR,Asia-Pacific,Consumption,1.3877336165904528,2.9881816162909303,-0.30059270548576933
2023-01-01,South Korea,KR,Asia-Pacific,Consumption,1.4805811938346858,4.745210414878898,2.262979374141594
2023-04-01,South Korea,KR,Asia-Pacific,Consumption,1.0165001233911044,1.7799830531938454,0.018595404945642713
2023-07-01,South Korea,KR,Asia-Pacific,Consumption,0.6355868850480754,0.5781137598802388,0.33147296591948816
2023-10-01,South Korea,KR,Asia-Pacific,Consumption,0.48086197395191477,0.9572242784525287,1.21584936880339
2024-01-01,South Korea,KR,Asia-Pacific,Consumption,0.5677601470701266,0.9322220919408153,2.1629706280947403
2024-04-01,South Korea,KR,Asia-Pacific,Consumption,0.11257694017187664,0.9219437441881695,-0.022517986064940487
2024-07-01,South Korea,KR,Asia-Pacific,Consumption,0.08395648380097269,1.256624829155939,1.6701973057905661
2024-10-01,South Korea,KR,Asia-Pacific,Consumption,-0.16854160542213403,1.143927459534666,0.7650598903182981
2025-01-01,South Korea,KR,Asia-Pacific,Consumption,-0.7546240436585614,0.459488384411344,-0.5747856723985478
2025-04-01,South Korea,KR,Asia-Pacific,Consumption,-0.7243213108823734,0.9373539330212566,1.8889442083747099
1975-01-01,South Korea,KR,Asia-Pacific,GDP,-4.239877900113007,NA,NA
1975-04-01,South Korea,KR,Asia-Pacific,GDP,-2.6426014293798112,NA,16.53867525464534
1975-07-01,South Korea,KR,Asia-Pacific,GDP,-2.3568719770291553,NA,11.281887486364894
1975-10-01,South Korea,KR,Asia-Pacific,GDP,-1.7309277294816392,NA,12.61494077407832
1976-01-01,South Korea,KR,Asia-Pacific,GDP,-1.1278528867235578,13.227015599667169,12.47255888358012
1976-04-01,South Korea,KR,Asia-Pacific,GDP,0.6307968130785883,13.346478871712364,17.01652834282612
1976-07-01,South Korea,KR,Asia-Pacific,GDP,0.32262335298303796,12.686172101245674,8.640660404498135
1976-10-01,South Korea,KR,Asia-Pacific,GDP,-0.9752374915590871,10.668603715276248,4.544667230200616
1977-01-01,South Korea,KR,Asia-Pacific,GDP,-2.273150243751968,8.645302540304911,4.3793541836947725
1977-04-01,South Korea,KR,Asia-Pacific,GDP,0.197190013104271,9.205410687315307,19.256960930867706
1977-07-01,South Korea,KR,Asia-Pacific,GDP,3.848557403610727,12.982665943119542,23.749681427715075
1977-10-01,South Korea,KR,Asia-Pacific,GDP,5.190640507496854,15.407915753015189,14.245666469783203
1978-01-01,South Korea,KR,Asia-Pacific,GDP,2.4292991144817844,13.697882779726456,-2.46077770946016
1978-04-01,South Korea,KR,Asia-Pacific,GDP,3.361310678449657,11.885391583987825,12.006996147913185
1978-07-01,South Korea,KR,Asia-Pacific,GDP,3.311624317022931,7.889908213219954,7.767747944643588
1978-10-01,South Korea,KR,Asia-Pacific,GDP,5.952391126666217,8.883163813973027,18.218688872795497
1979-01-01,South Korea,KR,Asia-Pacific,GDP,8.734626704279044,14.11924724006326,18.48355599490077
1979-04-01,South Korea,KR,Asia-Pacific,GDP,7.59734234468447,11.749801473202481,2.529213080470072
1979-07-01,South Korea,KR,Asia-Pacific,GDP,3.015052987050048,6.9377423054522325,-11.480488726357407
1979-10-01,South Korea,KR,Asia-Pacific,GDP,-0.16423233742434157,0.8749251618556997,-6.032579701590635
1980-01-01,South Korea,KR,Asia-Pacific,GDP,-0.7161369903151572,-2.649476782836402,4.385948216132363
1980-04-01,South Korea,KR,Asia-Pacific,GDP,-3.0164038882200037,-3.9382284964830205,-2.625793774116403
1980-07-01,South Korea,KR,Asia-Pacific,GDP,-2.8497105464239323,0.7555600827156894,7.2946655904374325
1980-10-01,South Korea,KR,Asia-Pacific,GDP,-7.067300767698257,-0.2679149543546089,-10.126479849871828
1981-01-01,South Korea,KR,Asia-Pacific,GDP,-4.7210786592559275,2.710849094318135,16.30100441082334
1981-04-01,South Korea,KR,Asia-Pacific,GDP,-4.181242410204299,5.688865986103764,9.286273793026112
1981-07-01,South Korea,KR,Asia-Pacific,GDP,-2.0706568753687398,7.816914322798496,15.806858937216361
1981-10-01,South Korea,KR,Asia-Pacific,GDP,-2.155721688150234,12.168076191032995,7.278167623066167
1982-01-01,South Korea,KR,Asia-Pacific,GDP,-3.3963333736478085,8.823083998725778,2.9210356415944716
1982-04-01,South Korea,KR,Asia-Pacific,GDP,-3.3025281279075966,8.63389430166741,8.529515004792643
1982-07-01,South Korea,KR,Asia-Pacific,GDP,-3.3909464324072616,6.6993540017385556,8.06869773750094
1982-10-01,South Korea,KR,Asia-Pacific,GDP,-2.039214271372953,8.401408473073246,14.08638550840493
1983-01-01,South Korea,KR,Asia-Pacific,GDP,-0.12095673622416689,11.818675693337255,16.590104522650506
1983-04-01,South Korea,KR,Asia-Pacific,GDP,0.4166840671978797,12.506469113857221,11.280688686872509
1983-07-01,South Korea,KR,Asia-Pacific,GDP,1.8562851246187433,14.258472673356337,15.076711975497403
1983-10-01,South Korea,KR,Asia-Pacific,GDP,0.6716865371184967,11.922943436282907,4.744268560111209
1984-01-01,South Korea,KR,Asia-Pacific,GDP,2.226609769627871,11.737298457852319,15.847524608928154
1984-04-01,South Korea,KR,Asia-Pacific,GDP,2.018323155181488,11.14771298881081,8.922346810706472
1984-07-01,South Korea,KR,Asia-Pacific,GDP,1.2156503590130592,9.043665749603136,6.660523018666709
1984-10-01,South Korea,KR,Asia-Pacific,GDP,-0.5075264437669462,8.629431879626281,3.0873330802037913
1985-01-01,South Korea,KR,Asia-Pacific,GDP,-0.6019172480842879,7.094412587661836,9.707447441070371
1985-04-01,South Korea,KR,Asia-Pacific,GDP,-0.7779603856703389,7.2339968694688395,9.480683937934486
1985-07-01,South Korea,KR,Asia-Pacific,GDP,-2.0090552221295988,6.907289525348048,5.3536936421835435
1985-10-01,South Korea,KR,Asia-Pacific,GDP,-1.4715941686023903,9.263596122974604,12.512559470710016
1986-01-01,South Korea,KR,Asia-Pacific,GDP,-2.4864068583446675,8.430361736956016,6.374509896996017
1986-04-01,South Korea,KR,Asia-Pacific,GDP,-1.0648483289345068,10.103631832055271,16.173764318331507
1986-07-01,South Korea,KR,Asia-Pacific,GDP,0.7687066191568279,13.228215338008908,17.852027665998094
1986-10-01,South Korea,KR,Asia-Pacific,GDP,-0.35644149364554834,11.605410246021108,6.021339102758816
1987-01-01,South Korea,KR,Asia-Pacific,GDP,-0.13808538359974792,12.855594633879264,11.375247448428638
1987-04-01,South Korea,KR,Asia-Pacific,GDP,2.5134513110045344,14.077838032083179,21.062737911147167
1987-07-01,South Korea,KR,Asia-Pacific,GDP,1.035821708997714,10.73367419206761,4.475372305935821
1987-10-01,South Korea,KR,Asia-Pacific,GDP,0.1967048757589313,10.963223928194665,6.939538047267035
1988-01-01,South Korea,KR,Asia-Pacific,GDP,4.936136443169639,15.406224804943136,29.14725095542252
1988-04-01,South Korea,KR,Asia-Pacific,GDP,0.5957086395571871,8.316847621750156,-7.294770821624752
1988-07-01,South Korea,KR,Asia-Pacific,GDP,1.4474923111069005,10.534936427432484,13.347727528665132
1988-10-01,South Korea,KR,Asia-Pacific,GDP,1.823169285631544,11.628721716715873,11.31467920440059
1989-01-01,South Korea,KR,Asia-Pacific,GDP,-0.6250681669875847,4.314845154018698,-0.1082552953661775
1989-04-01,South Korea,KR,Asia-Pacific,GDP,-1.352454955179938,7.801981169258809,6.653773239335692
1989-07-01,South Korea,KR,Asia-Pacific,GDP,-0.9027566698714944,7.276319139118215,11.245079408102754
1989-10-01,South Korea,KR,Asia-Pacific,GDP,0.5110203691806314,8.19397912757367,14.98531915822241
1990-01-01,South Korea,KR,Asia-Pacific,GDP,-0.7500164739009542,9.26321553479994,4.168690333538905
1990-04-01,South Korea,KR,Asia-Pacific,GDP,-0.7946234702456076,9.829026210957892,8.917015943967499
1990-07-01,South Korea,KR,Asia-Pacific,GDP,0.443733791354612,10.500152278350328,13.929583677672497
1990-10-01,South Korea,KR,Asia-Pacific,GDP,0.11918905041759069,8.642523561099225,7.554804289217998
1991-01-01,South Korea,KR,Asia-Pacific,GDP,1.5307418266565127,11.19366353618041,14.373250233863644
1991-04-01,South Korea,KR,Asia-Pacific,GDP,1.0710461005208112,10.6543688819837,6.759837327180662
1991-07-01,South Korea,KR,Asia-Pacific,GDP,1.2047304747341263,9.423545690773594,9.006290912832071
1991-10-01,South Korea,KR,Asia-Pacific,GDP,1.6601836728113213,10.07742689077773,10.170329089234542
1992-01-01,South Korea,KR,Asia-Pacific,GDP,1.3176207060518716,8.199681540740045,6.862268833712903
1992-04-01,South Korea,KR,Asia-Pacific,GDP,0.0357320529922444,7.259762827544236,3.0001624743974276
1992-07-01,South Korea,KR,Asia-Pacific,GDP,-1.853347701909667,5.1284602210209584,0.48108048673896064
1992-10-01,South Korea,KR,Asia-Pacific,GDP,-2.282207690201604,4.147432282924157,6.246217336847337
1993-01-01,South Korea,KR,Asia-Pacific,GDP,-2.1999752617843757,4.488061770009821,8.22478678205556
1993-04-01,South Korea,KR,Asia-Pacific,GDP,-1.6659157182359303,6.230654025517879,9.970531496429658
1993-07-01,South Korea,KR,Asia-Pacific,GDP,-1.796091654229933,7.9230744961911626,7.2507623694320955
1993-10-01,South Korea,KR,Asia-Pacific,GDP,-1.7720897832077669,8.311324696153477,7.799218136696595
1994-01-01,South Korea,KR,Asia-Pacific,GDP,-0.7524623027330146,9.181014658789266,11.703546632598716
1994-04-01,South Korea,KR,Asia-Pacific,GDP,-0.9841304531103823,8.339842150110854,6.605841461716011
1994-07-01,South Korea,KR,Asia-Pacific,GDP,-1.2407107451431736,8.126511654327118,6.3974403862971485
1994-10-01,South Korea,KR,Asia-Pacific,GDP,0.9064695732837,10.147967153123716,15.885040131882988
1995-01-01,South Korea,KR,Asia-Pacific,GDP,1.3044769376169534,9.406858908708315,8.739113654937114
1995-04-01,South Korea,KR,Asia-Pacific,GDP,1.4486534829951867,9.644156025319361,7.555029928160195
1995-07-01,South Korea,KR,Asia-Pacific,GDP,1.8318236829715193,10.126290803133742,8.32597949755467
1995-10-01,South Korea,KR,Asia-Pacific,GDP,2.0610058163976137,8.033120574668473,7.512359218021913
1996-01-01,South Korea,KR,Asia-Pacific,GDP,2.452081761123437,7.836892922124861,7.954203044762664
1996-04-01,South Korea,KR,Asia-Pacific,GDP,2.814334875739866,7.855702793905195,7.630269415281532
1996-07-01,South Korea,KR,Asia-Pacific,GDP,3.149275890182452,7.603107424356637,7.315598019360436
1996-10-01,South Korea,KR,Asia-Pacific,GDP,3.4452651001582515,7.466173359169659,6.964622957274003
1997-01-01,South Korea,KR,Asia-Pacific,GDP,2.5258096894256297,5.959073840717366,1.925804970953493
1997-04-01,South Korea,KR,Asia-Pacific,GDP,4.611663183011973,7.5006921339532795,13.796742588225186
1997-07-01,South Korea,KR,Asia-Pacific,GDP,4.250932521361377,6.645083627858028,3.8931639949794317
1997-10-01,South Korea,KR,Asia-Pacific,GDP,2.3218216548730837,4.29067448578806,-2.453013611005872
1998-01-01,South Korea,KR,Asia-Pacific,GDP,-5.939839630893537,-3.140941646396911,-27.80065955778639
1998-04-01,South Korea,KR,Asia-Pacific,GDP,-8.045571544122183,-7.373469610002559,-3.1333692661974055
1998-07-01,South Korea,KR,Asia-Pacific,GDP,-7.452448877747599,-6.408813277327496,7.751789325679681
1998-10-01,South Korea,KR,Asia-Pacific,GDP,-6.364166861565863,-3.3335047391911843,9.848220541539376
1999-01-01,South Korea,KR,Asia-Pacific,GDP,-4.710233730826543,6.675170459598689,12.234041237373106
1999-04-01,South Korea,KR,Asia-Pacific,GDP,-1.896694507073321,11.705311238860716,16.9871938508507
1999-07-01,South Korea,KR,Asia-Pacific,GDP,-0.521678390116079,12.59925542858582,11.327566084580099
1999-10-01,South Korea,KR,Asia-Pacific,GDP,0.6461545916735753,12.779273515212708,10.568292888046926
2000-01-01,South Korea,KR,Asia-Pacific,GDP,1.136220877318907,11.695857189583236,7.900375934855219
2000-04-01,South Korea,KR,Asia-Pacific,GDP,1.1755589860160447,8.978038459914472,6.115918932175646
2000-07-01,South Korea,KR,Asia-Pacific,GDP,2.395634607095479,8.855014716954202,10.835471112739015
2000-10-01,South Korea,KR,Asia-Pacific,GDP,0.5796586296152201,5.88017953817257,-1.3310478270796011
2001-01-01,South Korea,KR,Asia-Pacific,GDP,0.10617824399722191,4.906009655632104,4.003696404693358
2001-04-01,South Korea,KR,Asia-Pacific,GDP,0.1400881880947143,4.8736657086774215,5.986543144356915
2001-07-01,South Korea,KR,Asia-Pacific,GDP,-0.04258419951939582,3.430369990592652,5.062288240399937
2001-10-01,South Korea,KR,Asia-Pacific,GDP,0.03490129924516548,5.271665305203044,6.0341334313619654
2002-01-01,South Korea,KR,Asia-Pacific,GDP,1.3712722065498464,7.018221572286976,10.989921473029085
2002-04-01,South Korea,KR,Asia-Pacific,GDP,1.8685089164534145,7.4072735627574104,7.542751106238654
2002-07-01,South Korea,KR,Asia-Pacific,GDP,2.344834131597067,7.981956439116544,7.361019745836472
2002-10-01,South Korea,KR,Asia-Pacific,GDP,1.946087450465095,7.413389643147639,3.759866247486343
2003-01-01,South Korea,KR,Asia-Pacific,GDP,0.09303152737345344,4.127120504851334,-2.1551550801561348
2003-04-01,South Korea,KR,Asia-Pacific,GDP,-1.132675153218761,2.307533803818629,0.2644043021078346
2003-07-01,South Korea,KR,Asia-Pacific,GDP,-0.8176433601697489,2.0537038573163358,6.3456999598273
2003-10-01,South Korea,KR,Asia-Pacific,GDP,0.44794806979380797,3.631644278856072,10.071627933645289
2004-01-01,South Korea,KR,Asia-Pacific,GDP,0.6268755867044679,5.583424364444767,5.651965262198644
2004-04-01,South Korea,KR,Asia-Pacific,GDP,0.24041652530429683,6.3477821275427,3.3218353544995693
2004-07-01,South Korea,KR,Asia-Pacific,GDP,-0.7053473449999655,5.016862922129306,1.0220231381737221
2004-10-01,South Korea,KR,Asia-Pacific,GDP,-1.0763143265044277,3.315258280648692,3.265209367722832
2005-01-01,South Korea,KR,Asia-Pacific,GDP,-1.3190355235351499,2.834021831765199,3.7270194666646717
2005-04-01,South Korea,KR,Asia-Pacific,GDP,-0.6236364295114476,3.8611792663427735,7.430465092809868
2005-07-01,South Korea,KR,Asia-Pacific,GDP,-0.37922463482560187,4.999753549163799,5.576320269457824
2005-10-01,South Korea,KR,Asia-Pacific,GDP,-0.3747680266684471,5.324347386818218,4.563584718340508
2006-01-01,South Korea,KR,Asia-Pacific,GDP,0.08010771778696207,5.969762324637529,6.308679217941915
2006-04-01,South Korea,KR,Asia-Pacific,GDP,-0.30775201860081847,4.83128382351552,2.8765510883218326
2006-07-01,South Korea,KR,Asia-Pacific,GDP,0.1567575336679965,4.992313292486017,6.220438145339813
2006-10-01,South Korea,KR,Asia-Pacific,GDP,-0.08907681951268298,4.678491901532311,3.3082991545256846
2007-01-01,South Korea,KR,Asia-Pacific,GDP,0.6140817577660442,4.8585036294902295,7.028726129773588
2007-04-01,South Korea,KR,Asia-Pacific,GDP,1.2588520973477084,5.81802194810308,6.714624362773236
2007-07-01,South Korea,KR,Asia-Pacific,GDP,1.4231519451155232,5.440093590287631,4.708724714078016
2007-10-01,South Korea,KR,Asia-Pacific,GDP,2.381309022941335,6.5629723561276165,7.799814217885626
2008-01-01,South Korea,KR,Asia-Pacific,GDP,2.160928083471594,5.556930542973504,3.0045588771571374
2008-04-01,South Korea,KR,Asia-Pacific,GDP,1.570723741291483,4.241612305331444,1.453351412204995
2008-07-01,South Korea,KR,Asia-Pacific,GDP,1.2930426793067797,3.725961730942018,2.6461224165203134
2008-10-01,South Korea,KR,Asia-Pacific,GDP,-3.0685121928312604,-1.6560359219198517,-13.728176393561853
2009-01-01,South Korea,KR,Asia-Pacific,GDP,-3.730388749118781,-2.143804527692339,1.0534844540671884
2009-04-01,South Korea,KR,Asia-Pacific,GDP,-3.3120838801165577,-1.1643329775768763,5.371237612666846
2009-07-01,South Korea,KR,Asia-Pacific,GDP,-1.2319838252337756,1.17918634703571,12.020199714970659
2009-10-01,South Korea,KR,Asia-Pacific,GDP,-1.4266740764003054,5.341053830725073,2.9192935411956
2010-01-01,South Korea,KR,Asia-Pacific,GDP,-0.03317737437958865,7.393605251319357,9.263690136444325
2010-04-01,South Korea,KR,Asia-Pacific,GDP,0.6518256662305923,7.653593678199755,6.411191320188436
2010-07-01,South Korea,KR,Asia-Pacific,GDP,0.7528593594868663,5.6601772153594965,4.046533863609625
2010-10-01,South Korea,KR,Asia-Pacific,GDP,1.2532998849429897,6.332042528276105,5.606754792862034
2011-01-01,South Korea,KR,Asia-Pacific,GDP,1.3133288680815691,4.966359504179962,3.8009580400597542
2011-04-01,South Korea,KR,Asia-Pacific,GDP,0.8681866644040656,3.7966896178804888,1.7325117749905417
2011-07-01,South Korea,KR,Asia-Pacific,GDP,0.46340710751012915,3.2465244600324183,1.8458732322173432
2011-10-01,South Korea,KR,Asia-Pacific,GDP,0.2771167997309425,2.513231750148748,2.673583953327352
2012-01-01,South Korea,KR,Asia-Pacific,GDP,0.3847544247398155,2.514504935498252,3.8060507814577704
2012-04-01,South Korea,KR,Asia-Pacific,GDP,-0.027938048782129733,2.502671903910425,1.6851796486392345
2012-07-01,South Korea,KR,Asia-Pacific,GDP,-0.40835322851975975,2.486052129723504,1.7793941354696585
2012-10-01,South Korea,KR,Asia-Pacific,GDP,-0.4842903594414155,2.559405603314957,2.9669978476931647
2013-01-01,South Korea,KR,Asia-Pacific,GDP,-0.5052760103825831,2.3979080596429725,3.1600606067698322
2013-04-01,South Korea,KR,Asia-Pacific,GDP,-0.1865093172072254,3.1002835021549657,4.4946814186872075
2013-07-01,South Korea,KR,Asia-Pacific,GDP,0.01242939060611104,3.6534530480277994,3.992072318960993
2013-10-01,South Korea,KR,Asia-Pacific,GDP,0.09137504929006365,3.7840606103902275,3.489428097142877
2014-01-01,South Korea,KR,Asia-Pacific,GDP,0.06757880563377128,3.758156625931619,3.0564446689353986
2014-04-01,South Korea,KR,Asia-Pacific,GDP,0.22982915754266747,3.579361240366552,3.7794998764269394
2014-07-01,South Korea,KR,Asia-Pacific,GDP,-0.290516949049168,2.8386022753128515,1.0290364587461909
2014-10-01,South Korea,KR,Asia-Pacific,GDP,-0.532428164582697,2.497326901848851,2.1243266032868746
2015-01-01,South Korea,KR,Asia-Pacific,GDP,-0.44029082692303206,2.5939590516099287,3.44297326797971
2015-04-01,South Korea,KR,Asia-Pacific,GDP,-0.7752591724450111,2.078227529596788,1.716573788374376
2015-07-01,South Korea,KR,Asia-Pacific,GDP,-0.0618185350658427,3.2936441767187574,5.890703047234069
2015-10-01,South Korea,KR,Asia-Pacific,GDP,-0.0454295688358166,3.532442929920876,3.0795216160953487
2016-01-01,South Korea,KR,Asia-Pacific,GDP,-0.40803766518432993,3.0559336127019776,1.5369359991041165
2016-04-01,South Korea,KR,Asia-Pacific,GDP,0.09837066137617688,3.872457198109913,4.982668130006118
2016-07-01,South Korea,KR,Asia-Pacific,GDP,-0.24614199837368284,2.7857550202540438,1.5438943358105917
2016-10-01,South Korea,KR,Asia-Pacific,GDP,-0.19924258634013234,2.7833602193361173,3.069942412423643
2017-01-01,South Korea,KR,Asia-Pacific,GDP,0.21356434468572383,3.521337859887552,4.488846561309856
2017-04-01,South Korea,KR,Asia-Pacific,GDP,0.24864324968816054,3.007567004162226,2.9275847071048133
2017-07-01,South Korea,KR,Asia-Pacific,GDP,0.9313099101048534,3.987217436830548,5.4624960664838795
2017-10-01,South Korea,KR,Asia-Pacific,GDP,0.030310738535614147,2.986713026779597,-0.9320752277801603
2018-01-01,South Korea,KR,Asia-Pacific,GDP,0.8372036674087445,3.323862681052603,5.837445178401879
2018-04-01,South Korea,KR,Asia-Pacific,GDP,0.9773866275159405,3.368589768108876,3.1064930553299064
2018-07-01,South Korea,KR,Asia-Pacific,GDP,0.8685381248013614,2.514536679683488,2.0462837127823263
2018-10-01,South Korea,KR,Asia-Pacific,GDP,0.8210981539342804,3.3051321296856173,2.2303065722283577
2019-01-01,South Korea,KR,Asia-Pacific,GDP,0.31519140716641064,1.9306387774125966,0.33947176930979595
2019-04-01,South Korea,KR,Asia-Pacific,GDP,1.0470736934557354,2.464104642639242,5.2403565162364885
2019-07-01,South Korea,KR,Asia-Pacific,GDP,0.6836564829971548,2.1566265735621926,0.8163714364741281
2019-10-01,South Korea,KR,Asia-Pacific,GDP,1.1169746990868434,2.591706937170457,3.970628026661416
2020-01-01,South Korea,KR,Asia-Pacific,GDP,-0.7295584409583504,1.2144261458651329,-5.169651395911501
2020-04-01,South Korea,KR,Asia-Pacific,GDP,-4.0540389442401885,-2.8675908062368194,-11.08771129217132
2020-07-01,South Korea,KR,Asia-Pacific,GDP,-2.4169789620083475,-0.8804436990583753,8.764959865187905
2020-10-01,South Korea,KR,Asia-Pacific,GDP,-1.3996048558376244,-0.2992581713474607,6.295370137505074
2021-01-01,South Korea,KR,Asia-Pacific,GDP,-0.447710622308254,2.5029563119687737,6.0392065373534365
2021-04-01,South Korea,KR,Asia-Pacific,GDP,0.3772580110234251,6.657474917183848,5.530363128688975
2021-07-01,South Korea,KR,Asia-Pacific,GDP,-0.18036060420996577,4.463949188814809,-0.00914304828825152
2021-10-01,South Korea,KR,Asia-Pacific,GDP,0.8094081481860739,4.431150706862752,6.164176209696848
2022-01-01,South Korea,KR,Asia-Pacific,GDP,0.6442509837639135,3.301528672165688,1.5207183985651795
2022-04-01,South Korea,KR,Asia-Pacific,GDP,0.9868593819213949,2.7995694135107385,3.5225260940691783
2022-07-01,South Korea,KR,Asia-Pacific,GDP,0.9496750803421978,3.2944079147856797,1.9702109568115134
2022-10-01,South Korea,KR,Asia-Pacific,GDP,0.060110261998996654,1.3848943414622283,-1.4738780835969578
2023-01-01,South Korea,KR,Asia-Pacific,GDP,-0.09740079510988124,1.3598951269827353,1.4207215406472073
2023-04-01,South Korea,KR,Asia-Pacific,GDP,0.08073885767975611,1.161966300431061,2.730810787862481
2023-07-01,South Korea,KR,Asia-Pacific,GDP,0.3630037290433866,1.4483276602547335,3.1156563961062034
2023-10-01,South Korea,KR,Asia-Pacific,GDP,0.36351334445592104,2.30630725108405,1.9580402797203078
2024-01-01,South Korea,KR,Asia-Pacific,GDP,1.0485312361817996,3.1179883597186375,4.667445975185558
2024-04-01,South Korea,KR,Asia-Pacific,GDP,0.34447394325660075,2.206634235989924,-0.9146057070523739
2024-07-01,South Korea,KR,Asia-Pacific,GDP,-0.03697766067845324,1.5166111118432468,0.3555638995194954
2024-10-01,South Korea,KR,Asia-Pacific,GDP,-0.4260751707976451,1.104872568037507,0.31108610449734897
2025-01-01,South Korea,KR,Asia-Pacific,GDP,-1.1100234858386542,-0.2809751133899141,-0.8759447505241269
2025-04-01,South Korea,KR,Asia-Pacific,GDP,-0.9705153239220826,0.5515400306222773,2.4154548689963917
1975-01-01,South Korea,KR,Asia-Pacific,Investment,7.981018538510777,NA,NA
1975-04-01,South Korea,KR,Asia-Pacific,Investment,-3.879530260156182,NA,-26.059351686770782
1975-07-01,South Korea,KR,Asia-Pacific,Investment,-30.930525876484122,NA,-86.80118641106844
1975-10-01,South Korea,KR,Asia-Pacific,Investment,-7.9940229198386445,NA,113.17901414786746
1976-01-01,South Korea,KR,Asia-Pacific,Investment,-11.531995296438971,1.8906806344896054,7.244246487930184
1976-04-01,South Korea,KR,Asia-Pacific,Investment,-1.4548321733272307,23.80073468331485,61.5808645085302
1976-07-01,South Korea,KR,Asia-Pacific,Investment,-4.3038861827316905,47.9100773762525,9.636184360682165
1976-10-01,South Korea,KR,Asia-Pacific,Investment,-3.619255490807036,25.46822054634692,23.411586828245134
1977-01-01,South Korea,KR,Asia-Pacific,Investment,-12.90428988903653,19.417985347976874,-16.956694305550002
1977-04-01,South Korea,KR,Asia-Pacific,Investment,7.25081835607766,29.066499950967284,100.17492292049184
1977-07-01,South Korea,KR,Asia-Pacific,Investment,-0.6921568181780802,23.40296450999748,-13.017957403197045
1977-10-01,South Korea,KR,Asia-Pacific,Investment,15.624672731378991,38.31687995115125,83.06724859286021
1978-01-01,South Korea,KR,Asia-Pacific,Investment,8.179396325397951,39.28345733415952,-13.090384773516917
1978-04-01,South Korea,KR,Asia-Pacific,Investment,16.02248336952071,25.949157733904116,46.837724519470214
1978-07-01,South Korea,KR,Asia-Pacific,Investment,19.811158477176445,36.528408533149914,29.29904579378615
1978-10-01,South Korea,KR,Asia-Pacific,Investment,23.209995203808468,22.352354141412434,26.36303102591029
1979-01-01,South Korea,KR,Asia-Pacific,Investment,14.291220548900974,19.552405806841122,-24.290178111802163
1979-04-01,South Korea,KR,Asia-Pacific,Investment,23.30707508698092,19.37234909418102,46.1174976688298
1979-07-01,South Korea,KR,Asia-Pacific,Investment,13.71696100910813,4.6601958670621,-29.549567114689523
1979-10-01,South Korea,KR,Asia-Pacific,Investment,8.512431683015096,-5.206686906403135,-13.104500067950653
1980-01-01,South Korea,KR,Asia-Pacific,Investment,4.956445537845876,-0.9909895141493763,-7.427388542787128
1980-04-01,South Korea,KR,Asia-Pacific,Investment,-4.7358138204789055,-20.6923766195775,-32.6880507528827
1980-07-01,South Korea,KR,Asia-Pacific,Investment,-6.023349742673164,-13.197695693638423,0.42915658906679255
1980-10-01,South Korea,KR,Asia-Pacific,Investment,-9.673510713937208,-12.251817324009195,-9.320986589433744
1981-01-01,South Korea,KR,Asia-Pacific,Investment,-5.991644097313141,-5.421353731839673,19.89446582589096
1981-04-01,South Korea,KR,Asia-Pacific,Investment,-12.444721818357356,-2.398133091569221,-20.595168191800894
1981-07-01,South Korea,KR,Asia-Pacific,Investment,-16.969246773258227,-5.676170147656023,-12.682991635280416
1981-10-01,South Korea,KR,Asia-Pacific,Investment,-9.818592352221073,5.237176928412168,34.33240171483902
1982-01-01,South Korea,KR,Asia-Pacific,Investment,-8.111759645995537,3.5000799568010166,12.946077939446354
1982-04-01,South Korea,KR,Asia-Pacific,Investment,-9.8827125651546055,8.517281824343215,-0.526360721632102
1982-07-01,South Korea,KR,Asia-Pacific,Investment,-4.507266403076284,18.81987993348062,28.52740080126921
1982-10-01,South Korea,KR,Asia-Pacific,Investment,-3.3274923912276004,13.291187498365886,12.217631974380083
1983-01-01,South Korea,KR,Asia-Pacific,Investment,-2.7468412923970993,12.626554640106136,10.287546506407352
1983-04-01,South Korea,KR,Asia-Pacific,Investment,1.8957427056639706,19.50485781214475,26.98685196652235
1983-07-01,South Korea,KR,Asia-Pacific,Investment,1.2415244091536561,13.930386918650228,6.229517227291126
1983-10-01,South Korea,KR,Asia-Pacific,Investment,1.9056384170879417,13.85491912924266,11.91576081674981
1984-01-01,South Korea,KR,Asia-Pacific,Investment,0.9396923102477848,12.731677120886076,5.794578472981016
1984-04-01,South Korea,KR,Asia-Pacific,Investment,6.9559614609768925,14.513315493825019,34.11340545827812
1984-07-01,South Korea,KR,Asia-Pacific,Investment,1.783445790848881,10.391308487086448,-10.258510799663156
1984-10-01,South Korea,KR,Asia-Pacific,Investment,-1.3377227224376647,6.9975552397263385,-1.6592521726906284
1985-01-01,South Korea,KR,Asia-Pacific,Investment,0.6913350749535724,10.386567786036949,19.350628658223457
1985-04-01,South Korea,KR,Asia-Pacific,Investment,-6.702096658729658,-2.621431727552803,-17.918592596080885
1985-07-01,South Korea,KR,Asia-Pacific,Investment,-3.2899939612824127,6.377638876841019,25.73777161791213
1985-10-01,South Korea,KR,Asia-Pacific,Investment,-2.5900257929852706,10.622500512167221,15.320194368614182
1986-01-01,South Korea,KR,Asia-Pacific,Investment,-1.8358182635259261,9.773998865984623,15.956622073493065
1986-04-01,South Korea,KR,Asia-Pacific,Investment,-0.1750656097802665,19.249723804833252,19.98430715931363
1986-07-01,South Korea,KR,Asia-Pacific,Investment,-2.650085028561202,13.770322960522563,3.820168240669375
1986-10-01,South Korea,KR,Asia-Pacific,Investment,-4.131045703801711,11.978364294632726,8.152359705054835
1987-01-01,South Korea,KR,Asia-Pacific,Investment,-1.8128763219327388,13.908013358736326,23.675218329907466
1987-04-01,South Korea,KR,Asia-Pacific,Investment,0.5613120198700444,14.958358283405104,24.185686857988742
1987-07-01,South Korea,KR,Asia-Pacific,Investment,1.3521850650773017,18.52690133850743,18.094340461078673
1987-10-01,South Korea,KR,Asia-Pacific,Investment,1.6064619805044797,20.525510440395323,16.14679611260641
1988-01-01,South Korea,KR,Asia-Pacific,Investment,-0.6627631709510938,16.159689322809,6.21193385956218
1988-04-01,South Korea,KR,Asia-Pacific,Investment,-3.3524930740765417,11.276613324851681,4.653382866159461
1988-07-01,South Korea,KR,Asia-Pacific,Investment,0.0870728079102812,14.067202987268956,29.256699110747775
1988-10-01,South Korea,KR,Asia-Pacific,Investment,-2.064827045501691,11.763317241984694,6.9312531314693615
1989-01-01,South Korea,KR,Asia-Pacific,Investment,-5.646232776615815,10.512370807887805,1.2081481231746238
1989-04-01,South Korea,KR,Asia-Pacific,Investment,-4.13063865168868,14.734126471957154,21.540405522436856
1989-07-01,South Korea,KR,Asia-Pacific,Investment,0.3819653555877517,15.771933423663498,33.40792691757315
1989-10-01,South Korea,KR,Asia-Pacific,Investment,1.208189723991039,18.65581702125425,18.466787521832373
1990-01-01,South Korea,KR,Asia-Pacific,Investment,4.207150343152888,25.075770963465516,26.887963892019684
1990-04-01,South Korea,KR,Asia-Pacific,Investment,3.8597287667200066,22.981054372482745,13.161539158505775
1990-07-01,South Korea,KR,Asia-Pacific,Investment,7.4278356034091635,21.734609497446655,28.42214741742879
1990-10-01,South Korea,KR,Asia-Pacific,Investment,5.607997354695887,18.72238800742352,6.417901561739825
1991-01-01,South Korea,KR,Asia-Pacific,Investment,6.064976040317492,15.76047534779228,15.04031325349473
1991-04-01,South Korea,KR,Asia-Pacific,Investment,7.157182342629048,16.739589842303815,17.077997136551915
1991-07-01,South Korea,KR,Asia-Pacific,Investment,3.887377931731245,9.414932888445193,-0.8764803980056968
1991-10-01,South Korea,KR,Asia-Pacific,Investment,5.58533536085988,12.43616178256488,18.502817138218575
1992-01-01,South Korea,KR,Asia-Pacific,Investment,5.223464840644343,11.125123174098306,9.796158819628431
1992-04-01,South Korea,KR,Asia-Pacific,Investment,-1.435251655493245,2.900572648909616,-15.820204964202844
1992-07-01,South Korea,KR,Asia-Pacific,Investment,-8.0856107163047,-0.9213897015563077,-16.164329799869392
1992-10-01,South Korea,KR,Asia-Pacific,Investment,-8.603147898468432,-3.537783908165082,8.037240311783478
1993-01-01,South Korea,KR,Asia-Pacific,Investment,-6.459448812700716,-1.3918008311186725,18.38009112781407
1993-04-01,South Korea,KR,Asia-Pacific,Investment,-4.383988554596107,7.016039619672654,17.81115683896246
1993-07-01,South Korea,KR,Asia-Pacific,Investment,-5.298973009779575,12.442963485408853,5.543365663075406
1993-10-01,South Korea,KR,Asia-Pacific,Investment,-5.010054172940002,12.94164670559077,10.031973192511145
1994-01-01,South Korea,KR,Asia-Pacific,Investment,-1.7783983661260119,13.70704259496378,21.44167468530611
1994-04-01,South Korea,KR,Asia-Pacific,Investment,-2.232076144979833,10.827335403136473,6.29232807165323
1994-07-01,South Korea,KR,Asia-Pacific,Investment,-1.28486358234349,12.300660309077216,11.436665286838377
1994-10-01,South Korea,KR,Asia-Pacific,Investment,3.7841103484007736,16.644590645534052,27.40769453833849
1995-01-01,South Korea,KR,Asia-Pacific,Investment,5.184325278346051,14.323331495481995,12.156638085097882
1995-04-01,South Korea,KR,Asia-Pacific,Investment,4.902947112857478,13.951174802587829,4.803701300076568
1995-07-01,South Korea,KR,Asia-Pacific,Investment,6.619571036881252,14.124899009576808,12.131562114794292
1995-10-01,South Korea,KR,Asia-Pacific,Investment,5.0944975907271655,6.8918002046142846,-1.5247006815116038
1996-01-01,South Korea,KR,Asia-Pacific,Investment,8.49577145010414,8.22325027842652,17.48243838034682
1996-04-01,South Korea,KR,Asia-Pacific,Investment,6.642942059458187,5.965258608231139,-4.228265380704954
1996-07-01,South Korea,KR,Asia-Pacific,Investment,12.522260098334453,9.440176180621407,26.031232404355364
1996-10-01,South Korea,KR,Asia-Pacific,Investment,11.705076880713165,9.475836758103284,-1.382058371584094
1997-01-01,South Korea,KR,Asia-Pacific,Investment,8.103119876891936,1.836395304764693,-13.075327433007544
1997-04-01,South Korea,KR,Asia-Pacific,Investment,9.7080196403536565,4.718536711197885,7.300300245027813
1997-07-01,South Korea,KR,Asia-Pacific,Investment,9.24047458874273,-2.118932910175886,-1.3186460811397183
1997-10-01,South Korea,KR,Asia-Pacific,Investment,4.490748979076664,-6.430826568509218,-18.629633004917423
1998-01-01,South Korea,KR,Asia-Pacific,Investment,-11.128504016856555,-18.691995630445035,-62.12000368075081
1998-04-01,South Korea,KR,Asia-Pacific,Investment,-17.55181950476487,-26.808891778246036,-25.16728434617619
1998-07-01,South Korea,KR,Asia-Pacific,Investment,-17.930442044085083,-26.645763776998876,-0.6661340761510814
1998-10-01,South Korea,KR,Asia-Pacific,Investment,-16.976412308955492,-20.71425974533021,5.096383121757242
1999-01-01,South Korea,KR,Asia-Pacific,Investment,-13.50220574161256,-1.2658333076313255,15.673702070044726
1999-04-01,South Korea,KR,Asia-Pacific,Investment,-8.935786952725886,10.166344044964504,20.56142506420713
1999-07-01,South Korea,KR,Asia-Pacific,Investment,-7.106420027854325,12.863027236585722,10.120598690333793
1999-10-01,South Korea,KR,Asia-Pacific,Investment,-3.5244317917335413,15.990089587230116,17.604632524334818
2000-01-01,South Korea,KR,Asia-Pacific,Investment,1.9292020371433627,18.449955304996735,25.5131649411112
2000-04-01,South Korea,KR,Asia-Pacific,Investment,3.387764324453615,15.783203838411097,9.894419197864579
2000-07-01,South Korea,KR,Asia-Pacific,Investment,3.814089178256798,14.770909983132086,6.071423269217746
2000-10-01,South Korea,KR,Asia-Pacific,Investment,-1.3404799028359036,6.3714228840954235,-15.99331587181183
2001-01-01,South Korea,KR,Asia-Pacific,Investment,-0.524916275496598,2.0202490429646502,8.108469576588107
2001-04-01,South Korea,KR,Asia-Pacific,Investment,-1.5302307222323517,-0.20203607867124163,1.0052787113210115
2001-07-01,South Korea,KR,Asia-Pacific,Investment,0.959742106684371,2.0612340466833246,15.12450377063601
2001-10-01,South Korea,KR,Asia-Pacific,Investment,-0.48038384862094535,5.933591399466209,-0.5038864606802917
2002-01-01,South Korea,KR,Asia-Pacific,Investment,1.5272718553615898,7.240367351863242,13.335573386176236
2002-04-01,South Korea,KR,Asia-Pacific,Investment,1.5317022144186203,8.32058081420577,5.326132560691121
2002-07-01,South Korea,KR,Asia-Pacific,Investment,1.2132664353553362,5.538723393190992,3.9970740865769017
2002-10-01,South Korea,KR,Asia-Pacific,Investment,3.4624689574834417,9.212897045710022,14.19280814939583
2003-01-01,South Korea,KR,Asia-Pacific,Investment,3.3990363059001245,7.087317763760481,4.833256258378071
2003-04-01,South Korea,KR,Asia-Pacific,Investment,1.6887276182113702,5.283585882575892,-1.8887949640472357
2003-07-01,South Korea,KR,Asia-Pacific,Investment,1.056030434765905,4.851833781895465,2.2700656838551936
2003-10-01,South Korea,KR,Asia-Pacific,Investment,3.355555760171615,4.76227021408846,13.83455387816781
2004-01-01,South Korea,KR,Asia-Pacific,Investment,2.388198731040139,3.702067705242129,0.5924462229927485
2004-04-01,South Korea,KR,Asia-Pacific,Investment,2.5098626219480917,5.367307486151418,4.77216415958992
2004-07-01,South Korea,KR,Asia-Pacific,Investment,0.5847449181127853,3.9030048220251246,-3.5871449726499804
2004-10-01,South Korea,KR,Asia-Pacific,Investment,-0.6141554987486049,0.23336611969000387,-0.8440009311726726
2005-01-01,South Korea,KR,Asia-Pacific,Investment,-1.1403012242945394,0.5095576231454402,1.6972122368144937
2005-04-01,South Korea,KR,Asia-Pacific,Investment,0.07091788744698763,1.4433291105195423,8.507250109086328
2005-07-01,South Korea,KR,Asia-Pacific,Investment,-0.8206353092266722,2.3311835451529817,-0.03572723411622292
2005-10-01,South Korea,KR,Asia-Pacific,Investment,-1.0847039960552256,3.129692117390448,2.3500333577771926
2006-01-01,South Korea,KR,Asia-Pacific,Investment,-1.87543348491785,2.7366070021706435,0.12487177593527576
2006-04-01,South Korea,KR,Asia-Pacific,Investment,-0.9747844456329396,2.3034981820519107,6.774814828611397
2006-07-01,South Korea,KR,Asia-Pacific,Investment,0.5702689362563785,4.621209957879557,9.235119869194364
2006-10-01,South Korea,KR,Asia-Pacific,Investment,2.157140755969502,6.353927383340263,9.280903059620016
2007-01-01,South Korea,KR,Asia-Pacific,Investment,1.901333978961235,6.769195827649099,1.7859455531706203
2007-04-01,South Korea,KR,Asia-Pacific,Investment,1.417220609325788,5.263271209569709,0.751116356293835
2007-07-01,South Korea,KR,Asia-Pacific,Investment,-0.2915939675126331,1.8890168245853545,-4.261897670743053
2007-10-01,South Korea,KR,Asia-Pacific,Investment,5.081083240960319,5.558990297666355,23.96079695194402
2008-01-01,South Korea,KR,Asia-Pacific,Investment,1.5680835027311046,2.1937599947047914,-11.674975658675635
2008-04-01,South Korea,KR,Asia-Pacific,Investment,-0.35851434194880294,0.6561002792714987,-5.399522505439336
2008-07-01,South Korea,KR,Asia-Pacific,Investment,-0.12320307806212177,2.5227722268255093,3.204790119472989
2008-10-01,South Korea,KR,Asia-Pacific,Investment,-4.437494339292,-7.2201793773093215,-15.011009464595304
2009-01-01,South Korea,KR,Asia-Pacific,Investment,-4.827596177515529,-4.127939197169184,0.6939850618849164
2009-04-01,South Korea,KR,Asia-Pacific,Investment,-3.502679381701592,-0.8838513171347984,7.576829014698205
2009-07-01,South Korea,KR,Asia-Pacific,Investment,-1.2534738308182596,1.1397554138479649,11.299217043404042
2009-10-01,South Korea,KR,Asia-Pacific,Investment,0.45715658221918976,7.18347187843662,9.163856393759318
2010-01-01,South Korea,KR,Asia-Pacific,Investment,3.091321911976663,10.2268529057433,12.867509171111635
2010-04-01,South Korea,KR,Asia-Pacific,Investment,0.9991915502975969,6.823534556075472,-6.036444383973105
2010-07-01,South Korea,KR,Asia-Pacific,Investment,0.17331428144216518,3.756040695962426,-0.9707583970481437
2010-10-01,South Korea,KR,Asia-Pacific,Investment,3.210494210875143,5.086098196417765,14.484086395580675
2011-01-01,South Korea,KR,Asia-Pacific,Investment,0.8090461309114916,0.05286241039428319,-7.265433972982294
2011-04-01,South Korea,KR,Asia-Pacific,Investment,2.7028608241703065,4.044726179889224,9.931010694006659
2011-07-01,South Korea,KR,Asia-Pacific,Investment,0.9390425643299563,3.119490023179239,-4.671703023888085
2011-10-01,South Korea,KR,Asia-Pacific,Investment,1.2998815121534855,0.46694981771722155,3.873925573732606
2012-01-01,South Korea,KR,Asia-Pacific,Investment,3.0962244403328048,4.704425946211543,9.684470540994994
2012-04-01,South Korea,KR,Asia-Pacific,Investment,-1.4956095271917695,-1.72205898062181,-15.774929013326755
2012-07-01,South Korea,KR,Asia-Pacific,Investment,-3.084341539249993,-1.4633066294528874,-3.6366936192123944
2012-10-01,South Korea,KR,Asia-Pacific,Investment,-3.9601422262898303,-2.5893780796241828,-0.6303602269525754
2013-01-01,South Korea,KR,Asia-Pacific,Investment,-2.689495504068235,-2.977718922780781,8.131107168368601
2013-04-01,South Korea,KR,Asia-Pacific,Investment,-0.9123730979517658,3.55197757373773,10.34385697274729
2013-07-01,South Korea,KR,Asia-Pacific,Investment,-2.030642815354861,4.199546258348619,-1.0464188807688402
2013-10-01,South Korea,KR,Asia-Pacific,Investment,-2.346375789201195,4.946432658346467,2.357185373038817
2014-01-01,South Korea,KR,Asia-Pacific,Investment,-1.7762149482888294,4.43648235216294,6.091305943634495
2014-04-01,South Korea,KR,Asia-Pacific,Investment,-1.855135216898658,2.769705336379502,3.6767489096135364
2014-07-01,South Korea,KR,Asia-Pacific,Investment,-2.4411424705034994,3.4855475387811197,1.81694992883763
2014-10-01,South Korea,KR,Asia-Pacific,Investment,-2.949363341262553,3.4659482296511612,2.2787881365189833
2015-01-01,South Korea,KR,Asia-Pacific,Investment,-1.9126189201500425,4.089467454047835,8.58538284122119
2015-04-01,South Korea,KR,Asia-Pacific,Investment,-1.6468712198502913,4.569479463582127,5.596796947750704
2015-07-01,South Korea,KR,Asia-Pacific,Investment,-0.5949658710467643,6.315420590575371,8.800714436810608
2015-10-01,South Korea,KR,Asia-Pacific,Investment,-1.9569911731482335,5.536735420308148,-0.8359525445499116
2016-01-01,South Korea,KR,Asia-Pacific,Investment,-2.083462185404651,4.411290097409548,4.083601549626792
2016-04-01,South Korea,KR,Asia-Pacific,Investment,-0.5423524316263904,5.683253456263415,10.684650383166172
2016-07-01,South Korea,KR,Asia-Pacific,Investment,1.507229999940414,6.632436607776171,12.597447042861631
2016-10-01,South Korea,KR,Asia-Pacific,Investment,3.16823749344719,9.55864412821974,10.868877537224364
2017-01-01,South Korea,KR,Asia-Pacific,Investment,5.572937206463277,11.942735999544496,13.619969034925816
2017-04-01,South Korea,KR,Asia-Pacific,Investment,6.4583507137387475,11.09098835335871,7.277659798423031
2017-07-01,South Korea,KR,Asia-Pacific,Investment,7.754647090030854,10.09874463533329,8.628472170759949
2017-10-01,South Korea,KR,Asia-Pacific,Investment,4.54862239173865,4.960290239849385,-9.684940044711254
2018-01-01,South Korea,KR,Asia-Pacific,Investment,6.119633182939521,3.8370609312298853,9.127051800447816
2018-04-01,South Korea,KR,Asia-Pacific,Investment,1.1656871734924863,-2.2947480570401524,-17.24957615465712
2018-07-01,South Korea,KR,Asia-Pacific,Investment,-1.3560090148216977,-6.39254839457557,-7.762729179381722
2018-10-01,South Korea,KR,Asia-Pacific,Investment,-1.2176553452966297,-3.3030932324201956,2.6728806039102437
2019-01-01,South Korea,KR,Asia-Pacific,Investment,-3.6164721537045112,-7.4964107618402664,-7.646218317232467
2019-04-01,South Korea,KR,Asia-Pacific,Investment,-2.6236651564370566,-1.7387696240888317,5.780988396348619
2019-07-01,South Korea,KR,Asia-Pacific,Investment,-3.5765584244883133,-0.32784079277838885,-2.1190138541399506
2019-10-01,South Korea,KR,Asia-Pacific,Investment,-1.7666921402440665,1.2115268869550277,8.83035132284391
2020-01-01,South Korea,KR,Asia-Pacific,Investment,-1.265081985623198,3.9986415995397095,3.50224053310626
2020-04-01,South Korea,KR,Asia-Pacific,Investment,-2.16335791036088,2.0058394942104485,-2.1902200249684256
2020-07-01,South Korea,KR,Asia-Pacific,Investment,-1.796485399950202,3.229709157901439,2.7764648006240122
2020-10-01,South Korea,KR,Asia-Pacific,Investment,-1.352462535245142,1.7683103856064974,2.984756233664143
2021-01-01,South Korea,KR,Asia-Pacific,Investment,2.4298135866976898,4.94939200129032,16.22656699584155
2021-04-01,South Korea,KR,Asia-Pacific,Investment,2.6347546310872842,5.944884752502588,1.7917509798806464
2021-07-01,South Korea,KR,Asia-Pacific,Investment,0.22945544158018902,3.0550474107311487,-8.782884566461746
2021-10-01,South Korea,KR,Asia-Pacific,Investment,0.6916615810534377,2.946820882383605,2.5518501202739685
2022-01-01,South Korea,KR,Asia-Pacific,Investment,-0.6088957104478238,-2.268703019735696,-4.635528612635653
2022-04-01,South Korea,KR,Asia-Pacific,Investment,-0.3713311764768409,-2.371309651113762,1.3813244543683822
2022-07-01,South Korea,KR,Asia-Pacific,Investment,2.263248451762024,2.5326412733530645,10.83291913140556
2022-10-01,South Korea,KR,Asia-Pacific,Investment,1.7350322568247984,1.4055563296786033,-1.9564896544238763
2023-01-01,South Korea,KR,Asia-Pacific,Investment,0.8402771647024292,1.675195380774852,-3.556972408250658
2023-04-01,South Korea,KR,Asia-Pacific,Investment,0.9191404479287016,1.3827167263674056,0.21140983673859637
2023-07-01,South Korea,KR,Asia-Pacific,Investment,0.7495292805056617,-1.5500737116518337,-0.8982426206713967
2023-10-01,South Korea,KR,Asia-Pacific,Investment,-0.5375487198603247,-2.428758836681766,-5.471230154543605
2024-01-01,South Korea,KR,Asia-Pacific,Investment,1.7850538853859474,0.6802043508105982,8.878880341718798
2024-04-01,South Korea,KR,Asia-Pacific,Investment,-0.02758972754382527,-1.3070361216385606,-7.737552053058039
2024-07-01,South Korea,KR,Asia-Pacific,Investment,-0.011715786997151074,-1.2028010470700679,-0.48130232239742554
2024-10-01,South Korea,KR,Asia-Pacific,Investment,-1.315703485280445,-1.2852463325476293,-5.801011296453851
2025-01-01,South Korea,KR,Asia-Pacific,Investment,-2.298155584168824,-4.639367053619736,-4.53760254256963
2025-04-01,South Korea,KR,Asia-Pacific,Investment,-3.3976509470029335,-3.9585464717852403,-5.014269725720055
2003-01-01,Thailand,TH,ASEAN,Consumption,-2.521138276366517,NA,NA
2003-04-01,Thailand,TH,ASEAN,Consumption,-3.373346858157496,NA,0.6141129048018001
2003-07-01,Thailand,TH,ASEAN,Consumption,-2.04476863384559,NA,9.330957283522423
2003-10-01,Thailand,TH,ASEAN,Consumption,-0.8430224673128565,NA,8.802589993878485
2004-01-01,Thailand,TH,ASEAN,Consumption,0.7571424049939921,7.275759451557384,10.35537762402683
2004-04-01,Thailand,TH,ASEAN,Consumption,1.241592285068163,8.579649918246623,5.829674771558757
2004-07-01,Thailand,TH,ASEAN,Consumption,0.633251598678745,6.590812294263593,1.3756067875903
2004-10-01,Thailand,TH,ASEAN,Consumption,1.559882242459362,6.244071679867069,7.415627536292391
2005-01-01,Thailand,TH,ASEAN,Consumption,0.4444930014451537,3.4383041989272556,-0.8676922997324255
2005-04-01,Thailand,TH,ASEAN,Consumption,1.5556994213146955,3.958879012961525,7.911974027695834
2005-07-01,Thailand,TH,ASEAN,Consumption,2.1711347428101866,5.0629294488977905,5.791808531335363
2005-10-01,Thailand,TH,ASEAN,Consumption,2.1251196404311385,3.959635113516846,3.0024501947686133
2006-01-01,Thailand,TH,ASEAN,Consumption,2.348171139223308,5.160086252709384,3.934112257037725
2006-04-01,Thailand,TH,ASEAN,Consumption,1.2751775779137886,2.834490938777634,-1.3904072280311652
2006-07-01,Thailand,TH,ASEAN,Consumption,1.1224771837352667,1.9266792363019647,2.1605617214326855
2006-10-01,Thailand,TH,ASEAN,Consumption,0.48618548673948125,1.2033957527723516,0.10931626065016076
2007-01-01,Thailand,TH,ASEAN,Consumption,-0.30726455507636835,0.0648507621034966,-0.6200677056376946
2007-04-01,Thailand,TH,ASEAN,Consumption,-0.32485881244615106,1.012440061951736,2.3999499713617922
2007-07-01,Thailand,TH,ASEAN,Consumption,-0.09239792679850874,1.3056351434640234,3.3333420474818354
2007-10-01,Thailand,TH,ASEAN,Consumption,0.41066015532903066,2.369472867115441,4.36466715525583
2008-01-01,Thailand,TH,ASEAN,Consumption,0.9492981264424719,3.6423540075350758,4.471456856040845
2008-04-01,Thailand,TH,ASEAN,Consumption,1.0364770490003645,3.7040293347034847,2.646651280035428
2008-07-01,Thailand,TH,ASEAN,Consumption,-0.4463678380249841,1.9623239174856977,-3.633479621389313
2008-10-01,Thailand,TH,ASEAN,Consumption,0.014866145088957873,1.9122384055192398,4.164325107389999
2009-01-01,Thailand,TH,ASEAN,Consumption,-2.390452836304939,-1.020622936166049,-7.25998851070031
2009-04-01,Thailand,TH,ASEAN,Consumption,-3.4177240794528885,-2.103649046348366,-1.6854531606938394
2009-07-01,Thailand,TH,ASEAN,Consumption,-3.6838718765848855,-0.8363153796551615,1.435855045383505
2009-10-01,Thailand,TH,ASEAN,Consumption,-2.13670975805639,0.3155620547051541,8.771834844831261
2010-01-01,Thailand,TH,ASEAN,Consumption,-1.6221976324118677,3.3107319436807003,4.720691045201875
2010-04-01,Thailand,TH,ASEAN,Consumption,0.0029010476224142906,6.040562157697416,9.233867695373021
2010-07-01,Thailand,TH,ASEAN,Consumption,0.31858789348254357,6.69519078582983,4.054369557913162
2010-10-01,Thailand,TH,ASEAN,Consumption,0.2124019401034702,5.105320469481178,2.4123535794366546
2011-01-01,Thailand,TH,ASEAN,Consumption,1.8878078530560758,6.318227396235976,9.572318752221065
2011-04-01,Thailand,TH,ASEAN,Consumption,-0.7515303015037065,2.0936588932569222,-7.664406316543193
2011-07-01,Thailand,TH,ASEAN,Consumption,-1.0149985942633506,1.5437408401293595,1.8546973454029114
2011-10-01,Thailand,TH,ASEAN,Consumption,-5.424504339885925,-2.739931070628998,-14.722334063596776
2012-01-01,Thailand,TH,ASEAN,Consumption,1.0879898183876504,2.1074244027309064,28.961740645660683
2012-04-01,Thailand,TH,ASEAN,Consumption,1.8831835970642725,5.539528394695914,6.064009651316837
2012-07-01,Thailand,TH,ASEAN,Consumption,3.13597609833763,7.036851676011402,7.843990470664863
2012-10-01,Thailand,TH,ASEAN,Consumption,5.2996438116431355,13.572410344826658,11.419900611664247
2013-01-01,Thailand,TH,ASEAN,Consumption,3.853735591588469,5.558142552223977,-3.0953305247500396
2013-04-01,Thailand,TH,ASEAN,Consumption,1.295245513129521,2.1374719024807476,-7.61867294765608
2013-07-01,Thailand,TH,ASEAN,Consumption,0.24450246111062382,-0.23531398481573262,-1.6471530785210575
2013-10-01,Thailand,TH,ASEAN,Consumption,-0.8701336936698962,-3.576641352668375,-1.9454088597463226
2014-01-01,Thailand,TH,ASEAN,Consumption,-1.5707260186323648,-2.8814389184942613,-0.31452078805358497
2014-04-01,Thailand,TH,ASEAN,Consumption,-0.41805523054940297,0.7953456196482023,7.088465204913774
2014-07-01,Thailand,TH,ASEAN,Consumption,-0.16553124586602416,2.0794102656333635,3.4891055054195874
2014-10-01,Thailand,TH,ASEAN,Consumption,-1.2379524763397485,2.1159627291043037,-1.7991990058625618
2015-01-01,Thailand,TH,ASEAN,Consumption,-0.957984542169631,3.1025101784143416,3.6316690091865667
2015-04-01,Thailand,TH,ASEAN,Consumption,-1.061339308861141,1.8620012992235146,2.1264296881504663
2015-07-01,Thailand,TH,ASEAN,Consumption,-0.7511659002298453,1.9429596819769301,3.8129390364332494
2015-10-01,Thailand,TH,ASEAN,Consumption,-0.3404322858555162,3.455076514119071,4.249268322706001
2016-01-01,Thailand,TH,ASEAN,Consumption,-0.3850163728132388,3.162634232381656,2.4618998822369065
2016-04-01,Thailand,TH,ASEAN,Consumption,0.02586423691771072,3.7101827740176674,4.316623854694512
2016-07-01,Thailand,TH,ASEAN,Consumption,-0.9420364041854368,2.4650390941525657,-1.1676356830271573
2016-10-01,Thailand,TH,ASEAN,Consumption,-1.040912538845288,1.987070200692287,2.337392748864886
2017-01-01,Thailand,TH,ASEAN,Consumption,-0.37164481217908907,2.7302473425784513,5.434608449781564
2017-04-01,Thailand,TH,ASEAN,Consumption,0.02386640380812953,2.7404239366109806,4.35733023082463
2017-07-01,Thailand,TH,ASEAN,Consumption,-0.18107024581882897,3.523699119428514,1.9654650482429759
2017-10-01,Thailand,TH,ASEAN,Consumption,-0.6832880315840392,3.1339771586349485,0.7785049056906246
2018-01-01,Thailand,TH,ASEAN,Consumption,0.44623374203776833,3.6001782941271543,7.299412991750387
2018-04-01,Thailand,TH,ASEAN,Consumption,1.7533091873366686,4.509259424771628,7.993654753402524
2018-07-01,Thailand,TH,ASEAN,Consumption,1.968729576684277,4.918456766542967,3.602254415328332
2018-10-01,Thailand,TH,ASEAN,Consumption,1.3490414661185126,4.781984636410641,0.23261638516132166
2019-01-01,Thailand,TH,ASEAN,Consumption,1.9934743952942793,4.2722299938008135,5.2603944213110765
2019-04-01,Thailand,TH,ASEAN,Consumption,3.158418481984915,4.103217165429385,7.317603439916809
2019-07-01,Thailand,TH,ASEAN,Consumption,3.2303455198037554,3.935042019178958,2.9295538303266255
2019-10-01,Thailand,TH,ASEAN,Consumption,1.9487061557576026,3.2559021859684734,-2.4839429476806174
2020-01-01,Thailand,TH,ASEAN,Consumption,2.2195223712248713,2.8786721574359575,3.751474307181013
2020-04-01,Thailand,TH,ASEAN,Consumption,-6.2227972910003455,-6.7121728010523185,-31.045776394036295
2020-07-01,Thailand,TH,ASEAN,Consumption,0.4676657777199188,-0.05058775414124028,29.57589401797094
2020-10-01,Thailand,TH,ASEAN,Consumption,-0.14323779938793352,0.690562134861139,0.4806566083288999
2021-01-01,Thailand,TH,ASEAN,Consumption,-0.9105902279235838,-0.2508191353896905,-0.014050773822305018
2021-04-01,Thailand,TH,ASEAN,Consumption,-3.97010971716882,5.252842403691993,-9.031130237709561
2021-07-01,Thailand,TH,ASEAN,Consumption,-5.687095687302206,-3.013926876423234,-3.4911831024899698
2021-10-01,Thailand,TH,ASEAN,Consumption,-2.8759274993563153,0.5657953700264784,14.79954559412775
2022-01-01,Thailand,TH,ASEAN,Consumption,-1.9568913384696018,2.4201107676073974,7.403210816501371
2022-04-01,Thailand,TH,ASEAN,Consumption,-1.1545611956375028,6.4517612076485875,7.095471522455199
2022-07-01,Thailand,TH,ASEAN,Consumption,-0.6299374663628569,8.85598944967434,6.125729865613039
2022-10-01,Thailand,TH,ASEAN,Consumption,-0.6167931839895372,6.206105274047857,4.20000889162182
2023-01-01,Thailand,TH,ASEAN,Consumption,-0.1672984561006466,5.866088934887159,6.043145459858579
2023-04-01,Thailand,TH,ASEAN,Consumption,1.6172731025761773,6.956516943969682,11.457183558785289
2023-07-01,Thailand,TH,ASEAN,Consumption,2.2646838933397992,7.164546729158339,6.957849006367667
2023-10-01,Thailand,TH,ASEAN,Consumption,1.596114340685622,6.545258775789975,1.7228570781483654
2024-01-01,Thailand,TH,ASEAN,Consumption,1.9280296637871321,6.469224576468591,5.739008662573042
2024-04-01,Thailand,TH,ASEAN,Consumption,1.527909775522209,4.308516891850012,2.8143528203109724
2024-07-01,Thailand,TH,ASEAN,Consumption,1.0593749830932415,3.2036224409630165,2.5382712028196863
2024-10-01,Thailand,TH,ASEAN,Consumption,0.5394379940468191,3.354946467904618,2.328153185914772
2025-01-01,Thailand,TH,ASEAN,Consumption,0.05136675664027643,2.5331113447355946,2.451668169896948
2025-04-01,Thailand,TH,ASEAN,Consumption,-0.8152878937883339,2.063347214176403,0.9352962980742063
1993-01-01,Thailand,TH,ASEAN,GDP,-5.837837890090506,NA,NA
1993-04-01,Thailand,TH,ASEAN,GDP,-6.2696013280905944,NA,2.8836169749894225
1993-07-01,Thailand,TH,ASEAN,GDP,-1.3513528029953248,NA,24.269070232645618
1993-10-01,Thailand,TH,ASEAN,GDP,-1.5325595773447478,NA,3.8263858420961583
1994-01-01,Thailand,TH,ASEAN,GDP,-0.2712129592592847,10.124290572185757,9.518089239011829
1994-04-01,Thailand,TH,ASEAN,GDP,-1.0108373458490079,9.752940495561191,1.398216668491159
1994-07-01,Thailand,TH,ASEAN,GDP,-1.3756966606371865,4.37145593552053,2.7431319924829722
1994-10-01,Thailand,TH,ASEAN,GDP,0.7802004009085928,6.572691732457869,12.631329029845517
1995-01-01,Thailand,TH,ASEAN,GDP,2.8414188652687438,7.196585279384671,12.013663426719035
1995-04-01,Thailand,TH,ASEAN,GDP,4.3550991212555275,9.232627895620027,9.542387133432584
1995-07-01,Thailand,TH,ASEAN,GDP,3.1468438806926504,8.131458144798387,-1.661547010803588
1995-10-01,Thailand,TH,ASEAN,GDP,4.142168911717547,6.676726129103905,6.812400967067589
1996-01-01,Thailand,TH,ASEAN,GDP,3.7071969949036867,3.8569418290473223,0.7345262264927044
1996-04-01,Thailand,TH,ASEAN,GDP,8.12454507617133,6.416635258473491,19.78116085113726
1996-07-01,Thailand,TH,ASEAN,GDP,7.9155217704641485,7.061106888570201,0.9163395095832527
1996-10-01,Thailand,TH,ASEAN,GDP,6.94125658605993,4.737920931267503,-2.4803428621432033
1997-01-01,Thailand,TH,ASEAN,GDP,2.484165028966822,0.37830100747076045,-16.703953468694266
1997-04-01,Thailand,TH,ASEAN,GDP,5.105211440877177,-1.7227251617805805,11.377056174131894
1997-07-01,Thailand,TH,ASEAN,GDP,3.7482465901642565,-3.1266994927685587,-4.69955781436866
1997-10-01,Thailand,TH,ASEAN,GDP,-0.44557081758263545,-6.539563941415061,-16.13180065672921
1998-01-01,Thailand,TH,ASEAN,GDP,-4.2526315704758195,-6.008700502061792,-14.580499711281192
1998-04-01,Thailand,TH,ASEAN,GDP,-8.5984698569541,-13.013800172188361,-16.64334250637438
1998-07-01,Thailand,TH,ASEAN,GDP,-7.48920025156587,-10.50223125993952,5.346717834626702
1998-10-01,Thailand,TH,ASEAN,GDP,-3.7560931935823847,-2.4523906762102143,16.067561678188014
1999-01-01,Thailand,TH,ASEAN,GDP,-4.355406766350517,0.9428631134547061,-0.9994845526215101
1999-04-01,Thailand,TH,ASEAN,GDP,-4.383938720174483,5.497206300394453,1.5740302413846052
1999-07-01,Thailand,TH,ASEAN,GDP,-1.492789751632896,7.550528281286084,13.560005758193228
1999-10-01,Thailand,TH,ASEAN,GDP,-1.4557407651132406,4.1478281916811355,2.456761319768219
2000-01-01,Thailand,TH,ASEAN,GDP,-0.08801206631171496,6.421401166460328,8.094807346495259
2000-04-01,Thailand,TH,ASEAN,GDP,-1.0083407488219522,5.8420029398321915,-0.7435626651279392
2000-07-01,Thailand,TH,ASEAN,GDP,-1.7651250137422532,2.5076982064625497,0.22278682471466027
2000-10-01,Thailand,TH,ASEAN,GDP,-1.8152077371293325,2.7328969425996164,3.357556264316486
2001-01-01,Thailand,TH,ASEAN,GDP,-1.3652979800419378,2.1234121312597054,5.656868101135615
2001-04-01,Thailand,TH,ASEAN,GDP,-1.1921560508952254,3.5182976291425305,4.835979326403361
2001-07-01,Thailand,TH,ASEAN,GDP,-2.0083257410731874,3.7496866137875173,1.1483427632946075
2001-10-01,Thailand,TH,ASEAN,GDP,-1.9747436261561766,4.109649268932536,4.79740688489656
2002-01-01,Thailand,TH,ASEAN,GDP,-1.5002780742187378,4.392038170368551,6.786423706879674
2002-04-01,Thailand,TH,ASEAN,GDP,0.08327386505063011,6.037728749698346,11.41874164372254
2002-07-01,Thailand,TH,ASEAN,GDP,-0.130609170954114,6.8485712460171655,4.391712748569887
2002-10-01,Thailand,TH,ASEAN,GDP,-0.5966431139750334,6.527411257177995,3.512766929539879
2003-01-01,Thailand,TH,ASEAN,GDP,0.5162165702833209,7.3119602124219085,9.924619527855327
2003-04-01,Thailand,TH,ASEAN,GDP,0.7379529099101114,6.062658029217793,6.42153291090608
2003-07-01,Thailand,TH,ASEAN,GDP,1.1464430220122988,6.763823336122599,7.196373976189108
2003-10-01,Thailand,TH,ASEAN,GDP,1.3770383952591176,7.505852876794705,6.480885092228306
2004-01-01,Thailand,TH,ASEAN,GDP,1.2768822419164652,6.305972810072191,5.125099260965271
2004-04-01,Thailand,TH,ASEAN,GDP,1.4418149766494675,6.232401554341926,6.127247887985021
2004-07-01,Thailand,TH,ASEAN,GDP,1.2169799301676998,5.555241771062214,4.487734843070257
2004-10-01,Thailand,TH,ASEAN,GDP,2.2134320982999336,6.253473329040027,9.273811324139558
2005-01-01,Thailand,TH,ASEAN,GDP,-0.2797531946794468,3.7723487874988137,-4.799398905199581
2005-04-01,Thailand,TH,ASEAN,GDP,0.6168940681310943,4.399340941954399,8.635216505807364
2005-07-01,Thailand,TH,ASEAN,GDP,0.7525010193737848,4.641303890470994,5.4555866371366335
2005-10-01,Thailand,TH,ASEAN,GDP,0.8869572810014156,3.6494269797362477,5.306303681200575
2006-01-01,Thailand,TH,ASEAN,GDP,0.24214254024199078,5.358578993948271,2.0372091516485114
2006-04-01,Thailand,TH,ASEAN,GDP,0.4269325810392355,4.499401074632914,5.198504828545936
2006-07-01,Thailand,TH,ASEAN,GDP,0.5666813192870684,4.34968156435982,4.856708596044257
2006-10-01,Thailand,TH,ASEAN,GDP,1.7300760481755995,5.219660967754791,8.78622129478046
2007-01-01,Thailand,TH,ASEAN,GDP,2.30003073604922,6.271700262010249,6.245366328670343
2007-04-01,Thailand,TH,ASEAN,GDP,1.5510936043927095,5.173325529972672,0.8050059003956278
2007-07-01,Thailand,TH,ASEAN,GDP,2.006878337289936,5.325936365259842,5.467151937192938
2007-10-01,Thailand,TH,ASEAN,GDP,2.576847704241743,4.574150670249999,5.779078514741087
2008-01-01,Thailand,TH,ASEAN,GDP,1.7218897355576093,3.0006850561118625,-0.0484961278822027
2008-04-01,Thailand,TH,ASEAN,GDP,1.5933433585400034,3.4876020101519245,2.7526737165558757
2008-07-01,Thailand,TH,ASEAN,GDP,0.9947246891552562,2.319714407616047,0.7956015270494277
2008-10-01,Thailand,TH,ASEAN,GDP,-2.409867117997342,-1.7434045169375523,-10.47339718347331
2009-01-01,Thailand,TH,ASEAN,GDP,-6.208685356011,-4.746591833481872,-12.061245394059483
2009-04-01,Thailand,TH,ASEAN,GDP,-4.734852982656199,-3.1731218704241115,9.04655356878692
2009-07-01,Thailand,TH,ASEAN,GDP,-2.413406534966054,-0.25531633353015337,12.46682367462526
2009-10-01,Thailand,TH,ASEAN,GDP,-0.3645135544629973,5.2148339055985815,11.40720377304163
2010-01-01,Thailand,TH,ASEAN,GDP,1.6796822103666793,11.083584134074265,11.41375551984325
2010-04-01,Thailand,TH,ASEAN,GDP,0.5644418167434636,8.52074245537029,-1.2048131460289824
2010-07-01,Thailand,TH,ASEAN,GDP,0.28241534160361803,5.940349801667466,2.1452530598139674
2010-10-01,Thailand,TH,ASEAN,GDP,-0.12673396795664404,3.501903339045498,1.653417922553757
2011-01-01,Thailand,TH,ASEAN,GDP,1.2808213564143003,2.882725550476195,8.937044365566038
2011-04-01,Thailand,TH,ASEAN,GDP,-0.9825304970190466,1.7514434453790528,-5.729941566417551
2011-07-01,Thailand,TH,ASEAN,GDP,-0.2951022788987782,2.738344786517466,6.09285842436762
2011-10-01,Thailand,TH,ASEAN,GDP,-7.620244415980541,-4.159300367314778,-25.937162692775217
2012-01-01,Thailand,TH,ASEAN,GDP,0.501511308063908,2.5740715159917826,35.87053189879228
2012-04-01,Thailand,TH,ASEAN,GDP,1.5394959834790596,5.890642678519953,7.5363430836951295
2012-07-01,Thailand,TH,ASEAN,GDP,1.5003268203634756,5.170095352332993,3.21066911961978
2012-10-01,Thailand,TH,ASEAN,GDP,3.244162594443524,14.232267277785837,10.31152500903616
2013-01-01,Thailand,TH,ASEAN,GDP,2.3475091532762504,5.191646767167235,-0.29195014368212924
2013-04-01,Thailand,TH,ASEAN,GDP,0.9511126823243945,2.723889851136896,-2.3346845804262273
2013-07-01,Thailand,TH,ASEAN,GDP,0.850506842988946,2.6233076650919784,2.8083403754401104
2013-10-01,Thailand,TH,ASEAN,GDP,7.868573050290664e-4,-0.010136400127258582,-0.2222512518407882
2014-01-01,Thailand,TH,ASEAN,GDP,-1.159525826921107,-0.30980593722595984,-1.4906282920769343
2014-04-01,Thailand,TH,ASEAN,GDP,-1.3219218235183572,0.894655951714185,2.483162975334352
2014-07-01,Thailand,TH,ASEAN,GDP,-1.1804545118426422,1.1140640262835788,3.6859726737176857
2014-10-01,Thailand,TH,ASEAN,GDP,-0.885487850812443,2.2419402593097715,4.2892536802639825
2015-01-01,Thailand,TH,ASEAN,GDP,-1.1789075362838446,3.095589310064817,1.9239679109432473
2015-04-01,Thailand,TH,ASEAN,GDP,-1.5224403680336154,2.901932873842661,1.708537230445728
2015-07-01,Thailand,TH,ASEAN,GDP,-0.839951268802807,3.428305174931623,5.791461878073534
2015-10-01,Thailand,TH,ASEAN,GDP,-0.9819991905989349,2.9715316638258216,2.462159635840777
2016-01-01,Thailand,TH,ASEAN,GDP,-0.9416773321105831,3.277638095802793,3.1483936388511324
2016-04-01,Thailand,TH,ASEAN,GDP,-0.7301174130810951,3.794392489418641,3.7755548049091203
2016-07-01,Thailand,TH,ASEAN,GDP,-0.5927020035332089,3.197598404791968,3.4042855395668425
2016-10-01,Thailand,TH,ASEAN,GDP,-0.6183801096099496,3.2466821970343673,2.658494804810374
2017-01-01,Thailand,TH,ASEAN,GDP,0.01288007925035091,3.7527398154340474,5.172624112449853
2017-04-01,Thailand,TH,ASEAN,GDP,0.8835288496512623,4.30755146830144,5.994801416378692
2017-07-01,Thailand,TH,ASEAN,GDP,1.3721165163141456,4.533844840726253,4.309459029266094
2017-10-01,Thailand,TH,ASEAN,GDP,0.7512165068334665,3.792945695705896,-0.305101775271055
2018-01-01,Thailand,TH,ASEAN,GDP,2.6659309728086638,4.910955715112841,9.644664190077634
2018-04-01,Thailand,TH,ASEAN,GDP,3.4510550099260335,4.642107046749899,4.919406742926924
2018-07-01,Thailand,TH,ASEAN,GDP,2.8960256674761578,3.4008319207147863,-0.6556414748743578
2018-10-01,Thailand,TH,ASEAN,GDP,2.6146013749252672,3.533465538257907,0.22543269490142848
2019-01-01,Thailand,TH,ASEAN,GDP,3.8110633369653653,2.605289595070026,5.93196041732611
2019-04-01,Thailand,TH,ASEAN,GDP,4.527099587105779,2.3304642871147863,3.8201055111059645
2019-07-01,Thailand,TH,ASEAN,GDP,4.455935471322429,2.6207608769459156,0.5055448844501598
2019-10-01,Thailand,TH,ASEAN,GDP,2.63206738402349,0.9055728232343796,-6.635319519944716
2020-01-01,Thailand,TH,ASEAN,GDP,0.8395925353501893,-2.2256534312141696,-6.592944600468087
2020-04-01,Thailand,TH,ASEAN,GDP,-8.970033045689664,-12.853508537289038,-38.69131491319351
2020-07-01,Thailand,TH,ASEAN,GDP,-2.52781757894685,-6.394441876455836,26.341811527782966
2020-10-01,Thailand,TH,ASEAN,GDP,-2.2719881663660866,-4.321828468601829,1.6551341114713125
2021-01-01,Thailand,TH,ASEAN,GDP,-2.3964675876207884,-2.6187046727324415,0.21955058300946462
2021-04-01,Thailand,TH,ASEAN,GDP,-2.1227888431880197,7.533859077757654,1.918940088766874
2021-07-01,Thailand,TH,ASEAN,GDP,-3.4146639270824037,-0.1069449327820493,-4.221404514375848
2021-10-01,Thailand,TH,ASEAN,GDP,-1.2050244646669324,1.9583543583701513,9.916331276080115
2022-01-01,Thailand,TH,ASEAN,GDP,-1.2877487595286137,2.123422734472946,0.8798240874206442
2022-04-01,Thailand,TH,ASEAN,GDP,-0.8423275044429357,2.4245906627138325,3.1236118017304193
2022-07-01,Thailand,TH,ASEAN,GDP,-0.18299150259206387,4.506320442678735,4.105514605483762
2022-10-01,Thailand,TH,ASEAN,GDP,-1.0567462176635285,1.5503196331332347,-1.9076719621018867
2023-01-01,Thailand,TH,ASEAN,GDP,-0.006587313286592587,2.8052720663906072,5.899633820450134
2023-04-01,Thailand,TH,ASEAN,GDP,-0.3604416468891772,2.120635444058294,0.38506531240116715
2023-07-01,Thailand,TH,ASEAN,GDP,-0.1775988429391414,1.7500455370143442,2.623154977307962
2023-10-01,Thailand,TH,ASEAN,GDP,-0.7050205795396721,2.192541901667866,-0.13768650348779943
2024-01-01,Thailand,TH,ASEAN,GDP,0.043163221731135765,1.975989421307034,5.033423899006806
2024-04-01,Thailand,TH,ASEAN,GDP,0.2384812605465904,2.5990626227939018,2.8773581183486385
2024-07-01,Thailand,TH,ASEAN,GDP,1.0192858432327048,3.258653500767572,5.261518489202643
2024-10-01,Thailand,TH,ASEAN,GDP,0.9417137630192998,3.757484917223408,1.8576391623355448
2025-01-01,Thailand,TH,ASEAN,GDP,0.9235751365464626,3.0278693539708357,2.114961645996516
2025-04-01,Thailand,TH,ASEAN,GDP,0.8539295522110336,2.788739352288694,1.9208381116200712
2025-07-01,Thailand,TH,ASEAN,GDP,-0.019057393912494697,1.1518601119275829,-1.2859984722418005
2025-10-01,Thailand,TH,ASEAN,GDP,1.3153013550612558,2.574118461727437,7.546672561534962
2003-01-01,Thailand,TH,ASEAN,Investment,-7.576230244551013,NA,NA
2003-04-01,Thailand,TH,ASEAN,Investment,-6.518964988226916,NA,12.788069632938459
2003-07-01,Thailand,TH,ASEAN,Investment,-3.7695173240938047,NA,19.537858688563148
2003-10-01,Thailand,TH,ASEAN,Investment,-6.574332517000703,NA,-2.733371303290255
2004-01-01,Thailand,TH,ASEAN,Investment,-4.301836147229294,11.767397905137145,17.477034602337227
2004-04-01,Thailand,TH,ASEAN,Investment,-0.8629974396216246,14.065996995880603,21.982465995912293
2004-07-01,Thailand,TH,ASEAN,Investment,0.05962539260807864,12.10298540713417,11.685812333577417
2004-10-01,Thailand,TH,ASEAN,Investment,5.637919774926018,20.28700290207066,30.002698676455708
2005-01-01,Thailand,TH,ASEAN,Investment,4.741543593587798,16.84883323428288,3.7243559311860963
2005-04-01,Thailand,TH,ASEAN,Investment,5.4998035236719645,13.829085248429251,9.903474052497785
2005-07-01,Thailand,TH,ASEAN,Investment,6.6699365886818685,13.673539238303256,11.063628293073435
2005-10-01,Thailand,TH,ASEAN,Investment,8.80320501819156,9.771531815690793,14.394668986005854
2006-01-01,Thailand,TH,ASEAN,Investment,5.557537293663824,6.92542682797459,-7.660064019678714
2006-04-01,Thailand,TH,ASEAN,Investment,5.459578411051713,5.548634151481657,4.396303346526054
2006-07-01,Thailand,TH,ASEAN,Investment,2.2526775498520752,0.6438474937208838,-8.555518337969659
2006-10-01,Thailand,TH,ASEAN,Investment,2.5411795032286717,-1.7192941708984222,4.94210232752863
2007-01-01,Thailand,TH,ASEAN,Investment,0.9582300214102702,-0.5517779496898356,-2.9899991348443677
2007-04-01,Thailand,TH,ASEAN,Investment,1.6630044266843433,-0.21119165834537768,5.7586485119038855
2007-07-01,Thailand,TH,ASEAN,Investment,1.6435947906712558,2.554214886186834,2.5061078401591885
2007-10-01,Thailand,TH,ASEAN,Investment,4.809199276290038,5.053929485850439,14.94096072618305
2008-01-01,Thailand,TH,ASEAN,Investment,5.968139862866018,7.467382125205724,6.663811422576771
2008-04-01,Thailand,TH,ASEAN,Investment,3.0856610550837864,3.6063132544718712,-9.685626971031525
2008-07-01,Thailand,TH,ASEAN,Investment,1.6081348941079325,1.9378053046658295,-4.167923959064979
2008-10-01,Thailand,TH,ASEAN,Investment,0.2343087700778113,-2.738900875126582,-3.7658639929865956
2009-01-01,Thailand,TH,ASEAN,Investment,-17.27080011598098,-21.457440603774813,-68.21034749201615
2009-04-01,Thailand,TH,ASEAN,Investment,-14.549897321876667,-15.81895379090792,12.868320280436052
2009-07-01,Thailand,TH,ASEAN,Investment,-7.6296159710864675,-7.304159785790532,29.891252061404572
2009-10-01,Thailand,TH,ASEAN,Investment,-4.861677859348649,-2.982264182908878,13.521718418540019
2010-01-01,Thailand,TH,ASEAN,Investment,-4.926003772568448,14.677285027906883,2.4278493512468913
2010-04-01,Thailand,TH,ASEAN,Investment,-3.558239056903629,13.55385306376462,8.374592423867
2010-07-01,Thailand,TH,ASEAN,Investment,-0.9618306952112379,9.450646568456378,13.478426080171602
2010-10-01,Thailand,TH,ASEAN,Investment,-0.4802664199420005,7.362789894857258,5.170291724143539
2011-01-01,Thailand,TH,ASEAN,Investment,1.7370725569464358,9.811880272299867,12.224210861017326
2011-04-01,Thailand,TH,ASEAN,Investment,1.3448074699941737,8.181980319016624,1.8549926107340298
2011-07-01,Thailand,TH,ASEAN,Investment,-0.6907580737653893,3.640801085138534,-4.686290855340758
2011-10-01,Thailand,TH,ASEAN,Investment,-5.994125137990226,-2.0916458962217277,-17.75949620129751
2012-01-01,Thailand,TH,ASEAN,Investment,2.5062333925334954,4.206741986815565,37.4177623931665
2012-04-01,Thailand,TH,ASEAN,Investment,5.087720685777391,7.156494790691426,13.65400382623747
2012-07-01,Thailand,TH,ASEAN,Investment,5.589293487707585,9.62849450287031,5.201707993374782
2012-10-01,Thailand,TH,ASEAN,Investment,10.047924035574965,19.284782593552663,20.8656561614319
2013-01-01,Thailand,TH,ASEAN,Investment,8.119581625557013,8.71429444521965,-4.864190200165552
2013-04-01,Thailand,TH,ASEAN,Investment,5.22399304147156,3.0738731559685206,-8.907681330767048
2013-07-01,Thailand,TH,ASEAN,Investment,0.7305362750785774,-2.0880322035102594,-15.445913444540338
2013-10-01,Thailand,TH,ASEAN,Investment,-6.412613334736239,-13.842105536462945,-26.150637170378843
2014-01-01,Thailand,TH,ASEAN,Investment,-6.3005847602462,-11.924368839479271,2.8067565877691436
2014-04-01,Thailand,TH,ASEAN,Investment,-1.6966708848221066,-4.513053343743323,20.737580652176746
2014-07-01,Thailand,TH,ASEAN,Investment,2.004871188278445,3.6239816877408515,17.10222668139636
2014-10-01,Thailand,TH,ASEAN,Investment,-5.066451399873945,3.6595184742177267,-26.008490024471342
2015-01-01,Thailand,TH,ASEAN,Investment,-0.22807301492387166,8.363498498696309,21.622676685683473
2015-04-01,Thailand,TH,ASEAN,Investment,-2.342052574822847,1.6302439541854952,-6.1954375258665095
2015-07-01,Thailand,TH,ASEAN,Investment,-1.390087436635174,-1.1308018656910335,6.058043401890245
2015-10-01,Thailand,TH,ASEAN,Investment,1.0340850917443194,8.353596773975447,11.929104534194579
2016-01-01,Thailand,TH,ASEAN,Investment,1.2690909168740607,3.7338584801215546,3.143723510267904
2016-04-01,Thailand,TH,ASEAN,Investment,-0.7442005866532819,3.8110827153323257,-5.886540585023425
2016-07-01,Thailand,TH,ASEAN,Investment,-1.5624383818551961,2.0094247711528013,-1.1485883748278525
2016-10-01,Thailand,TH,ASEAN,Investment,0.5711405944568062,1.6794905736571053,10.609367744211795
2017-01-01,Thailand,TH,ASEAN,Investment,0.5206165342611394,1.346732243915305,1.8126901913007032
2017-04-01,Thailand,TH,ASEAN,Investment,-0.41296157471218486,2.371037890404004,-1.7893179990686292
2017-07-01,Thailand,TH,ASEAN,Investment,-1.2816314111784628,2.2562594962755256,-1.6077019513417667
2017-10-01,Thailand,TH,ASEAN,Investment,-0.07055646929461992,1.2599182274170673,6.624002668777962
2018-01-01,Thailand,TH,ASEAN,Investment,1.5321667404714912,2.8294606089716012,8.090859717518839
2018-04-01,Thailand,TH,ASEAN,Investment,2.1239827025071234,4.260504304520829,3.934856783128282
2018-07-01,Thailand,TH,ASEAN,Investment,1.3626376589035913,4.2626876206746545,-1.5989686867264652
2018-10-01,Thailand,TH,ASEAN,Investment,2.5307222063508923,4.1052046242565865,5.99407068310569
2019-01-01,Thailand,TH,ASEAN,Investment,2.7334874959957824,2.5844956210265835,2.008023704598827
2019-04-01,Thailand,TH,ASEAN,Investment,3.1320853594921356,2.2689864015688954,2.67281990529753
2019-07-01,Thailand,TH,ASEAN,Investment,2.6040054852164958,2.3838896809586174,-1.1393555691675772
2019-10-01,Thailand,TH,ASEAN,Investment,2.1781965642973855,0.6816628865847107,-0.8148364943899367
2020-01-01,Thailand,TH,ASEAN,Investment,-5.149461125588354,-6.940189667180796,-28.4793865104632
2020-04-01,Thailand,TH,ASEAN,Investment,-5.047410970376444,-7.3046083386119065,1.2151452195730883
2020-07-01,Thailand,TH,ASEAN,Investment,-1.1239731766856835,-2.895675006276832,16.49637776017272
2020-10-01,Thailand,TH,ASEAN,Investment,-1.1173017482071974,-2.483876533774243,0.83235739562042
2021-01-01,Thailand,TH,ASEAN,Investment,0.5842640800786462,6.540853410795933,7.619533267817502
2021-04-01,Thailand,TH,ASEAN,Investment,1.5640597712562834,7.422519834565833,4.741810914652689
2021-07-01,Thailand,TH,ASEAN,Investment,-3.2832795658119784,-1.3401122106179386,-18.554150420562365
2021-10-01,Thailand,TH,ASEAN,Investment,-2.2830517981467793,-0.3342446825058687,4.8558275080687
2022-01-01,Thailand,TH,ASEAN,Investment,0.1274671915485985,0.3897781102649489,10.515624438900772
2022-04-01,Thailand,TH,ASEAN,Investment,0.39296630305741387,-0.30882665030205203,1.947391872384685
2022-07-01,Thailand,TH,ASEAN,Investment,0.9167729599236549,5.07621159772409,2.986002571542201
2022-10-01,Thailand,TH,ASEAN,Investment,0.5174289062638928,3.6855787793122374,-0.706703765578709
2023-01-01,Thailand,TH,ASEAN,Investment,2.196106578104138,2.957194559851928,7.602087561059534
2023-04-01,Thailand,TH,ASEAN,Investment,0.4079261002273451,0.9027118114433463,-6.270539121249641
2023-07-01,Thailand,TH,ASEAN,Investment,1.4723082670248722,1.440738451650958,5.138109132372648
2023-10-01,Thailand,TH,ASEAN,Investment,-0.9138106142182701,-0.5478070597664697,-8.66088581124842
2024-01-01,Thailand,TH,ASEAN,Investment,-3.1987073019021532,-4.509502811077759,-8.2446954441856235
2024-04-01,Thailand,TH,ASEAN,Investment,-6.378845340584734,-5.893955890166858,-11.808351437606035
2024-07-01,Thailand,TH,ASEAN,Investment,5.3658812662805415,4.798123727903381,47.9064276046536
2024-10-01,Thailand,TH,ASEAN,Investment,3.0034818394982907,4.83217214728402,-8.524692133725864
2025-01-01,Thailand,TH,ASEAN,Investment,0.46491066703796635,4.5842169881005645,-9.236516080919444
2025-04-01,Thailand,TH,ASEAN,Investment,-1.6598482297747752,5.639950697776186,-7.585416598903549
1975-01-01,United States,US,Comparator,Consumption,-2.3015079672104353,NA,NA
1975-04-01,United States,US,Comparator,Consumption,-1.6273147153781438,NA,6.525847560433817
1975-07-01,United States,US,Comparator,Consumption,-1.1718696325696814,NA,5.64510111442047
1975-10-01,United States,US,Comparator,Consumption,-1.0542298851239325,NA,4.278303946345119
1976-01-01,United States,US,Comparator,Consumption,-0.01943925204650216,6.091958138164699,7.918579931459391
1976-04-01,United States,US,Comparator,Consumption,-0.037517205558387084,5.376343928603511,3.663390722189064
1976-07-01,United States,US,Comparator,Consumption,0.0907115658830334,5.012435363862977,4.189466855458335
1976-10-01,United States,US,Comparator,Consumption,0.4793898323486503,5.232005470368328,5.156584372366524
1977-01-01,United States,US,Comparator,Consumption,0.7732071140337509,4.424149750584938,4.68715705232583
1977-04-01,United States,US,Comparator,Consumption,0.4620477784536472,4.049092759836981,2.1631627591972347
1977-07-01,United States,US,Comparator,Consumption,0.5802530825382499,3.942816563078466,3.7643620684242762
1977-10-01,United States,US,Comparator,Consumption,1.281536385544192,4.146020097176795,5.969398508759838
1978-01-01,United States,US,Comparator,Consumption,1.084900876533049,3.534451342127909,2.240882032130287
1978-04-01,United States,US,Comparator,Consumption,2.479197016390707,5.109012044027672,8.461405566796287
1978-07-01,United States,US,Comparator,Consumption,2.2138848430741134,4.586951445230092,1.6761196732339556
1978-10-01,United States,US,Comparator,Consumption,2.3693141760942025,3.8982971855901383,3.2147814702000233
1979-01-01,United States,US,Comparator,Consumption,2.2716698093474403,3.854643069393582,2.066265567344061
1979-04-01,United States,US,Comparator,Consumption,1.6230749509808142,1.6743539044716371,-0.25975109289149145
1979-07-01,United States,US,Comparator,Consumption,2.0334361139722574,2.2237099569982988,3.873543883340602
1979-10-01,United States,US,Comparator,Consumption,1.7436347731730393,1.6685415971760875,0.9941080309111783
1980-01-01,United States,US,Comparator,Consumption,1.0747423456289502,1.0089213825608567,-0.5722152911168621
1980-04-01,United States,US,Comparator,Consumption,-1.7247218435812375,-1.2039596851359136,-9.111275363678573
1980-07-01,United States,US,Comparator,Consumption,-1.160195348056236,-1.0813988673760377,4.3637871543801054
1980-10-01,United States,US,Comparator,Consumption,-0.35722578009229206,0.012129180811193407,5.368220223660103
1981-01-01,United States,US,Comparator,Consumption,-0.5817114843218504,0.48961311020203624,1.3377204264465092
1981-04-01,United States,US,Comparator,Consumption,-1.160139949585382,2.7746914814859025,0.02903812145689244
1981-07-01,United States,US,Comparator,Consumption,-1.3176708305012719,2.1452522846081123,1.8460303668689448
1981-10-01,United States,US,Comparator,Consumption,-2.662271558347062,0.11683865523615111,-2.745434293827742
1982-01-01,United States,US,Comparator,Consumption,-2.6308507714770633,0.5163048321202623,2.935585133982954
1982-04-01,United States,US,Comparator,Consumption,-3.076772182109243,0.8131984707437923,1.216612675951012
1982-07-01,United States,US,Comparator,Consumption,-3.2080461777111378,1.0198120050638693,2.672484504149253
1982-10-01,United States,US,Comparator,Consumption,-2.320048260550274,3.442682635751382,6.946048228922308
1983-01-01,United States,US,Comparator,Consumption,-2.231625461045338,3.692635757811047,3.9353976222216147
1983-04-01,United States,US,Comparator,Consumption,-1.1545040378783868,5.404286501408784,8.06321565034196
1983-07-01,United States,US,Comparator,Consumption,-0.35407159370861446,6.513484843802075,7.109277873722419
1983-10-01,United States,US,Comparator,Consumption,0.21763207094704395,6.357995096780833,6.324089240837338
1984-01-01,United States,US,Comparator,Consumption,0.00834258886274735,6.200612267692129,3.3058663058668003
1984-04-01,United States,US,Comparator,Consumption,0.3432556741351871,5.5760567236761815,5.564993474278168
1984-07-01,United States,US,Comparator,Consumption,0.011075345289011506,4.537618460309467,2.9555248202555617
1984-10-01,United States,US,Comparator,Consumption,0.21794558690107474,4.243615736898398,5.148078347193064
1985-01-01,United States,US,Comparator,Consumption,0.8190119990500868,5.101821211797031,6.7386882054613295
1985-04-01,United States,US,Comparator,Consumption,0.6513273495470958,4.6244548257167395,3.655527929957003
1985-07-01,United States,US,Comparator,Consumption,1.458457605216872,5.767248082335996,7.5266978467325885
1985-10-01,United States,US,Comparator,Consumption,0.6118709529279697,4.696587284121989,0.8654351543370353
1986-01-01,United States,US,Comparator,Consumption,0.4346125544843092,3.8823387068879,3.4816938965249733
1986-04-01,United States,US,Comparator,Consumption,0.48915158973604317,4.052131680114535,4.334699822863541
1986-07-01,United States,US,Comparator,Consumption,1.2345331728809676,3.923418018963787,7.011843202129597
1986-10-01,United States,US,Comparator,Consumption,0.8615611355717103,4.317404676158709,2.441381783116725
1987-01-01,United States,US,Comparator,Consumption,-0.0010515650510425911,3.5414908022048053,0.37803840070935735
1987-04-01,United States,US,Comparator,Consumption,0.42378575046696926,3.81218530823908,5.41747784700064
1987-07-01,United States,US,Comparator,Consumption,0.6574424320261729,3.1934275514224453,4.5368121748630585
1987-10-01,United States,US,Comparator,Consumption,-0.0017613591950498692,2.7943081290892735,0.844904093784038
1988-01-01,United States,US,Comparator,Consumption,0.9101132878253007,4.451266581216551,7.005872209218467
1988-04-01,United States,US,Comparator,Consumption,0.8379023381473432,3.83272220294657,2.9433003339207175
1988-07-01,United States,US,Comparator,Consumption,0.9463650863977997,3.583308426575016,3.5391570693768415
1988-10-01,United States,US,Comparator,Consumption,1.3319854033548832,4.50269127213847,4.522435476037856
1989-01-01,United States,US,Comparator,Consumption,1.0801547773016742,3.214006203993769,1.8511319366396606
1989-04-01,United States,US,Comparator,Consumption,0.8597455854185291,2.943806113083447,1.8624999702794298
1989-07-01,United States,US,Comparator,Consumption,1.1632350573878742,3.0224316892164538,3.8536593739088687
1989-10-01,United States,US,Comparator,Consumption,0.9600798584796658,2.3254921336674172,1.73467725384171
1990-01-01,United States,US,Comparator,Consumption,1.1807028726646545,2.7007907926385855,3.3523265725243334
1990-04-01,United States,US,Comparator,Consumption,0.8824423805525033,2.5393330791084523,1.2166691161588972
1990-07-01,United States,US,Comparator,Consumption,0.6853583499625344,1.9713040833226003,1.5815433907654608
1990-10-01,United States,US,Comparator,Consumption,-0.666436480752171,0.7739764159698126,-3.054633415569441
1991-01-01,United States,US,Comparator,Consumption,-1.6330357590788263,-0.44084858974429153,-1.506973450332083
1991-04-01,United States,US,Comparator,Consumption,-1.4049072662925943,0.08032429624691417,3.30136066012372
1991-07-01,United States,US,Comparator,Consumption,-1.5167475350046522,0.1822812788196515,1.9893713210564101
1991-10-01,United States,US,Comparator,Consumption,-2.1916902223722676,0.8958890742409409,-0.2002022338842835
1992-01-01,United States,US,Comparator,Consumption,-0.9800479583399209,3.1276654956528205,7.420132235315435
1992-04-01,United States,US,Comparator,Consumption,-0.9668190154294267,2.978863563819445,2.706152932790218
1992-07-01,United States,US,Comparator,Consumption,-0.5846437207691555,3.547731113609842,4.264841520217999
1992-10-01,United States,US,Comparator,Consumption,-0.10477599711230384,4.78261331397114,4.739326567560909
1993-01-01,United States,US,Comparator,Consumption,-0.4478384100894571,3.3102482286441415,1.5306718940074404
1993-04-01,United States,US,Comparator,Consumption,-0.2886240671287664,3.539193343540248,3.6219333923746433
1993-07-01,United States,US,Comparator,Consumption,0.05185461496075294,3.5797615207641797,4.427114229113727
1993-10-01,United States,US,Comparator,Consumption,0.1402079995793887,3.2689258700974833,3.4959839648941227
1994-01-01,United States,US,Comparator,Consumption,0.4731636988327629,4.023543204364266,4.549141231074572
1994-04-01,United States,US,Comparator,Consumption,0.42576021384437956,3.893104882202003,3.1001801037255916
1994-07-01,United States,US,Comparator,Consumption,0.34505986670128624,3.545921018910647,3.0383787759483027
1994-10-01,United States,US,Comparator,Consumption,0.5622593497595432,3.747259810025483,4.301339129353465
1995-01-01,United States,US,Comparator,Consumption,-0.06534250425045164,2.858557596033151,0.9943323751052446
1995-04-01,United States,US,Comparator,Consumption,-0.08729229367844885,2.9563581794160854,3.4913824372573288
1995-07-01,United States,US,Comparator,Consumption,-0.09905694045990975,3.0989246517306057,3.608644665206384
1995-10-01,United States,US,Comparator,Consumption,-0.3374417182344875,2.7187267247425595,2.7805474214012804
1996-01-01,United States,US,Comparator,Consumption,-0.37291269488910417,3.388193602591727,3.6721998865019145
1996-04-01,United States,US,Comparator,Consumption,-0.27659130999170467,3.5853822356495257,4.280136969488524
1996-07-01,United States,US,Comparator,Consumption,-0.6668714479692722,3.2868052216448618,2.4143366091877283
1996-10-01,United States,US,Comparator,Consumption,-0.8873131648118966,3.3850290265625915,3.1734426410721994
1997-01-01,United States,US,Comparator,Consumption,-0.8718468473418182,3.5155556957354506,4.194306563193351
1997-04-01,United States,US,Comparator,Consumption,-1.4739030548976917,2.894698804006701,1.7967094025735264
1997-07-01,United States,US,Comparator,Consumption,-0.852125889786767,3.98051899426477,6.757617370220004
1997-10-01,United States,US,Comparator,Consumption,-0.7453766615214881,4.375277553915424,4.752476879674816
1998-01-01,United States,US,Comparator,Consumption,-0.8308576705067107,4.3331493262780185,4.025793652643728
1998-04-01,United States,US,Comparator,Consumption,-0.18409954891330496,5.62956970573687,6.982390920408932
1998-07-01,United States,US,Comparator,Consumption,0.009933941620391849,5.235780118412947,5.182459020924313
1998-10-01,United States,US,Comparator,Consumption,0.3442442121942839,5.482010497561873,5.737398396270521
1999-01-01,United States,US,Comparator,Consumption,0.2718722658666276,5.4974101466847,4.087392249135036
1999-04-01,United States,US,Comparator,Consumption,0.7073299917953034,5.2716086001941775,6.079184734446841
1999-07-01,United States,US,Comparator,Consumption,0.7547054475206486,5.0939338965632075,4.4717602064004325
1999-10-01,United States,US,Comparator,Consumption,1.1534817509350082,5.111701105341382,5.808467231383219
2000-01-01,United States,US,Comparator,Consumption,1.6210822970545233,5.5905914634349685,6.002953681509382
2000-04-01,United States,US,Comparator,Consumption,1.5398243378417351,5.0002149520587125,3.7176786889418167
2000-07-01,United States,US,Comparator,Consumption,1.5063765986633075,4.835800113718491,3.814100853039548
2000-10-01,United States,US,Comparator,Consumption,1.4132883802902512,4.25358131493887,3.4795920362647337
2001-01-01,United States,US,Comparator,Consumption,0.8356618444121814,3.1148753005085794,1.448129623788219
2001-04-01,United States,US,Comparator,Consumption,0.11847912293453614,2.386147307629116,0.8027667174239639
2001-07-01,United States,US,Comparator,Consumption,-0.43229707234659387,1.7800007922057048,1.3895147913459027
2001-10-01,United States,US,Comparator,Consumption,0.2877588501710906,2.5107331737860505,6.4025215625861165
2002-01-01,United States,US,Comparator,Consumption,-0.354709592462585,2.3710952654024453,0.8895779902537981
2002-04-01,United States,US,Comparator,Consumption,-0.7013580737592722,2.6749552633535956,2.018206709228565
2002-07-01,United States,US,Comparator,Consumption,-0.8433343323116537,3.0249647368183474,2.78955268520491
2002-10-01,United States,US,Comparator,Consumption,-1.11758729520549,1.9789987884283988,2.218657769026322
2003-01-01,United States,US,Comparator,Consumption,-1.445566881798602,2.2479567048083737,1.9654096557736978
2003-04-01,United States,US,Comparator,Consumption,-1.1169998668310204,2.8818817664213014,4.553906955680276
2003-07-01,United States,US,Comparator,Consumption,-0.5126623705897044,3.588578187458502,5.616338369353713
2003-10-01,United States,US,Comparator,Consumption,-0.6147149885715395,3.7200071192737383,2.744373496287267
2004-01-01,United States,US,Comparator,Consumption,-0.461448954507007,4.1567067372353605,3.712208127620187
2004-04-01,United States,US,Comparator,Consumption,-0.6765709790390855,3.562390890373024,2.1766435682309293
2004-07-01,United States,US,Comparator,Consumption,-0.2501468946445196,3.326078725134174,4.671089708398313
2004-10-01,United States,US,Comparator,Consumption,0.15405123520767852,3.7647429002387156,4.499030196705434
2005-01-01,United States,US,Comparator,Consumption,0.09069712124274917,3.470096559006919,2.5336227626929997
2005-04-01,United States,US,Comparator,Consumption,0.5227543864745263,4.028038712849913,4.4084121836029055
2005-07-01,United States,US,Comparator,Consumption,0.7085492981570833,3.6865352305502697,3.30507577919974
2005-10-01,United States,US,Comparator,Consumption,0.2843284143594881,2.7459280810512965,0.7366015987095409
2006-01-01,United States,US,Comparator,Consumption,0.7947032448182324,3.19707759588983,4.338220822047134
2006-04-01,United States,US,Comparator,Consumption,0.7737303054142566,2.6120806236956895,2.068424294826343
2006-07-01,United States,US,Comparator,Consumption,0.9132817085124277,2.425926969169545,2.560461161095162
2006-10-01,United States,US,Comparator,Consumption,1.4005531517932452,3.1911665914620357,3.7975600878795035
2007-01-01,United States,US,Comparator,Consumption,1.592109886066435,2.721482008942111,2.459482491967435
2007-04-01,United States,US,Comparator,Consumption,1.4691496163994968,2.4664408285529404,1.048259573269661
2007-07-01,United States,US,Comparator,Consumption,1.785778763490828,2.4912021555353547,2.6595064690248194
2007-10-01,United States,US,Comparator,Consumption,1.865181268046268,1.9351136668914748,1.5732061333039837
2008-01-01,United States,US,Comparator,Consumption,1.4448744805006752,1.1830322068824728,-0.5488433480685728
2008-04-01,United States,US,Comparator,Consumption,1.4630559186383552,1.1961527254339188,1.100741647475445
2008-07-01,United States,US,Comparator,Consumption,0.4528153702049219,-0.2424382953266857,-3.0948576140175987
2008-10-01,United States,US,Comparator,Consumption,-0.6737784001565454,-1.5397567249429756,-3.6160675851611757
2009-01-01,United States,US,Comparator,Consumption,-1.1434853990691227,-1.6568137160744456,-1.017071312594453
2009-04-01,United States,US,Comparator,Consumption,-1.8509773618836238,-2.424799167250491,-1.9712001572287363
2009-07-01,United States,US,Comparator,Consumption,-1.4003705815931762,-0.9808575295288335,2.680908936869031
2009-10-01,United States,US,Comparator,Consumption,-1.7396673435181789,-0.18706949399227568,-0.44091544301494423
2010-01-01,United States,US,Comparator,Consumption,-1.403956145770227,0.6450685655314814,2.3114809255005753
2010-04-01,United States,US,Comparator,Consumption,-0.7689952600794127,2.030636049734369,3.571069779582814
2010-07-01,United States,US,Comparator,Consumption,-0.3332124552121252,2.0713246256976348,2.843663240722094
2010-10-01,United States,US,Comparator,Consumption,-0.015823858562757226,2.79259983301543,2.444185386256237
2011-01-01,United States,US,Comparator,Consumption,0.05227700660083781,2.596003002028624,1.5250936015533512
2011-04-01,United States,US,Comparator,Consumption,-0.17854803190624993,1.8060779899576218,0.41136973129880516
2011-07-01,United States,US,Comparator,Consumption,-0.22985530164130585,1.3990301414070316,1.2154718465197334
2011-10-01,United States,US,Comparator,Consumption,-0.43507565822009825,0.9603476610685391,0.6894554649022666
2012-01-01,United States,US,Comparator,Consumption,-0.11714231768893049,1.297758387297776,2.874736506470299
2012-04-01,United States,US,Comparator,Consumption,-0.36607063482703167,1.3703906362596996,0.7018987271464994
2012-07-01,United States,US,Comparator,Consumption,-0.6119556482419393,1.2691053085855941,0.8103305358233115
2012-10-01,United States,US,Comparator,Consumption,-0.686938657981184,1.4944743698984908,1.5909317101538534
2013-01-01,United States,US,Comparator,Consumption,-0.53562331879458,1.4238709788330084,2.5923229422083693
2013-04-01,United States,US,Comparator,Consumption,-0.7704357317567462,1.5337705720570582,1.1414971000426988
2013-07-01,United States,US,Comparator,Consumption,-0.9073516541790484,1.7369170632044018,1.6229165004126855
2013-10-01,United States,US,Comparator,Consumption,-0.5941756829185972,2.21601905961748,3.5073396958061664
2014-01-01,United States,US,Comparator,Consumption,-0.817713409213619,1.9270619064561956,1.4364943295632315
2014-04-01,United States,US,Comparator,Consumption,-0.4609836567674242,2.597698139599558,3.8240420326161484
2014-07-01,United States,US,Comparator,Consumption,-0.0904559874613433,3.175502906678851,3.9341355687298574
2014-10-01,United States,US,Comparator,Consumption,0.43175244806226837,3.444426013656887,4.583032123718311
2015-01-01,United States,US,Comparator,Consumption,0.5652365799635228,3.8496409014717514,3.0573538808226886
2015-04-01,United States,US,Comparator,Consumption,0.6159673931577594,3.5795515033637315,2.7436844401840688
2015-07-01,United States,US,Comparator,Consumption,0.6806792157264041,3.2976401776604547,2.80649026591675
2015-10-01,United States,US,Comparator,Consumption,0.45018272439011753,2.5577863144960133,1.623616671060546
2016-01-01,United States,US,Comparator,Consumption,0.5682150208935759,2.545565607728051,3.0084710537508386
2016-04-01,United States,US,Comparator,Consumption,0.432769545590507,2.354445553990736,1.9792042252348097
2016-07-01,United States,US,Comparator,Consumption,0.5007424594868914,2.346034888929971,2.7728476056736895
2016-10-01,United States,US,Comparator,Consumption,0.39572247224742285,2.4544440495564146,2.0572533135663207
2017-01-01,United States,US,Comparator,Consumption,0.5488024688824357,2.468248762729708,3.0636899064440115
2017-04-01,United States,US,Comparator,Consumption,0.43750247128184405,2.468161515922418,1.97885523800565
2017-07-01,United States,US,Comparator,Consumption,0.513785726690215,2.4504231684645106,2.70189421584206
2017-10-01,United States,US,Comparator,Consumption,1.0080830375083676,3.0230525442620504,4.34777081675648
2018-01-01,United States,US,Comparator,Consumption,1.1428797768201415,2.9786270146004767,2.885987787797717
2018-04-01,United States,US,Comparator,Consumption,1.0948849327965153,3.017903154326085,2.1359597969080824
2018-07-01,United States,US,Comparator,Consumption,0.9754955919245758,2.8022537095640843,1.8392964367940579
2018-10-01,United States,US,Comparator,Consumption,0.7083570837140037,2.027242978344468,1.2477278918780144
2019-01-01,United States,US,Comparator,Consumption,0.28446960767364216,1.464024126679142,0.6331123811364137
2019-04-01,United States,US,Comparator,Consumption,0.5450219125563384,1.779527926015767,3.3979749942545823
2019-07-01,United States,US,Comparator,Consumption,1.0742495138923265,2.448507309907555,4.5152139723612095
2019-10-01,United States,US,Comparator,Consumption,1.1136556173905414,2.790390994676173,2.6152626309524862
2020-01-01,United States,US,Comparator,Consumption,-1.22929213384285,0.9232789852426038,-6.835335656597863
2020-04-01,United States,US,Comparator,Consumption,-11.037880282350754,-9.075418136781721,-36.59681349384272
2020-07-01,United States,US,Comparator,Consumption,-3.1047946661531607,-1.5816819531282889,34.49015870697494
2020-10-01,United States,US,Comparator,Consumption,-2.420042589520604,-0.8333225158295932,5.608700380147269
2021-01-01,United States,US,Comparator,Consumption,-0.8989321977815246,3.1379729420141445,9.049846174777088
2021-04-01,United States,US,Comparator,Consumption,1.6396940515755285,15.585528499412327,13.193408735750012
2021-07-01,United States,US,Comparator,Consumption,1.6428005446636245,7.738080849413187,3.1003681069783795
2021-10-01,United States,US,Comparator,Consumption,1.9474631427265021,7.4197231104047745,4.335269424113619
2022-01-01,United States,US,Comparator,Consumption,1.4062729970432792,5.398331778875232,0.9642808486589161
2022-04-01,United States,US,Comparator,Consumption,1.2598305819009898,2.7360566775634254,2.544308330502787
2022-07-01,United States,US,Comparator,Consumption,0.8574728180992572,2.339417985365877,1.5138133381881858
2022-10-01,United States,US,Comparator,Consumption,0.38287370256667147,1.5589240675089044,1.213293752685729
2023-01-01,United States,US,Comparator,Consumption,0.8163866867185452,2.525756623841069,4.831611073987574
2023-04-01,United States,US,Comparator,Consumption,0.29272397590752747,2.1364689167402418,0.9871575020994783
2023-07-01,United States,US,Comparator,Consumption,0.15549249677158405,2.3874038044130685,2.517552888879493
2023-10-01,United States,US,Comparator,Consumption,0.24943967738204767,2.941103128741851,3.428091050000859
2024-01-01,United States,US,Comparator,Consumption,-0.033205699423357465,2.2104718941877266,1.9090861357710764
2024-04-01,United States,US,Comparator,Consumption,-0.09669696149372378,2.6574908443219414,2.7752333026363374
2024-07-01,United States,US,Comparator,Consumption,0.056883437413066895,2.9368858802802933,3.6351330327129006
2024-10-01,United States,US,Comparator,Consumption,0.2923629449091733,3.0689089150493842,3.9561831890772226
2025-01-01,United States,US,Comparator,Consumption,-0.3456280118150869,2.7060718557654795,0.45773789863545744
2025-04-01,United States,US,Comparator,Consumption,-0.7398727061522841,2.369981846710978,1.430873266418331
1975-01-01,United States,US,Comparator,GDP,-1.4724602038208543,NA,NA
1975-04-01,United States,US,Comparator,GDP,-1.8290402925497249,NA,2.8486237887065613
1975-07-01,United States,US,Comparator,GDP,-1.1993017549812328,NA,6.790217143386457
1975-10-01,United States,US,Comparator,GDP,-0.9260335094216022,NA,5.352401073600532
1976-01-01,United States,US,Comparator,GDP,0.23947458757898715,5.9723538944197685,8.898173571985524
1976-04-01,United States,US,Comparator,GDP,-0.07967430599085251,5.990895850473876,2.9227916129229925
1976-07-01,United States,US,Comparator,GDP,-0.5711757651015708,4.839256302388684,2.183658951045686
1976-10-01,United States,US,Comparator,GDP,-0.8728641864156738,4.221161312443655,2.880021113820419
1977-01-01,United States,US,Comparator,GDP,-0.6959339910973805,3.175870435404171,4.717010063827587
1977-04-01,United States,US,Comparator,GDP,0.24861521603558243,4.368478258670194,7.693222905987085
1977-07-01,United States,US,Comparator,GDP,1.0851576056407006,5.609667247714256,7.148414907221934
1977-10-01,United States,US,Comparator,GDP,0.1692552545034306,4.891651776780215,0.007959230084253477
1978-01-01,United States,US,Comparator,GDP,-0.39284022009681074,4.031730993464322,1.2773269305640156
1978-04-01,United States,US,Comparator,GDP,2.5578479546729294,5.9003857092204015,15.167841769011403
1978-07-01,United States,US,Comparator,GDP,2.7613937052499775,5.114009547238396,4.0029102592939125
1978-10-01,United States,US,Comparator,GDP,3.345808591950286,6.447189128920527,5.3406775568127784
1979-01-01,United States,US,Comparator,GDP,2.8215278884773447,6.30729289612475,0.7177419993809053
1979-04-01,United States,US,Comparator,GDP,2.2700554344524253,2.622018046909247,0.42674237214939126
1979-07-01,United States,US,Comparator,GDP,2.394274165006226,2.3613527013051083,2.9602488768773583
1979-10-01,United States,US,Comparator,GDP,2.0658159220991,1.2759163819692887,0.9989322794694999
1980-01-01,United States,US,Comparator,GDP,1.8331953868301696,1.4105582875973965,1.2563096218933367
1980-04-01,United States,US,Comparator,GDP,-0.7714170465357483,-0.7780852312857078,-8.327831703383026
1980-07-01,United States,US,Comparator,GDP,-1.397549241513122,-1.6370728852574956,-0.47570173900979285
1980-10-01,United States,US,Comparator,GDP,-0.04967500710763252,-0.039059157516874166,7.390987190431986
1981-01-01,United States,US,Comparator,GDP,1.3910164788963428,1.5873333711907023,7.7618797367236425
1981-04-01,United States,US,Comparator,GDP,0.14029049692873985,2.925458683337645,-2.9753304547952553
1981-07-01,United States,US,Comparator,GDP,0.8085925068776392,4.234772836816347,4.761554874905016
1981-10-01,United States,US,Comparator,GDP,-0.8324326257786938,1.291447057815276,-4.3823159255723
1982-01-01,United States,US,Comparator,GDP,-2.975747133146106,-2.2148603176898263,-6.263349765296766
1982-04-01,United States,US,Comparator,GDP,-3.1382692631007,-1.0158906512193866,1.8205482110865034
1982-07-01,United States,US,Comparator,GDP,-4.185401265260468,-2.5892787127514083,-1.5319973712230706
1982-10-01,United States,US,Comparator,GDP,-4.860333818022325,-1.4536962064831016,0.16001409950092693
1983-01-01,United States,US,Comparator,GDP,-4.3186070306021165,1.421321584045998,5.2367213968196324
1983-04-01,United States,US,Comparator,GDP,-2.887237979271361,3.216200985765738,9.000065817965464
1983-07-01,United States,US,Comparator,GDP,-1.7738186209592146,5.57843815925434,7.916951322731336
1983-10-01,United States,US,Comparator,GDP,-0.6162610392367387,7.603154461779482,8.258879309601497
1984-01-01,United States,US,Comparator,GDP,0.37810107353358074,8.229906311789037,7.743728796857852
1984-04-01,United States,US,Comparator,GDP,1.1224472629158075,7.692892878199764,6.852012083608372
1984-07-01,United States,US,Comparator,GDP,1.0931840104567514,6.673050589133922,3.8375821664679677
1984-10-01,United States,US,Comparator,GDP,0.9083294089893081,5.425753663918087,3.2696916087381567
1985-01-01,United States,US,Comparator,GDP,0.8624455365611615,4.454133792529724,3.8572493113044004
1985-04-01,United States,US,Comparator,GDP,0.7260853142250728,3.617753139054969,3.5064894697093507
1985-07-01,United States,US,Comparator,GDP,1.2306332910267315,4.174081274879526,6.062894709766198
1985-10-01,United States,US,Comparator,GDP,0.9661031376908734,4.097357555564152,2.962796731476658
1986-01-01,United States,US,Comparator,GDP,0.899607936728909,4.0624626690418,3.7176697652149926
1986-04-01,United States,US,Comparator,GDP,0.36506177201117446,3.6351235701797435,1.7971330742611258
1986-07-01,United States,US,Comparator,GDP,0.3476430072742913,3.0715230922186976,3.808492797922014
1986-10-01,United States,US,Comparator,GDP,-0.07067598671674657,2.8657833140348643,2.139837618741325
1987-01-01,United States,US,Comparator,GDP,-0.26682521741274845,2.6754726555745734,2.956427131373829
1987-04-01,United States,US,Comparator,GDP,-0.10985132724651396,3.2985939134904996,4.289618105924831
1987-07-01,United States,US,Comparator,GDP,-0.14004719518100234,3.209910347317546,3.4537585332302
1987-10-01,United States,US,Comparator,GDP,0.6925345868335695,4.377334675887923,6.809534933022832
1988-01-01,United States,US,Comparator,GDP,0.3642434180936398,4.153779181119788,2.0622051523012885
1988-04-01,United States,US,Comparator,GDP,0.8535273335649133,4.386848422191036,5.2218950702098255
1988-07-01,United States,US,Comparator,GDP,0.6507150648672484,4.1076683093610455,2.3370380819102365
1988-10-01,United States,US,Comparator,GDP,1.2173523471142433,3.7289435810331284,5.294636019711163
1989-01-01,United States,US,Comparator,GDP,1.502170369419107,4.224656664776205,4.045057487273596
1989-04-01,United States,US,Comparator,GDP,1.5662666190631533,3.679385661758161,3.040811058137649
1989-07-01,United States,US,Comparator,GDP,1.6373291642587158,3.8331297617682836,2.9520144819507266
1989-10-01,United States,US,Comparator,GDP,1.1941895313210844,2.706260071258626,0.7871572576725328
1990-01-01,United States,US,Comparator,GDP,1.6650473033992703,2.7819469333273616,4.347804935548538
1990-04-01,United States,US,Comparator,GDP,1.4311811833429031,2.384059035845354,1.4492594682096183
1990-07-01,United States,US,Comparator,GDP,0.9165085277651215,1.7126149375997102,0.2662380889681515
1990-10-01,United States,US,Comparator,GDP,-0.5702090412725123,0.6012495763256354,-3.6583041874237665
1991-01-01,United States,US,Comparator,GDP,-1.608729794147477,-0.9547405724122271,-1.8761556594029116
1991-04-01,United States,US,Comparator,GDP,-1.404961349437909,-0.5403902500583868,3.1066607576249794
1991-07-01,United States,US,Comparator,GDP,-1.482254116086379,-0.10286175287124166,2.016352077716732
1991-10-01,United States,US,Comparator,GDP,-1.728371149490736,1.159653121904114,1.391755311677656
1992-01-01,United States,US,Comparator,GDP,-1.1482248923526395,2.8188338555054315,4.760567275002359
1992-04-01,United States,US,Comparator,GDP,-0.6978777090148932,3.1206355044123057,4.313867353252476
1992-07-01,United States,US,Comparator,GDP,-0.3623279289068429,3.5998077659458616,3.9330411238509555
1992-10-01,United States,US,Comparator,GDP,0.00679360380702234,4.289322396422612,4.149813833584659
1993-01-01,United States,US,Comparator,GDP,-0.5161574534647646,3.265986994902903,0.6672256689235212
1993-04-01,United States,US,Comparator,GDP,-0.6476659803858476,2.7680030229868535,2.3219314655882783
1993-07-01,United States,US,Comparator,GDP,-0.906358896709614,2.2607609094206893,1.9040726695862986
1993-10-01,United States,US,Comparator,GDP,-0.3128865031310456,2.574291599074563,5.403936592200154
1994-01-01,United States,US,Comparator,GDP,-0.12703007717579806,3.3731685390600674,3.862733428865539
1994-04-01,United States,US,Comparator,GDP,0.41759282418868393,4.138769634052331,5.384335845557331
1994-07-01,United States,US,Comparator,GDP,0.17813876330924264,4.245632152740697,2.3315227443397646
1994-10-01,United States,US,Comparator,GDP,0.4744879623931912,4.033706191369468,4.556232746715239
1995-01-01,United States,US,Comparator,GDP,-0.03405274337683808,3.4221772470264256,1.4166176514933682
1995-04-01,United States,US,Comparator,GDP,-0.6187636972092813,2.3739720268910247,1.1915149650157275
1995-07-01,United States,US,Comparator,GDP,-0.6740096666349492,2.638216805339688,3.3885018581344184
1995-10-01,United States,US,Comparator,GDP,-0.9188748649969569,2.1759470282502136,2.7071536383573402
1996-01-01,United States,US,Comparator,GDP,-1.112632887814136,2.5680495535805647,2.985027752814773
1996-04-01,United States,US,Comparator,GDP,-0.4153274033006759,3.9243574932173786,6.616746723562983
1996-07-01,United States,US,Comparator,GDP,-0.4938483498065729,3.9702680006435287,3.572143887839019
1996-10-01,United States,US,Comparator,GDP,-0.4446154097804749,4.326495078739256,4.132061950740251
1997-01-01,United States,US,Comparator,GDP,-0.7944973661479411,4.223605612906667,2.5734698894844144
1997-04-01,United States,US,Comparator,GDP,-0.14267031921113937,4.2209256560260755,6.606026896040618
1997-07-01,United States,US,Comparator,GDP,0.09558995717435159,4.5687266922612935,4.963348032779891
1997-10-01,United States,US,Comparator,GDP,-0.05602437174408604,4.38594829965524,3.400948380316038
1998-01-01,United States,US,Comparator,GDP,-0.05484047061136933,4.74132822577733,3.9949895939727753
1998-04-01,United States,US,Comparator,GDP,-0.12308719918584753,4.011252709858937,3.6857248323670433
1998-07-01,United States,US,Comparator,GDP,0.14983228198761633,4.021495649458018,5.004319791176215
1998-10-01,United States,US,Comparator,GDP,0.7832843733160356,4.767644803431459,6.385544996209802
1999-01-01,United States,US,Comparator,GDP,0.7742417329060711,4.703947419681143,3.74020005897151
1999-04-01,United States,US,Comparator,GDP,0.6833929042246011,4.613792894548219,3.3251067318353478
1999-07-01,United States,US,Comparator,GDP,1.103048074605666,4.679884745404728,5.268687194602251
1999-10-01,United States,US,Comparator,GDP,1.8597070460343434,4.7108505933865175,6.509408388136961
2000-01-01,United States,US,Comparator,GDP,1.3795009792589523,4.1379389205634,1.4485533676790396
2000-04-01,United States,US,Comparator,GDP,2.3707677782002814,5.11156183098791,7.219598373533387
2000-07-01,United States,US,Comparator,GDP,1.687227977613822,3.8962707027090815,0.40752268148693815
2000-10-01,United States,US,Comparator,GDP,1.523303793502283,2.8641835896683787,2.3810599359741502
2001-01-01,United States,US,Comparator,GDP,0.45897173971482225,2.173706597329783,-1.3133546016753428
2001-04-01,United States,US,Comparator,GDP,0.3647474895722099,0.9913679954236088,2.4902439659086895
2001-07-01,United States,US,Comparator,GDP,-0.7385479548054942,0.488043420870099,-1.605775616727101
2001-10-01,United States,US,Comparator,GDP,-1.1555695908477195,0.16717706711233404,1.0975945209430904
2002-01-01,United States,US,Comparator,GDP,-1.0077174698336886,1.3283976659394625,3.331527793633171
2002-04-01,United States,US,Comparator,GDP,-1.0788396845558441,1.3166724522905682,2.443343111313112
2002-07-01,United States,US,Comparator,GDP,-1.3547258407004745,2.1238051386555767,1.6227551287329334
2002-10-01,United States,US,Comparator,GDP,-1.914404883672153,1.9729338553718279,0.4941093878080949
2003-01-01,United States,US,Comparator,GDP,-2.0751490822370324,1.665313352086173,2.1010457804905514
2003-04-01,United States,US,Comparator,GDP,-1.8822022455309249,1.9362006075310134,3.526892133092474
2003-07-01,United States,US,Comparator,GDP,-0.9229044238463151,3.1800307274181705,6.598075608281562
2003-10-01,United States,US,Comparator,GDP,-0.4580316378464586,4.210540085206382,4.616146818960942
2004-01-01,United States,US,Comparator,GDP,-0.5780075103221667,4.2503306639739336,2.260208095560756
2004-04-01,United States,US,Comparator,GDP,-0.483569261916692,4.1405726225949735,3.087859967576634
2004-07-01,United States,US,Comparator,GDP,-0.2057441895413287,3.4351779983147424,3.776497111160637
2004-10-01,United States,US,Comparator,GDP,0.1582506019436004,3.296179136414956,4.060151371361798
2005-01-01,United States,US,Comparator,GDP,0.6298772259241778,3.8343834276977518,4.4130252606919385
2005-04-01,United States,US,Comparator,GDP,0.5131329629854461,3.5538322044164516,1.9656550744514334
2005-07-01,United States,US,Comparator,GDP,0.7128706336925403,3.3904673430328103,3.1230376656260717
2005-10-01,United States,US,Comparator,GDP,0.7163070828692785,2.9294074911067725,2.2159119636576463
2006-01-01,United States,US,Comparator,GDP,1.5355591867829022,3.1625662436598034,5.345660270904062
2006-04-01,United States,US,Comparator,GDP,1.312644054666046,2.929571046780488,1.033674286934172
2006-07-01,United States,US,Comparator,GDP,1.0184729525320944,2.298654014583512,0.599369536838168
2006-10-01,United States,US,Comparator,GDP,1.4682277952481233,2.600453580210882,3.4231102261671253
2007-01-01,United States,US,Comparator,GDP,1.4006139250685203,1.564422574197799,1.201536246851731
2007-04-01,United States,US,Comparator,GDP,1.679655433620749,1.9159022939323478,2.439593165872367
2007-07-01,United States,US,Comparator,GDP,1.9585550837497752,2.340434210450759,2.2974972029118135
2007-10-01,United States,US,Comparator,GDP,2.321925307953491,2.1109281977004457,2.5050861751658715
2008-01-01,United States,US,Comparator,GDP,1.659886867208249,1.3828665820518893,-1.7107102157424947
2008-04-01,United States,US,Comparator,GDP,2.042244897729284,1.3666308766868696,2.374650344412288
2008-07-01,United States,US,Comparator,GDP,1.3208327684867762,0.2656142019134222,-2.106569496181976
2008-10-01,United States,US,Comparator,GDP,-1.0785425808185787,-2.5739998024677746,-8.853369842358916
2009-01-01,United States,US,Comparator,GDP,-2.4058251934269905,-3.2876853845223764,-4.565452543960902
2009-04-01,United States,US,Comparator,GDP,-2.778390115660465,-4.060157463067249,-0.7152379697672018
2009-07-01,United States,US,Comparator,GDP,-2.6358500727388745,-3.1829379386099532,1.4023086016472064
2009-10-01,United States,US,Comparator,GDP,-1.7877657757245629,0.10551683488557728,4.300449251623206
2010-01-01,United States,US,Comparator,GDP,-1.553515502356901,1.730210992943526,1.9333240882708935
2010-04-01,United States,US,Comparator,GDP,-0.8636584724021519,2.871955467646181,3.8517399290434184
2010-07-01,United States,US,Comparator,GDP,-0.39357988142244527,3.289505587734709,3.072509082001318
2010-10-01,United States,US,Comparator,GDP,-0.19329666077574392,2.7381296392739785,2.094945457780284
2011-01-01,United States,US,Comparator,GDP,-0.7798286920941613,2.0173119436012854,-0.9499466944198787
2011-04-01,United States,US,Comparator,GDP,-0.4802294560803978,1.7286807082070865,2.697214987466623
2011-07-01,United States,US,Comparator,GDP,-0.9024867176354737,0.9382393864358463,-0.08925620508364318
2011-10-01,United States,US,Comparator,GDP,-0.21015836212767094,1.5312926900957535,4.467158672419913
2012-01-01,United States,US,Comparator,GDP,0.17723989489180567,2.6038723843136324,3.340372082451637
2012-04-01,United States,US,Comparator,GDP,0.15307045371907613,2.3749114105708458,1.7813710924954762
2012-07-01,United States,US,Comparator,GDP,-0.19303075592710506,2.5411486918365256,0.5756929199790761
2012-10-01,United States,US,Comparator,GDP,-0.5867841230121481,1.5399327653065953,0.46229496630019185
2013-01-01,United States,US,Comparator,GDP,-0.13235777359232004,1.6865656712450772,3.9269037062055645
2013-04-01,United States,US,Comparator,GDP,-0.40865292273057924,1.5085028539614243,1.0691198233608645
2013-07-01,United States,US,Comparator,GDP,-0.11893536539952457,2.212368149890054,3.3911541036935944
2013-10-01,United States,US,Comparator,GDP,0.17849800864535614,2.9647595422563455,3.4718605357653587
2014-01-01,United States,US,Comparator,GDP,-0.7480790607231308,1.637339690623918,-1.3827757003241459
2014-04-01,United States,US,Comparator,GDP,-0.05374562107662655,2.653629857450923,5.1342804906688855
2014-07-01,United States,US,Comparator,GDP,0.5591943716124417,3.013906150899892,4.83225927748947
2014-10-01,United States,US,Comparator,GDP,0.4651389834262955,2.6503996130344376,2.0178343843035407
2015-01-01,United States,US,Comparator,GDP,0.7618401092315147,3.8925483161598606,3.5858191121775462
2015-04-01,United States,US,Comparator,GDP,0.7802002184102019,3.226472845150674,2.4699786066321394
2015-07-01,United States,US,Comparator,GDP,0.5825125600928663,2.417853172511819,1.59778058693405
2015-10-01,United States,US,Comparator,GDP,0.17258566771320336,2.09770374914644,0.7372366908420247
2016-01-01,United States,US,Comparator,GDP,0.15962392661295197,1.7790956229491783,2.311386607388499
2016-04-01,United States,US,Comparator,GDP,-0.1067231126156067,1.4822115867273666,1.2824424617448926
2016-07-01,United States,US,Comparator,GDP,0.017378142129551154,1.789651309935536,2.8275394797667275
2016-10-01,United States,US,Comparator,GDP,-0.008072901846592007,2.1581106658461024,2.2110741144842905
2017-01-01,United States,US,Comparator,GDP,-0.0956395259328678,2.0659737781183907,1.942839056477652
2017-04-01,United States,US,Comparator,GDP,-0.10527744683365511,2.303674258239674,2.2332443822300263
2017-07-01,United States,US,Comparator,GDP,0.11797537092416788,2.3822198887071266,3.1417220016365377
2017-10-01,United States,US,Comparator,GDP,0.6828215594830745,2.9501941370254414,4.48297110775755
2018-01-01,United States,US,Comparator,GDP,0.9437625439483568,3.274604825623939,3.2404818108716427
2018-04-01,United States,US,Comparator,GDP,0.9307296907818232,3.245713962642327,2.117680930303578
2018-07-01,United States,US,Comparator,GDP,1.016182880864561,3.0820439447557746,2.487041930090328
2018-10-01,United States,US,Comparator,GDP,0.6264030847815021,2.102845166134948,0.5661759932742427
2019-01-01,United States,US,Comparator,GDP,0.7206436484536349,1.9151029830174693,2.4895130784017283
2019-04-01,United States,US,Comparator,GDP,1.0251809046880422,2.217360535623847,3.3267111407290884
2019-07-01,United States,US,Comparator,GDP,1.6596075262718317,2.7588093404256497,4.6528371492975396
2019-10-01,United States,US,Comparator,GDP,1.8054662687052656,3.296828938912455,2.7182543872214637
2020-01-01,United States,US,Comparator,GDP,-0.13970457109236614,1.2722241790601885,-5.608905961007338
2020-04-01,United States,US,Comparator,GDP,-8.936592078781237,-7.798711546130832,-32.957031760034994
2020-07-01,United States,US,Comparator,GDP,-1.9754839402350053,-1.423139501491022,30.15512532785678
2020-10-01,United States,US,Comparator,GDP,-1.4940892420906493,-1.0238185434419123,4.315538219417903
2021-01-01,United States,US,Comparator,GDP,-0.7391858246877121,1.749156244306782,5.48299318998744
2021-04-01,United States,US,Comparator,GDP,0.18685687935577483,11.546261346152065,6.231388647346137
2021-07-01,United States,US,Comparator,GDP,0.3911834545673059,4.856713188066486,3.396932695514465
2021-10-01,United States,US,Comparator,GDP,1.523009259872313,5.564922526782645,7.1483755742825394
2022-01-01,United States,US,Comparator,GDP,0.6020893921205748,3.9363877777818246,-1.031145806015843
2022-04-01,United States,US,Comparator,GDP,0.002789757803585728,2.4486954450292586,0.2806193163358728
2022-07-01,United States,US,Comparator,GDP,-8.655045860908595e-4,2.270414544356214,2.683809092822287
2022-10-01,United States,US,Comparator,GDP,0.14496124074723984,1.3077417725481766,3.2976844870503896
2023-01-01,United States,US,Comparator,GDP,0.15320695048068045,2.2551883787482296,2.7586406187843693
2023-04-01,United States,US,Comparator,GDP,0.07518693544319548,2.790171876597647,2.4205533077335417
2023-07-01,United States,US,Comparator,GDP,0.4570886560672182,3.1850431458140704,4.263294169687981
2023-10-01,United States,US,Comparator,GDP,0.5589148372587123,3.1462000815215774,3.1423122298804174
2024-01-01,United States,US,Comparator,GDP,0.27996653884068684,2.860525814230286,1.6159435496192032
2024-04-01,United States,US,Comparator,GDP,0.33441014553242476,2.991649166192545,2.9450467155825777
2024-07-01,United States,US,Comparator,GDP,0.41047235204241794,2.6824663447891695,3.0265628840744796
2024-10-01,United States,US,Comparator,GDP,0.33627848869420124,2.5021189430487922,2.4209226229189085
2025-01-01,United States,US,Comparator,GDP,-0.4682802144931121,1.9721869835885641,-0.5037842882217092
2025-04-01,United States,US,Comparator,GDP,-0.41537024959990115,1.9671882943120167,2.925051958476388
1975-01-01,United States,US,Comparator,Investment,-0.4520077921245138,NA,NA
1975-04-01,United States,US,Comparator,Investment,-4.609819209383869,NA,-9.208707703857755
1975-07-01,United States,US,Comparator,Investment,-2.89422166193386,NA,14.283798135499381
1975-10-01,United States,US,Comparator,Investment,-2.304426977791903,NA,9.766802095283111
1976-01-01,United States,US,Comparator,Investment,-0.5935546250823839,7.26483264695883,14.217438060910581
1976-04-01,United States,US,Comparator,Investment,-2.4018099200323086,9.587409966055027,0.0816015725270347
1976-07-01,United States,US,Comparator,Investment,-3.5554164165745803,6.669894380366692,2.6137357927460414
1976-10-01,United States,US,Comparator,Investment,-2.136295071635298,7.424455502744642,12.785046584794912
1977-01-01,United States,US,Comparator,Investment,-0.7240473038423387,7.019076877723229,12.595923560824929
1977-04-01,United States,US,Comparator,Investment,2.0064714575338503,11.41367896973815,17.66000994058672
1977-07-01,United States,US,Comparator,Investment,1.0985802341997344,11.47229337398361,2.848193409727884
1977-10-01,United States,US,Comparator,Investment,0.6321030170256848,9.35390923367212,4.311510023548948
1978-01-01,United States,US,Comparator,Investment,-0.33744511266382143,6.693795992078755,1.9554705944514694
1978-04-01,United States,US,Comparator,Investment,5.489703539703767,9.468459965174425,28.7586658329694
1978-07-01,United States,US,Comparator,Investment,6.921173691752693,11.444331667374819,10.751680218529458
1978-10-01,United States,US,Comparator,Investment,7.99691855859045,12.585842161465699,8.87755199991247
1979-01-01,United States,US,Comparator,Investment,6.620047940364346,11.74852712572978,-1.393789548492208
1979-04-01,United States,US,Comparator,Investment,6.002601655021468,4.857202652715031,1.1933679409104059
1979-07-01,United States,US,Comparator,Investment,7.478479522265852,4.455036246832478,9.143014594999244
1979-10-01,United States,US,Comparator,Investment,6.024857600460225,1.4964637149912363,-2.956738127452496
1980-01-01,United States,US,Comparator,Investment,4.9809379611593245,1.435138608396258,-1.639089974872121
1980-04-01,United States,US,Comparator,Investment,-3.144324051152546,-6.41569480471631,-30.209965711539866
1980-07-01,United States,US,Comparator,Investment,-3.2573790400607052,-8.281082649673976,1.681463215168577
1980-10-01,United States,US,Comparator,Investment,-0.6783620443921766,-4.448748554271198,12.372598254158618
1981-01-01,United States,US,Comparator,Investment,0.1742721281491888,-2.6734718399724855,5.462016882322729
1981-04-01,United States,US,Comparator,Investment,-0.330999177102307,4.902957539588115,0.09575180670253758
1981-07-01,United States,US,Comparator,Investment,-1.2081892190289254,4.1686608084839705,-1.2557237092480023
1981-10-01,United States,US,Comparator,Investment,-1.5536224138605095,1.3448907967289259,1.0775182071384393
1982-01-01,United States,US,Comparator,Investment,-4.944103713824845,-2.7279796891461316,-10.829465061177501
1982-04-01,United States,US,Comparator,Investment,-7.941112689764558,-4.981731651994359,-8.919256044690371
1982-07-01,United States,US,Comparator,Investment,-10.698890866933027,-6.561616429764072,-7.575262820326856
1982-10-01,United States,US,Comparator,Investment,-10.98693017262866,-6.150580926046878,2.721660222007216
1983-01-01,United States,US,Comparator,Investment,-10.20729683346813,-1.589597496284334,7.414468657872675
1983-04-01,United States,US,Comparator,Investment,-8.263815569879238,3.7573818115363977,12.468661186592556
1983-07-01,United States,US,Comparator,Investment,-4.46501370675494,10.711174803673984,20.23990914822349
1983-10-01,United States,US,Comparator,Investment,-1.1070702224444569,14.719996345675845,18.75694639001466
1984-01-01,United States,US,Comparator,Investment,0.4725392212927846,15.82723509222248,11.843423644059214
1984-04-01,United States,US,Comparator,Investment,2.644088058462125,16.2919622000393,14.327569617859837
1984-07-01,United States,US,Comparator,Investment,3.120916855058071,13.127693459840017,7.582834187426357
1984-10-01,United States,US,Comparator,Investment,4.2742724089641415,11.00031998745159,10.247452500460952
1985-01-01,United States,US,Comparator,Investment,3.8453853150400423,8.991754585688305,3.8091620370060753
1985-04-01,United States,US,Comparator,Investment,4.5589010146092175,7.462939147208125,8.212307863939117
1985-07-01,United States,US,Comparator,Investment,3.6096881388534596,5.904079651346805,1.3473962039810772
1985-10-01,United States,US,Comparator,Investment,3.8987399673192336,4.854797252013299,6.050322903126926
1986-01-01,United States,US,Comparator,Investment,3.2357793917490127,4.393764400388811,1.9650306305081244
1986-04-01,United States,US,Comparator,Investment,2.668469945707377,2.8539446352368714,2.053028803331358
1986-07-01,United States,US,Comparator,Investment,2.3130829458954847,3.1663050848971253,2.5968380026220927
1986-10-01,United States,US,Comparator,Investment,1.7388720929562007,2.0074890938683865,1.4150589390119706
1987-01-01,United States,US,Comparator,Investment,-0.1299766089334596,0.49953231974182444,-4.066796465998124
1987-04-01,United States,US,Comparator,Investment,0.7156979819396802,1.6101549984011143,6.495519517968518
1987-07-01,United States,US,Comparator,Investment,1.638240717530947,2.589549695335336,6.514416790358979
1987-10-01,United States,US,Comparator,Investment,1.0475916984031657,2.2813013582217323,0.18206559055755633
1988-01-01,United States,US,Comparator,Investment,-0.22705982782290912,2.592890001868753,-2.8204418914100415
1988-04-01,United States,US,Comparator,Investment,1.0271035490942368,2.7300166159228922,7.044025974185075
1988-07-01,United States,US,Comparator,Investment,0.8208133568561247,1.3430519202366042,0.9665580076138269
1988-10-01,United States,US,Comparator,Investment,1.6176472167234774,2.487812108093479,4.761106341985055
1989-01-01,United States,US,Comparator,Investment,1.8868454706306037,3.8060160542924493,2.4523738933858397
1989-04-01,United States,US,Comparator,Investment,1.8118370828428942,2.2702993780416847,0.9011592691820169
1989-07-01,United States,US,Comparator,Investment,3.3651360978961042,3.845789852171144,7.268519904131665
1989-10-01,United States,US,Comparator,Investment,2.118630135010317,1.6446331890946908,-4.043520310320758
1990-01-01,United States,US,Comparator,Investment,3.530190364259083,2.660886133119078,6.517385669483389
1990-04-01,United States,US,Comparator,Investment,1.7168822373884791,0.8339242022165294,-6.406688454428178
1990-07-01,United States,US,Comparator,Investment,0.9389496402278409,-1.5417566412693873,-2.2342034698120017
1990-10-01,United States,US,Comparator,Investment,-1.1737977696327229,-2.4015275846970496,-7.482604084031408
1991-01-01,United States,US,Comparator,Investment,-4.003340827332616,-6.580050225543843,-10.196704893903785
1991-04-01,United States,US,Comparator,Investment,-3.7613606728551137,-4.4029385152439815,2.3017583867712688
1991-07-01,United States,US,Comparator,Investment,-4.165529434373306,-3.849684284499588,-0.021186546834428555
1991-10-01,United States,US,Comparator,Investment,-4.562938155215513,-1.902187952747525,0.3073812429768452
1992-01-01,United States,US,Comparator,Investment,-3.7369218283077323,2.0300063042855143,5.532072134228372
1992-04-01,United States,US,Comparator,Investment,-2.211846066626586,3.6239057829250854,8.677356301329553
1992-07-01,United States,US,Comparator,Investment,-2.378836495796413,4.195915266913275,2.2668513891183295
1992-10-01,United States,US,Comparator,Investment,-1.155504576319886,6.166341066897907,8.189084442915373
1993-01-01,United States,US,Comparator,Investment,-2.0202474260716703,4.832064468839015,0.19496574199280303
1993-04-01,United States,US,Comparator,Investment,-1.366887841609682,4.317701346050917,6.6199038101771635
1993-07-01,United States,US,Comparator,Investment,-1.4853080286659874,4.7196410968229685,3.8746103922065345
1993-10-01,United States,US,Comparator,Investment,0.6459950227287805,5.972672268914714,13.201209131282354
1994-01-01,United States,US,Comparator,Investment,-0.5471693800640844,5.97723382014177,0.2132119469010263
1994-04-01,United States,US,Comparator,Investment,0.03963703785518635,6.228945291790744,7.626749696773061
1994-07-01,United States,US,Comparator,Investment,-0.022264610289382536,6.587289146425412,5.307985810745208
1994-10-01,United States,US,Comparator,Investment,0.17626462156441342,4.939059541796098,6.608290712765097
1995-01-01,United States,US,Comparator,Investment,0.5514784339492006,6.774773494868036,7.556067759188778
1995-04-01,United States,US,Comparator,Investment,-0.9981549761500959,4.888239970019548,0.08061559737910784
1995-07-01,United States,US,Comparator,Investment,-1.8189127796607725,4.3623263802762935,3.204331451772191
1995-10-01,United States,US,Comparator,Investment,-2.067466165052911,4.131039668274106,5.683143864756346
1996-01-01,United States,US,Comparator,Investment,-1.2493293227913185,4.771306115077856,10.117133546403778
1996-04-01,United States,US,Comparator,Investment,-0.32442418225996517,7.422027434639311,10.68350087562493
1996-07-01,United States,US,Comparator,Investment,-0.12082272200165901,8.597575154815651,7.90652233247755
1996-10-01,United States,US,Comparator,Investment,-0.466548919100561,8.623183904211729,5.785578862340657
1997-01-01,United States,US,Comparator,Investment,-1.1137399148533111,7.2498794555006185,4.623915751559338
1997-04-01,United States,US,Comparator,Investment,-1.2149392553088965,6.283689488800981,6.818741008826379
1997-07-01,United States,US,Comparator,Investment,0.22288724569498666,7.544454208981577,12.949581213199934
1997-10-01,United States,US,Comparator,Investment,-0.9959133997953281,6.66272207341585,2.2586503200777486
1998-01-01,United States,US,Comparator,Investment,-0.343663642082331,7.916700060070703,9.639827698178749
1998-04-01,United States,US,Comparator,Investment,1.1784076545940867,9.455764284927604,12.974997908253982
1998-07-01,United States,US,Comparator,Investment,1.6569646462452798,8.37208744967839,8.614873872203077
1998-10-01,United States,US,Comparator,Investment,1.9888448252620115,9.75819860832896,7.803094954680034
1999-01-01,United States,US,Comparator,Investment,2.167727300281235,9.081034191855686,6.9311700322856495
1999-04-01,United States,US,Comparator,Investment,2.801161228332405,7.952172567455307,8.459551410652466
1999-07-01,United States,US,Comparator,Investment,3.618250955781683,8.018423890749204,8.879879165378668
1999-10-01,United States,US,Comparator,Investment,3.228618548508297,6.99795692147589,3.721227077586775
2000-01-01,United States,US,Comparator,Investment,4.438536575653417,7.709975110333112,9.779242787714537
2000-04-01,United States,US,Comparator,Investment,4.844902178142013,7.151211289987103,6.224496129268431
2000-07-01,United States,US,Comparator,Investment,4.06327862379395,5.21692848645916,1.142747951266898
2000-10-01,United States,US,Comparator,Investment,3.580628859667333,4.794549023589489,2.0317092261080916
2001-01-01,United States,US,Comparator,Investment,2.4067092943996955,2.0979163258282085,-1.0072880033305864
2001-04-01,United States,US,Comparator,Investment,1.286829331423019,0.286022247080453,-1.0230801857225913
2001-07-01,United States,US,Comparator,Investment,-0.7928121746415958,-1.2611879265049808,-5.046092743074837
2001-10-01,United States,US,Comparator,Investment,-2.633342711598778,-2.8247187259724527,-4.222413971761796
2002-01-01,United States,US,Comparator,Investment,-3.7140052754569393,-2.889518708898642,-1.266487935035343
2002-04-01,United States,US,Comparator,Investment,-4.449577117026599,-2.6155074146887003,0.0729649911171748
2002-07-01,United States,US,Comparator,Investment,-5.006424039787777,-1.15890783321273,0.7803055828290439
2002-10-01,United States,US,Comparator,Investment,-5.814648143909289,-0.1559381626341505,-0.21053528944747768
2003-01-01,United States,US,Comparator,Investment,-5.846403609734739,0.8906133194969357,2.9197179934890016
2003-04-01,United States,US,Comparator,Investment,-4.681804143375824,2.8035447487692267,7.724690708206339
2003-07-01,United States,US,Comparator,Investment,-2.4663673984401258,5.590506116986127,11.928151055696645
2003-10-01,United States,US,Comparator,Investment,-1.6809859348733067,7.1873636644102845,6.1768949002491524
2004-01-01,United States,US,Comparator,Investment,-2.6673575107220673,6.212818048778956,-0.9784644690363109
2004-04-01,United States,US,Comparator,Investment,-1.061441918546683,6.601850957964572,9.280822344948803
2004-07-01,United States,US,Comparator,Investment,-0.053294825455678374,5.302739056599037,6.731703450234505
2004-10-01,United States,US,Comparator,Investment,0.7732190964207692,5.207587637021227,5.796289221937911
2005-01-01,United States,US,Comparator,Investment,1.6772484882240404,6.91382867330077,5.846499676081862
2005-04-01,United States,US,Comparator,Investment,2.668581244032152,6.065329305101841,5.886824872153085
2005-07-01,United States,US,Comparator,Investment,3.7107282839880447,5.816490951451492,5.736350035633109
2005-10-01,United States,US,Comparator,Investment,3.8332806980768614,4.7839354707170045,1.6660672989999625
2006-01-01,United States,US,Comparator,Investment,5.604662351642934,5.282456697796611,7.84058458440029
2006-04-01,United States,US,Comparator,Investment,5.2314269845581824,3.5162516276807665,-1.177995408310295
2006-07-01,United States,US,Comparator,Investment,4.512996663804565,1.3311171900696195,-3.0041877148114793
2006-10-01,United States,US,Comparator,Investment,4.194399842463292,0.45397830950815177,-1.8424882232459083
2007-01-01,United States,US,Comparator,Investment,4.4608647938283905,-1.4863716268676441,0.07918483889710615
2007-04-01,United States,US,Comparator,Investment,5.532061012906587,-0.46460218527126784,2.90908235807521
2007-07-01,United States,US,Comparator,Investment,5.544126592795049,-0.1324975344099144,-1.6757691113660655
2007-10-01,United States,US,Comparator,Investment,5.485879809190662,-0.23458015022210787,-2.250818686494682
2008-01-01,United States,US,Comparator,Investment,4.72358438355633,-1.5774824268877552,-5.292424267765483
2008-04-01,United States,US,Comparator,Investment,5.0178613088933295,-2.607113533781913,-1.2094420695014207
2008-07-01,United States,US,Comparator,Investment,3.69983393756399,-4.115184679265305,-7.708053693299632
2008-10-01,United States,US,Comparator,Investment,-1.2289766255937917,-9.07601087663803,-22.094123475985583
2009-01-01,United States,US,Comparator,Investment,-7.222698213396085,-14.298154205529379,-26.18099758333088
2009-04-01,United States,US,Comparator,Investment,-9.189392952377515,-16.44266509609764,-9.787485631774473
2009-07-01,United States,US,Comparator,Investment,-8.435611227177905,-14.14705102259024,1.4744026007299738
2009-10-01,United States,US,Comparator,Investment,-7.991543069768535,-8.451736392974851,0.6871350424759726
2010-01-01,United States,US,Comparator,Investment,-8.203398911591115,-2.2651017302639076,-1.4344589324871038
2010-04-01,United States,US,Comparator,Investment,-5.026633882773829,3.344935433534957,12.652663023420985
2010-07-01,United States,US,Comparator,Investment,-4.761977140557011,3.363058859470769,1.546896304473222
2010-10-01,United States,US,Comparator,Investment,-3.7691746668167685,4.4411768557063525,4.999607027418307
2011-01-01,United States,US,Comparator,Investment,-4.730448232749679,4.227038361858959,-2.291012907876677
2011-04-01,United States,US,Comparator,Investment,-3.6976397566379147,2.6106558493985688,6.187132973579423
2011-07-01,United States,US,Comparator,Investment,-1.297978645720156,5.254098922124939,12.120668595378703
2011-10-01,United States,US,Comparator,Investment,-0.1041797306788883,5.933799206358792,7.718408164353718
2012-01-01,United States,US,Comparator,Investment,1.1020238546995305,8.541810813696848,8.14103352147555
2012-04-01,United States,US,Comparator,Investment,1.7006516569080532,8.503851304935495,6.035294938534008
2012-07-01,United States,US,Comparator,Investment,0.5268210968876336,5.279768899330328,-0.7756610270419628
2012-10-01,United States,US,Comparator,Investment,0.6557899051226612,4.5184114812578,4.672978492063606
2013-01-01,United States,US,Comparator,Investment,0.7400128471621911,3.65598277310184,4.691318688851709
2013-04-01,United States,US,Comparator,Investment,0.395254555847868,2.930718665282228,3.13423850725556
2013-07-01,United States,US,Comparator,Investment,0.7923735383426854,4.680624791212296,6.223963476678307
2013-10-01,United States,US,Comparator,Investment,0.8000191920747968,4.700541491838983,4.752645294570357
2014-01-01,United States,US,Comparator,Investment,0.1683619889177604,4.0897991177658355,2.248349192559118
2014-04-01,United States,US,Comparator,Investment,1.741949363383028,6.078885258246025,11.090583069176319
2014-07-01,United States,US,Comparator,Investment,2.292681725230882,6.270189321673847,6.989179730389594
2014-10-01,United States,US,Comparator,Investment,2.4249229330772706,6.401614959288793,5.27834784503014
2015-01-01,United States,US,Comparator,Investment,1.4835527188424968,6.070998313806086,0.9258826106282925
2015-04-01,United States,US,Comparator,Investment,1.7211576787376892,4.690520994432035,5.568673791680112
2015-07-01,United States,US,Comparator,Investment,1.6227553855691121,3.9782646059254745,4.140154176363353
2015-10-01,United States,US,Comparator,Investment,0.41742340637542474,2.56389430361903,-0.3791333641956385
2016-01-01,United States,US,Comparator,Investment,0.37166003378712176,3.373561391170554,4.16455096083439
2016-04-01,United States,US,Comparator,Investment,-0.2377114520987593,2.434780608209408,1.8135506598355278
2016-07-01,United States,US,Comparator,Investment,-0.36358571172838416,2.3122228442984394,3.649923120719478
2016-10-01,United States,US,Comparator,Investment,-0.45510418479313175,3.329027922316108,3.6880869478750355
2017-01-01,United States,US,Comparator,Investment,-0.2648713077763997,3.4662104795712523,4.713281189854968
2017-04-01,United States,US,Comparator,Investment,-0.18225072996315775,4.057155623360131,4.177331234991044
2017-07-01,United States,US,Comparator,Investment,-0.3791189213544176,3.8820557487175833,2.949523622149286
2017-10-01,United States,US,Comparator,Investment,1.0565471307444514,5.301284175570764,9.365000655287758
2018-01-01,United States,US,Comparator,Investment,1.671803205512889,5.613700278867562,5.962945603042158
2018-04-01,United States,US,Comparator,Investment,1.9673566144238694,5.709518960723159,4.560605962413433
2018-07-01,United States,US,Comparator,Investment,1.4946642176769716,5.313427914266278,1.3651594363217612
2018-10-01,United States,US,Comparator,Investment,0.7517689273944675,3.0141449064428727,0.1678686239941385
2019-01-01,United States,US,Comparator,Investment,0.7355354995953198,2.2653478960727114,2.9677575615615126
2019-04-01,United States,US,Comparator,Investment,1.512731103068994,2.6367752360753727,6.046315322424078
2019-07-01,United States,US,Comparator,Investment,1.932554791886417,3.429262448609194,4.535108286457046
2019-10-01,United States,US,Comparator,Investment,1.0446471630530747,3.1972164058997166,-0.7603155468437706
2020-01-01,United States,US,Comparator,Investment,0.19191390891578436,2.289760913225969,-0.6620644091334782
2020-04-01,United States,US,Comparator,Investment,-6.971016407209889,-5.7019767170373825,-25.920635198629327
2020-07-01,United States,US,Comparator,Investment,-2.5501173623857616,-1.730242961668793,20.422043307931403
2020-10-01,United States,US,Comparator,Investment,0.0014361112491215189,1.699770462347594,12.959738149221778
2021-01-01,United States,US,Comparator,Investment,0.8289821124559338,3.3853181034901425,6.080126155436716
2021-04-01,United States,US,Comparator,Investment,0.9750241331603589,10.70844502552557,3.371872489512384
2021-07-01,United States,US,Comparator,Investment,-0.33982826339318695,4.9903026715439225,-2.450526107995188
2021-10-01,United States,US,Comparator,Investment,-0.5293813378039322,2.2697942912065727,2.0777046278723788
2022-01-01,United States,US,Comparator,Investment,0.4004328341851698,2.3965657188178113,6.58721186588167
2022-04-01,United States,US,Comparator,Investment,0.040636575491174824,1.9197200332717657,1.4644897473282015
2022-07-01,United States,US,Comparator,Investment,-1.1257084197292409,2.102025770084559,-1.7213031607440143
2022-10-01,United States,US,Comparator,Investment,-1.8422540116021062,1.6133697421096826,0.12308051597287317
2023-01-01,United States,US,Comparator,Investment,-1.7506573640198049,0.8172680984802838,3.402805291364075
2023-04-01,United States,US,Comparator,Investment,-0.331899157871335,2.6401385272517786,8.75597146241418
2023-07-01,United States,US,Comparator,Investment,-0.19928925816955761,3.982685729742208,3.6488856492177035
2023-10-01,United States,US,Comparator,Investment,0.2698557008007504,5.2080883574470604,5.024691026792283
2024-01-01,United States,US,Comparator,Investment,0.8408502074208087,5.720740500270161,5.453413862656475
2024-04-01,United States,US,Comparator,Investment,0.7869130677624943,4.2735841513728445,2.9673460668249163
2024-07-01,United States,US,Comparator,Investment,0.7155134091534596,4.087760501528237,2.9055910498392734
2024-10-01,United States,US,Comparator,Investment,-0.1580037028034642,2.756992706697581,-0.298380152530342
2025-01-01,United States,US,Comparator,Investment,0.6857601237257414,3.036997878074388,6.5734345481637035
2025-04-01,United States,US,Comparator,Investment,0.1953092880428544,2.604427404502019,1.2370641725354403
1990-10-01,Vietnam,VN,ASEAN,GDP,1.5974512368803837,NA,NA
1991-01-01,Vietnam,VN,ASEAN,GDP,0.9628353797076203,NA,5.408489304329578
1991-04-01,Vietnam,VN,ASEAN,GDP,0.33750141071323275,NA,5.449610485135281
1991-07-01,Vietnam,VN,ASEAN,GDP,-0.2028740796606568,NA,5.7998387442509625
1991-10-01,Vietnam,VN,ASEAN,GDP,-0.717245829669139,5.644857763532585,5.9214925204145175
1992-01-01,Vietnam,VN,ASEAN,GDP,-0.6559214793876427,6.354898692736555,8.248653021145458
1992-04-01,Vietnam,VN,ASEAN,GDP,-0.6114666297473998,7.045119893564333,8.210495288446396
1992-07-01,Vietnam,VN,ASEAN,GDP,-0.5193628117060528,7.703589157129898,8.43371579851322
1992-10-01,Vietnam,VN,ASEAN,GDP,-0.430503029516748,8.337001024923651,8.455139991589533
1993-01-01,Vietnam,VN,ASEAN,GDP,-0.5504651180017277,8.18852030422974,7.654730138369814
1993-04-01,Vietnam,VN,ASEAN,GDP,-0.6776706401068828,8.05090524931451,7.660035068785476
1993-07-01,Vietnam,VN,ASEAN,GDP,-0.7689830093422626,7.901454104132455,7.8359112177849966
1993-10-01,Vietnam,VN,ASEAN,GDP,-0.8492036519272159,7.764897195717779,7.908912357930831
1994-01-01,Vietnam,VN,ASEAN,GDP,-0.8142142166738457,7.949413446457498,8.39279514132869
1994-04-01,Vietnam,VN,ASEAN,GDP,-0.7744692170167424,8.141190954350819,8.427145100358757
1994-07-01,Vietnam,VN,ASEAN,GDP,-0.7211072535727198,8.304010737592193,8.487190350750495
1994-10-01,Vietnam,VN,ASEAN,GDP,-0.6657255607894915,8.449072694143922,8.489160184137745
1995-01-01,Vietnam,VN,ASEAN,GDP,-0.4396822094196581,8.6389260306035,9.152208487167002
1995-04-01,Vietnam,VN,ASEAN,GDP,-0.20735567498153096,8.817787087232176,9.142589326873463
1995-07-01,Vietnam,VN,ASEAN,GDP,0.019635041136260682,8.963549848107633,9.07024139425232
1995-10-01,Vietnam,VN,ASEAN,GDP,0.245986557695704,9.09123699725285,8.999908780718613
1996-01-01,Vietnam,VN,ASEAN,GDP,0.5058293035692039,9.065528829040304,9.049375814316818
1996-04-01,Vietnam,VN,ASEAN,GDP,0.7813796839502806,9.032781839003334,9.011601366725586
1996-07-01,Vietnam,VN,ASEAN,GDP,1.045392740622519,8.97772262983132,8.850004557564262
1996-10-01,Vietnam,VN,ASEAN,GDP,1.3060516643471995,8.904808292639999,8.708251431953329
1997-01-01,Vietnam,VN,ASEAN,GDP,1.4250581772785007,8.643221738389784,8.003029597315958
1997-04-01,Vietnam,VN,ASEAN,GDP,1.5603421022371797,8.370950543078237,7.9225165854794
1997-07-01,Vietnam,VN,ASEAN,GDP,1.68775358244261,8.093938484557484,7.741956323481247
1997-10-01,Vietnam,VN,ASEAN,GDP,1.8293182543080087,7.8293635364072856,7.649951639352537
1998-01-01,Vietnam,VN,ASEAN,GDP,1.516368650092718,7.250593512186754,5.687949500433831
1998-04-01,Vietnam,VN,ASEAN,GDP,1.2266792166849665,6.681537081036026,5.646290860876491
1998-07-01,Vietnam,VN,ASEAN,GDP,0.9449983635327273,6.135213623301894,5.556662492544717
1998-10-01,Vietnam,VN,ASEAN,GDP,0.6906548312096087,5.612838817959442,5.560452417982731
1999-01-01,Vietnam,VN,ASEAN,GDP,0.23696853890785688,5.359848404744483,4.675987847573992
1999-04-01,Vietnam,VN,ASEAN,GDP,-0.20736850876485305,5.1098966295398895,4.646483760058118
1999-07-01,Vietnam,VN,ASEAN,GDP,-0.6353329179057511,4.887195539894407,4.665858133962786
1999-10-01,Vietnam,VN,ASEAN,GDP,-1.038755652996516,4.6816262140183085,4.738175114478338
2000-01-01,Vietnam,VN,ASEAN,GDP,-0.9803839107103184,5.1571746122608175,6.578181440544029
2000-04-01,Vietnam,VN,ASEAN,GDP,-0.9354671170712651,5.628871498652188,6.5332713056236
2000-07-01,Vietnam,VN,ASEAN,GDP,-0.8826611372172111,6.109248963532821,6.587367993485316
2000-10-01,Vietnam,VN,ASEAN,GDP,-0.8300672258774273,6.579793004405943,6.620351277970826
2001-01-01,Vietnam,VN,ASEAN,GDP,-0.7869050001101324,6.5916329085002445,6.625541056921236
2001-04-01,Vietnam,VN,ASEAN,GDP,-0.7579732477918386,6.61295145184404,6.618545478998783
2001-07-01,Vietnam,VN,ASEAN,GDP,-0.7226652961610236,6.6408642345365365,6.699019124255301
2001-10-01,Vietnam,VN,ASEAN,GDP,-0.6872648935970757,6.675152758795733,6.757505375007611
2002-01-01,Vietnam,VN,ASEAN,GDP,-0.6645094659509919,6.710363209097636,6.76638285812885
2002-04-01,Vietnam,VN,ASEAN,GDP,-0.6459679510901561,6.757878680177853,6.808607363319652
2002-07-01,Vietnam,VN,ASEAN,GDP,-0.628009712300016,6.798952877924691,6.8633159152426515
2002-10-01,Vietnam,VN,ASEAN,GDP,-0.6100037262189977,6.838800319324889,6.916895140608403
2003-01-01,Vietnam,VN,ASEAN,GDP,-0.5767585267855697,6.9037088012766645,7.026016785935951
2003-04-01,Vietnam,VN,ASEAN,GDP,-0.5382276757062416,6.973700893156121,7.088575730837476
2003-07-01,Vietnam,VN,ASEAN,GDP,-0.5130901443045599,7.024929024477444,7.068228440527946
2003-10-01,Vietnam,VN,ASEAN,GDP,-0.4827436789288166,7.0738938007551155,7.112754245719088
2004-01-01,Vietnam,VN,ASEAN,GDP,-0.35371738374877754,7.197475851712198,7.520344989764283
2004-04-01,Vietnam,VN,ASEAN,GDP,-0.21501481741113956,7.315305917892445,7.559895995558463
2004-07-01,Vietnam,VN,ASEAN,GDP,-0.11235947631093451,7.399159612422679,7.403643218648881
2004-10-01,Vietnam,VN,ASEAN,GDP,-0.007647741095168255,7.467560447238952,7.386357584984182
2005-01-01,Vietnam,VN,ASEAN,GDP,0.13762954552062456,7.4648192866977325,7.509380347599404
2005-04-01,Vietnam,VN,ASEAN,GDP,0.2712388504874956,7.42727569426016,7.409721625808174
2005-07-01,Vietnam,VN,ASEAN,GDP,0.30226307127707763,7.309612693487111,6.932991215556683
2005-10-01,Vietnam,VN,ASEAN,GDP,0.33397388644221954,7.177178881815038,6.856622338295892
2006-01-01,Vietnam,VN,ASEAN,GDP,0.6243352489655827,7.249868732271025,7.8001397494233515
2006-04-01,Vietnam,VN,ASEAN,GDP,0.6156600556108967,7.0228818655138525,6.501774158779483
2006-07-01,Vietnam,VN,ASEAN,GDP,0.6255896715024779,6.905734131106911,6.464400277928917
2006-10-01,Vietnam,VN,ASEAN,GDP,0.30628488416521193,6.448487283186211,5.027634946613091
2007-01-01,Vietnam,VN,ASEAN,GDP,1.3265547754056761,7.063361174864724,10.259635316137405
2007-04-01,Vietnam,VN,ASEAN,GDP,1.2113535647971605,6.834354547614652,5.585747649779194
2007-07-01,Vietnam,VN,ASEAN,GDP,1.4552361905246711,6.940177280363358,6.887691208923741
2007-10-01,Vietnam,VN,ASEAN,GDP,0.7153596921288721,6.387994239436523,2.8189027829057522
2008-01-01,Vietnam,VN,ASEAN,GDP,1.1295068918120397,5.649466308614137,7.305523592847862
2008-04-01,Vietnam,VN,ASEAN,GDP,1.6771314796139043,6.182035773501937,7.716025509330393
2008-07-01,Vietnam,VN,ASEAN,GDP,0.4194909658005938,4.555224866393104,0.38044758048840777
2008-10-01,Vietnam,VN,ASEAN,GDP,0.2967776638452321,5.055179632628892,4.818721847848906
2009-01-01,Vietnam,VN,ASEAN,GDP,-0.9720684107184093,3.2655206961841543,0.14688784706891056
2009-04-01,Vietnam,VN,ASEAN,GDP,1.2169615965195997,4.813005038304752,13.905962877812783
2009-07-01,Vietnam,VN,ASEAN,GDP,0.8396426697689887,5.613038465245879,3.5805812882529153
2009-10-01,Vietnam,VN,ASEAN,GDP,1.6152481464393897,6.445302727078683,8.147778895180124
2010-01-01,Vietnam,VN,ASEAN,GDP,-0.4739221184719175,5.574020984216332,-3.338239124380493
2010-04-01,Vietnam,VN,ASEAN,GDP,-1.9630846320575874,1.8616552401574893,-0.9435000984225894
2010-07-01,Vietnam,VN,ASEAN,GDP,-0.9828862007741148,3.203782410669831,8.949089970302282
2010-10-01,Vietnam,VN,ASEAN,GDP,-2.019444321653585,1.3950228388527108,0.912740607911644
2011-01-01,Vietnam,VN,ASEAN,GDP,0.11210942720207231,5.636817188603871,13.628938274624147
2011-04-01,Vietnam,VN,ASEAN,GDP,-0.4734058507819671,6.575801484645538,2.8124370857440795
2011-07-01,Vietnam,VN,ASEAN,GDP,-0.23546951197342836,5.880109860986948,6.166323475667923
2011-10-01,Vietnam,VN,ASEAN,GDP,-0.5696009227338598,6.638238181457368,3.945253889793321
2012-01-01,Vietnam,VN,ASEAN,GDP,-0.18497651446258614,4.954506461348629,6.894011394189192
2012-04-01,Vietnam,VN,ASEAN,GDP,-0.13840866061121462,5.656554244497514,5.620628218339618
2012-07-01,Vietnam,VN,ASEAN,GDP,-0.42248906856738944,5.210354521884142,4.381524585214436
2012-10-01,Vietnam,VN,ASEAN,GDP,-0.597026943012619,5.4509121704324315,4.9074844839864795
2013-01-01,Vietnam,VN,ASEAN,GDP,-0.731844458416878,5.0167592750927525,5.1573998128304765
2013-04-01,Vietnam,VN,ASEAN,GDP,-0.5147364637323946,5.276074047122847,6.6578873064599975
2013-07-01,Vietnam,VN,ASEAN,GDP,-0.6465356336774917,5.519434413485413,5.3549660506647
2013-10-01,Vietnam,VN,ASEAN,GDP,-0.8103476429898587,5.622127593540682,5.318257204207555
2014-01-01,Vietnam,VN,ASEAN,GDP,-0.61953021991317625,6.039061693828174,6.825136213980443
2014-04-01,Vietnam,VN,ASEAN,GDP,-0.516639695219024,6.013785567404284,6.556782800764438
2014-07-01,Vietnam,VN,ASEAN,GDP,-0.4643306673422255,6.282857821827292,6.431255068356734
2014-10-01,Vietnam,VN,ASEAN,GDP,-0.5246343583060034,6.465732251566791,6.049754923165551
2015-01-01,Vietnam,VN,ASEAN,GDP,-0.10890011073433999,6.762910462101601,8.013849056119682
2015-04-01,Vietnam,VN,ASEAN,GDP,0.07470075777921353,6.907449257271736,7.134937981444978
2015-07-01,Vietnam,VN,ASEAN,GDP,-0.0507547735316828,6.784071149225923,5.937742636173482
2015-10-01,Vietnam,VN,ASEAN,GDP,-0.4370046540295248,6.502429932888276,4.923190057814963
2016-01-01,Vietnam,VN,ASEAN,GDP,-0.46100544138069277,6.096537400413382,6.390278926220105
2016-04-01,Vietnam,VN,ASEAN,GDP,0.20725040814482196,6.604246188886975,9.16577313533935
2016-07-01,Vietnam,VN,ASEAN,GDP,0.01201854758759802,6.546188682046505,5.705512608811603
2016-10-01,Vietnam,VN,ASEAN,GDP,-0.32500933291785195,6.595331072850996,5.119759621032927
2017-01-01,Vietnam,VN,ASEAN,GDP,-1.2132820460883071,5.718756893037735,2.8839822069670618
2017-04-01,Vietnam,VN,ASEAN,GDP,0.39763700417643977,6.636540978840344,12.836909478549785
2017-07-01,Vietnam,VN,ASEAN,GDP,0.7507659886933334,7.146621459020608,7.745834529532658
2017-10-01,Vietnam,VN,ASEAN,GDP,0.5074514256785557,7.187947764268188,5.285064842023246
2018-01-01,Vietnam,VN,ASEAN,GDP,0.5639987714811667,8.066030483407616,6.396313083524774
2018-04-01,Vietnam,VN,ASEAN,GDP,1.3333386616495857,7.143640263619844,9.147348599398697
2018-07-01,Vietnam,VN,ASEAN,GDP,1.5411953445180777,6.904870590665979,6.7907558377171995
2018-10-01,Vietnam,VN,ASEAN,GDP,1.3261609029739057,6.828939250996768,4.981339483346403
2019-01-01,Vietnam,VN,ASEAN,GDP,1.9366055695552078,7.2703772609283845,8.162065123251239
2019-04-01,Vietnam,VN,ASEAN,GDP,2.6340878672812504,7.0807904414820655,8.38900132161342
2019-07-01,Vietnam,VN,ASEAN,GDP,3.498638252246084,7.6183208132167834,8.940877324656071
2019-10-01,Vietnam,VN,ASEAN,GDP,2.3360619456035083,6.554830295451808,0.7273774122865007
2020-01-01,Vietnam,VN,ASEAN,GDP,-0.011072406388909495,3.490389484776557,-4.095698119449764
2020-04-01,Vietnam,VN,ASEAN,GDP,-2.4530954637230993,0.2596125692015505,-4.534106340686606
2020-07-01,Vietnam,VN,ASEAN,GDP,1.7768139030907608,3.554576294409273,22.12073222548696
2020-10-01,Vietnam,VN,ASEAN,GDP,0.9772145291529776,3.870140857051041,1.9896356628535727
2021-01-01,Vietnam,VN,ASEAN,GDP,-0.14171678907788815,5.0749448498145,0.7235178516040719
2021-04-01,Vietnam,VN,ASEAN,GDP,-1.6822839524866395,5.977196194658063,-0.9251009613123529
2021-07-01,Vietnam,VN,ASEAN,GDP,-8.80311716210497,-5.348456928827616,-23.181880268455757
2021-10-01,Vietnam,VN,ASEAN,GDP,-0.03503541155868133,4.269188917938038,40.46021904991619
2022-01-01,Vietnam,VN,ASEAN,GDP,0.2535617947694614,5.745526244504617,6.628867157870388
2022-04-01,Vietnam,VN,ASEAN,GDP,0.7788234530336016,7.892344102089055,7.662170469025398
2022-07-01,Vietnam,VN,ASEAN,GDP,-0.24802304467149827,14.073083287110677,1.5410764716307312
2022-10-01,Vietnam,VN,ASEAN,GDP,-0.38016732077198434,5.260494566190488,5.209864166235434
2023-01-01,Vietnam,VN,ASEAN,GDP,-1.363216315801081,4.077838832422742,1.8982442227994056
2023-04-01,Vietnam,VN,ASEAN,GDP,-1.1777393414020338,3.8286503998115506,6.665416738580632
2023-07-01,Vietnam,VN,ASEAN,GDP,-0.7442484319379432,5.380431977381406,7.748202781910152
2023-10-01,Vietnam,VN,ASEAN,GDP,-0.40475485513101395,5.942381203572111,7.457661070998256
2024-01-01,Vietnam,VN,ASEAN,GDP,-1.070659361060728,6.346413411706209,3.5143730553357955
2024-04-01,Vietnam,VN,ASEAN,GDP,-0.4382572017618729,6.874496437052002,8.777748839963806
2024-07-01,Vietnam,VN,ASEAN,GDP,0.1616358979964318,7.114203212960035,8.707029885542283
2024-10-01,Vietnam,VN,ASEAN,GDP,0.26732262775109195,6.944186496783189,6.777594206290871
2025-01-01,Vietnam,VN,ASEAN,GDP,-0.19988731823129954,7.196061710667578,4.521873910873353
2025-04-01,Vietnam,VN,ASEAN,GDP,0.989940175029365,7.7953832478549145,11.17503498871315
2025-07-01,Vietnam,VN,ASEAN,GDP,1.6413572533310585,7.877388237665883,9.035049844786158
2025-10-01,Vietnam,VN,ASEAN,GDP,1.9106245551124088,8.060796511116308,7.511227300092571
