country,iso2,iso3,group,source,series_id,date,real_gdp
Australia,AU,AUS,Asia-Pacific,IMF IFS via DBnomics,Q.AU.NGDP_R_SA_XDC,1959-07-01,78679
Australia,AU,AUS,Asia-Pacific,IMF IFS via DBnomics,Q.AU.NGDP_R_SA_XDC,1959-10-01,79412
Australia,AU,AUS,Asia-Pacific,IMF IFS via DBnomics,Q.AU.NGDP_R_SA_XDC,1960-01-01,79810
Australia,AU,AUS,Asia-Pacific,IMF IFS via DBnomics,Q.AU.NGDP_R_SA_XDC,1960-04-01,81999
Australia,AU,AUS,Asia-Pacific,IMF IFS via DBnomics,Q.AU.NGDP_R_SA_XDC,1960-07-01,82177
Australia,AU,AUS,Asia-Pacific,IMF IFS via DBnomics,Q.AU.NGDP_R_SA_XDC,1960-10-01,82020
Australia,AU,AUS,Asia-Pacific,IMF IFS via DBnomics,Q.AU.NGDP_R_SA_XDC,1961-01-01,82274
Australia,AU,AUS,Asia-Pacific,IMF IFS via DBnomics,Q.AU.NGDP_R_SA_XDC,1961-04-01,81371
Australia,AU,AUS,Asia-Pacific,IMF IFS via DBnomics,Q.AU.NGDP_R_SA_XDC,1961-07-01,80780
Australia,AU,AUS,Asia-Pacific,IMF IFS via DBnomics,Q.AU.NGDP_R_SA_XDC,1961-10-01,81708
Australia,AU,AUS,Asia-Pacific,IMF IFS via DBnomics,Q.AU.NGDP_R_SA_XDC,1962-01-01,83993
Australia,AU,AUS,Asia-Pacific,IMF IFS via DBnomics,Q.AU.NGDP_R_SA_XDC,1962-04-01,85605
Australia,AU,AUS,Asia-Pacific,IMF IFS via DBnomics,Q.AU.NGDP_R_SA_XDC,1962-07-01,86291
Australia,AU,AUS,Asia-Pacific,IMF IFS via DBnomics,Q.AU.NGDP_R_SA_XDC,1962-10-01,87844
Australia,AU,AUS,Asia-Pacific,IMF IFS via DBnomics,Q.AU.NGDP_R_SA_XDC,1963-01-01,89878
Australia,AU,AUS,Asia-Pacific,IMF IFS via DBnomics,Q.AU.NGDP_R_SA_XDC,1963-04-01,88715
Australia,AU,AUS,Asia-Pacific,IMF IFS via DBnomics,Q.AU.NGDP_R_SA_XDC,1963-07-01,92355
Australia,AU,AUS,Asia-Pacific,IMF IFS via DBnomics,Q.AU.NGDP_R_SA_XDC,1963-10-01,94327
Australia,AU,AUS,Asia-Pacific,IMF IFS via DBnomics,Q.AU.NGDP_R_SA_XDC,1964-01-01,94168
Australia,AU,AUS,Asia-Pacific,IMF IFS via DBnomics,Q.AU.NGDP_R_SA_XDC,1964-04-01,96499
Australia,AU,AUS,Asia-Pacific,IMF IFS via DBnomics,Q.AU.NGDP_R_SA_XDC,1964-07-01,97093
Australia,AU,AUS,Asia-Pacific,IMF IFS via DBnomics,Q.AU.NGDP_R_SA_XDC,1964-10-01,99851
Australia,AU,AUS,Asia-Pacific,IMF IFS via DBnomics,Q.AU.NGDP_R_SA_XDC,1965-01-01,100696
Australia,AU,AUS,Asia-Pacific,IMF IFS via DBnomics,Q.AU.NGDP_R_SA_XDC,1965-04-01,102276
Australia,AU,AUS,Asia-Pacific,IMF IFS via DBnomics,Q.AU.NGDP_R_SA_XDC,1965-07-01,101969
Australia,AU,AUS,Asia-Pacific,IMF IFS via DBnomics,Q.AU.NGDP_R_SA_XDC,1965-10-01,102220
Australia,AU,AUS,Asia-Pacific,IMF IFS via DBnomics,Q.AU.NGDP_R_SA_XDC,1966-01-01,101924
Australia,AU,AUS,Asia-Pacific,IMF IFS via DBnomics,Q.AU.NGDP_R_SA_XDC,1966-04-01,103316
Australia,AU,AUS,Asia-Pacific,IMF IFS via DBnomics,Q.AU.NGDP_R_SA_XDC,1966-07-01,106235
Australia,AU,AUS,Asia-Pacific,IMF IFS via DBnomics,Q.AU.NGDP_R_SA_XDC,1966-10-01,106934
Australia,AU,AUS,Asia-Pacific,IMF IFS via DBnomics,Q.AU.NGDP_R_SA_XDC,1967-01-01,111116
Australia,AU,AUS,Asia-Pacific,IMF IFS via DBnomics,Q.AU.NGDP_R_SA_XDC,1967-04-01,110959
Australia,AU,AUS,Asia-Pacific,IMF IFS via DBnomics,Q.AU.NGDP_R_SA_XDC,1967-07-01,113040
Australia,AU,AUS,Asia-Pacific,IMF IFS via DBnomics,Q.AU.NGDP_R_SA_XDC,1967-10-01,114020
Australia,AU,AUS,Asia-Pacific,IMF IFS via DBnomics,Q.AU.NGDP_R_SA_XDC,1968-01-01,113001
Australia,AU,AUS,Asia-Pacific,IMF IFS via DBnomics,Q.AU.NGDP_R_SA_XDC,1968-04-01,117352
Australia,AU,AUS,Asia-Pacific,IMF IFS via DBnomics,Q.AU.NGDP_R_SA_XDC,1968-07-01,118899
Australia,AU,AUS,Asia-Pacific,IMF IFS via DBnomics,Q.AU.NGDP_R_SA_XDC,1968-10-01,123337
Australia,AU,AUS,Asia-Pacific,IMF IFS via DBnomics,Q.AU.NGDP_R_SA_XDC,1969-01-01,122488
Australia,AU,AUS,Asia-Pacific,IMF IFS via DBnomics,Q.AU.NGDP_R_SA_XDC,1969-04-01,124915
Australia,AU,AUS,Asia-Pacific,IMF IFS via DBnomics,Q.AU.NGDP_R_SA_XDC,1969-07-01,126980
Australia,AU,AUS,Asia-Pacific,IMF IFS via DBnomics,Q.AU.NGDP_R_SA_XDC,1969-10-01,129914
Australia,AU,AUS,Asia-Pacific,IMF IFS via DBnomics,Q.AU.NGDP_R_SA_XDC,1970-01-01,132600
Australia,AU,AUS,Asia-Pacific,IMF IFS via DBnomics,Q.AU.NGDP_R_SA_XDC,1970-04-01,135281
Australia,AU,AUS,Asia-Pacific,IMF IFS via DBnomics,Q.AU.NGDP_R_SA_XDC,1970-07-01,134997
Australia,AU,AUS,Asia-Pacific,IMF IFS via DBnomics,Q.AU.NGDP_R_SA_XDC,1970-10-01,135629
Australia,AU,AUS,Asia-Pacific,IMF IFS via DBnomics,Q.AU.NGDP_R_SA_XDC,1971-01-01,137274
Australia,AU,AUS,Asia-Pacific,IMF IFS via DBnomics,Q.AU.NGDP_R_SA_XDC,1971-04-01,137869
Australia,AU,AUS,Asia-Pacific,IMF IFS via DBnomics,Q.AU.NGDP_R_SA_XDC,1971-07-01,142180
Australia,AU,AUS,Asia-Pacific,IMF IFS via DBnomics,Q.AU.NGDP_R_SA_XDC,1971-10-01,141731
Australia,AU,AUS,Asia-Pacific,IMF IFS via DBnomics,Q.AU.NGDP_R_SA_XDC,1972-01-01,140039
Australia,AU,AUS,Asia-Pacific,IMF IFS via DBnomics,Q.AU.NGDP_R_SA_XDC,1972-04-01,143159
Australia,AU,AUS,Asia-Pacific,IMF IFS via DBnomics,Q.AU.NGDP_R_SA_XDC,1972-07-01,142435
Australia,AU,AUS,Asia-Pacific,IMF IFS via DBnomics,Q.AU.NGDP_R_SA_XDC,1972-10-01,143927
Australia,AU,AUS,Asia-Pacific,IMF IFS via DBnomics,Q.AU.NGDP_R_SA_XDC,1973-01-01,147662
Australia,AU,AUS,Asia-Pacific,IMF IFS via DBnomics,Q.AU.NGDP_R_SA_XDC,1973-04-01,147942
Australia,AU,AUS,Asia-Pacific,IMF IFS via DBnomics,Q.AU.NGDP_R_SA_XDC,1973-07-01,149420
Australia,AU,AUS,Asia-Pacific,IMF IFS via DBnomics,Q.AU.NGDP_R_SA_XDC,1973-10-01,153157
Australia,AU,AUS,Asia-Pacific,IMF IFS via DBnomics,Q.AU.NGDP_R_SA_XDC,1974-01-01,153200
Australia,AU,AUS,Asia-Pacific,IMF IFS via DBnomics,Q.AU.NGDP_R_SA_XDC,1974-04-01,150090
Australia,AU,AUS,Asia-Pacific,IMF IFS via DBnomics,Q.AU.NGDP_R_SA_XDC,1974-07-01,151870
Australia,AU,AUS,Asia-Pacific,IMF IFS via DBnomics,Q.AU.NGDP_R_SA_XDC,1974-10-01,152031
Australia,AU,AUS,Asia-Pacific,IMF IFS via DBnomics,Q.AU.NGDP_R_SA_XDC,1975-01-01,152613
Australia,AU,AUS,Asia-Pacific,IMF IFS via DBnomics,Q.AU.NGDP_R_SA_XDC,1975-04-01,157446
Australia,AU,AUS,Asia-Pacific,IMF IFS via DBnomics,Q.AU.NGDP_R_SA_XDC,1975-07-01,155699
Australia,AU,AUS,Asia-Pacific,IMF IFS via DBnomics,Q.AU.NGDP_R_SA_XDC,1975-10-01,153357
Australia,AU,AUS,Asia-Pacific,IMF IFS via DBnomics,Q.AU.NGDP_R_SA_XDC,1976-01-01,160162
Australia,AU,AUS,Asia-Pacific,IMF IFS via DBnomics,Q.AU.NGDP_R_SA_XDC,1976-04-01,160635
Australia,AU,AUS,Asia-Pacific,IMF IFS via DBnomics,Q.AU.NGDP_R_SA_XDC,1976-07-01,161939
Australia,AU,AUS,Asia-Pacific,IMF IFS via DBnomics,Q.AU.NGDP_R_SA_XDC,1976-10-01,163343
Australia,AU,AUS,Asia-Pacific,IMF IFS via DBnomics,Q.AU.NGDP_R_SA_XDC,1977-01-01,162457
Australia,AU,AUS,Asia-Pacific,IMF IFS via DBnomics,Q.AU.NGDP_R_SA_XDC,1977-04-01,164758
Australia,AU,AUS,Asia-Pacific,IMF IFS via DBnomics,Q.AU.NGDP_R_SA_XDC,1977-07-01,164047
Australia,AU,AUS,Asia-Pacific,IMF IFS via DBnomics,Q.AU.NGDP_R_SA_XDC,1977-10-01,163543
Australia,AU,AUS,Asia-Pacific,IMF IFS via DBnomics,Q.AU.NGDP_R_SA_XDC,1978-01-01,164677
Australia,AU,AUS,Asia-Pacific,IMF IFS via DBnomics,Q.AU.NGDP_R_SA_XDC,1978-04-01,166060
Australia,AU,AUS,Asia-Pacific,IMF IFS via DBnomics,Q.AU.NGDP_R_SA_XDC,1978-07-01,168586
Australia,AU,AUS,Asia-Pacific,IMF IFS via DBnomics,Q.AU.NGDP_R_SA_XDC,1978-10-01,169957
Australia,AU,AUS,Asia-Pacific,IMF IFS via DBnomics,Q.AU.NGDP_R_SA_XDC,1979-01-01,174629
Australia,AU,AUS,Asia-Pacific,IMF IFS via DBnomics,Q.AU.NGDP_R_SA_XDC,1979-04-01,171820
Australia,AU,AUS,Asia-Pacific,IMF IFS via DBnomics,Q.AU.NGDP_R_SA_XDC,1979-07-01,173418
Australia,AU,AUS,Asia-Pacific,IMF IFS via DBnomics,Q.AU.NGDP_R_SA_XDC,1979-10-01,176756
Australia,AU,AUS,Asia-Pacific,IMF IFS via DBnomics,Q.AU.NGDP_R_SA_XDC,1980-01-01,177588
Australia,AU,AUS,Asia-Pacific,IMF IFS via DBnomics,Q.AU.NGDP_R_SA_XDC,1980-04-01,178025
Australia,AU,AUS,Asia-Pacific,IMF IFS via DBnomics,Q.AU.NGDP_R_SA_XDC,1980-07-01,178985
Australia,AU,AUS,Asia-Pacific,IMF IFS via DBnomics,Q.AU.NGDP_R_SA_XDC,1980-10-01,182056
Australia,AU,AUS,Asia-Pacific,IMF IFS via DBnomics,Q.AU.NGDP_R_SA_XDC,1981-01-01,182737
Australia,AU,AUS,Asia-Pacific,IMF IFS via DBnomics,Q.AU.NGDP_R_SA_XDC,1981-04-01,185581
Australia,AU,AUS,Asia-Pacific,IMF IFS via DBnomics,Q.AU.NGDP_R_SA_XDC,1981-07-01,189325
Australia,AU,AUS,Asia-Pacific,IMF IFS via DBnomics,Q.AU.NGDP_R_SA_XDC,1981-10-01,188546
Australia,AU,AUS,Asia-Pacific,IMF IFS via DBnomics,Q.AU.NGDP_R_SA_XDC,1982-01-01,187041
Australia,AU,AUS,Asia-Pacific,IMF IFS via DBnomics,Q.AU.NGDP_R_SA_XDC,1982-04-01,188701
Australia,AU,AUS,Asia-Pacific,IMF IFS via DBnomics,Q.AU.NGDP_R_SA_XDC,1982-07-01,187456
Australia,AU,AUS,Asia-Pacific,IMF IFS via DBnomics,Q.AU.NGDP_R_SA_XDC,1982-10-01,184440
Australia,AU,AUS,Asia-Pacific,IMF IFS via DBnomics,Q.AU.NGDP_R_SA_XDC,1983-01-01,182664
Australia,AU,AUS,Asia-Pacific,IMF IFS via DBnomics,Q.AU.NGDP_R_SA_XDC,1983-04-01,182290
Australia,AU,AUS,Asia-Pacific,IMF IFS via DBnomics,Q.AU.NGDP_R_SA_XDC,1983-07-01,187400
Australia,AU,AUS,Asia-Pacific,IMF IFS via DBnomics,Q.AU.NGDP_R_SA_XDC,1983-10-01,190565
Australia,AU,AUS,Asia-Pacific,IMF IFS via DBnomics,Q.AU.NGDP_R_SA_XDC,1984-01-01,195227
Australia,AU,AUS,Asia-Pacific,IMF IFS via DBnomics,Q.AU.NGDP_R_SA_XDC,1984-04-01,197508
Australia,AU,AUS,Asia-Pacific,IMF IFS via DBnomics,Q.AU.NGDP_R_SA_XDC,1984-07-01,199326
Australia,AU,AUS,Asia-Pacific,IMF IFS via DBnomics,Q.AU.NGDP_R_SA_XDC,1984-10-01,200529
Australia,AU,AUS,Asia-Pacific,IMF IFS via DBnomics,Q.AU.NGDP_R_SA_XDC,1985-01-01,203488
Australia,AU,AUS,Asia-Pacific,IMF IFS via DBnomics,Q.AU.NGDP_R_SA_XDC,1985-04-01,208037
Australia,AU,AUS,Asia-Pacific,IMF IFS via DBnomics,Q.AU.NGDP_R_SA_XDC,1985-07-01,210704
Australia,AU,AUS,Asia-Pacific,IMF IFS via DBnomics,Q.AU.NGDP_R_SA_XDC,1985-10-01,210114
Australia,AU,AUS,Asia-Pacific,IMF IFS via DBnomics,Q.AU.NGDP_R_SA_XDC,1986-01-01,211563
Australia,AU,AUS,Asia-Pacific,IMF IFS via DBnomics,Q.AU.NGDP_R_SA_XDC,1986-04-01,211180
Australia,AU,AUS,Asia-Pacific,IMF IFS via DBnomics,Q.AU.NGDP_R_SA_XDC,1986-07-01,211736
Australia,AU,AUS,Asia-Pacific,IMF IFS via DBnomics,Q.AU.NGDP_R_SA_XDC,1986-10-01,215228
Australia,AU,AUS,Asia-Pacific,IMF IFS via DBnomics,Q.AU.NGDP_R_SA_XDC,1987-01-01,217362
Australia,AU,AUS,Asia-Pacific,IMF IFS via DBnomics,Q.AU.NGDP_R_SA_XDC,1987-04-01,220828
Australia,AU,AUS,Asia-Pacific,IMF IFS via DBnomics,Q.AU.NGDP_R_SA_XDC,1987-07-01,224806
Australia,AU,AUS,Asia-Pacific,IMF IFS via DBnomics,Q.AU.NGDP_R_SA_XDC,1987-10-01,229354
Australia,AU,AUS,Asia-Pacific,IMF IFS via DBnomics,Q.AU.NGDP_R_SA_XDC,1988-01-01,230290
Australia,AU,AUS,Asia-Pacific,IMF IFS via DBnomics,Q.AU.NGDP_R_SA_XDC,1988-04-01,230518
Australia,AU,AUS,Asia-Pacific,IMF IFS via DBnomics,Q.AU.NGDP_R_SA_XDC,1988-07-01,232362
Australia,AU,AUS,Asia-Pacific,IMF IFS via DBnomics,Q.AU.NGDP_R_SA_XDC,1988-10-01,236148
Australia,AU,AUS,Asia-Pacific,IMF IFS via DBnomics,Q.AU.NGDP_R_SA_XDC,1989-01-01,238353
Australia,AU,AUS,Asia-Pacific,IMF IFS via DBnomics,Q.AU.NGDP_R_SA_XDC,1989-04-01,243544
Australia,AU,AUS,Asia-Pacific,IMF IFS via DBnomics,Q.AU.NGDP_R_SA_XDC,1989-07-01,245578
Australia,AU,AUS,Asia-Pacific,IMF IFS via DBnomics,Q.AU.NGDP_R_SA_XDC,1989-10-01,244900
Australia,AU,AUS,Asia-Pacific,IMF IFS via DBnomics,Q.AU.NGDP_R_SA_XDC,1990-01-01,246793
Australia,AU,AUS,Asia-Pacific,IMF IFS via DBnomics,Q.AU.NGDP_R_SA_XDC,1990-04-01,247137
Australia,AU,AUS,Asia-Pacific,IMF IFS via DBnomics,Q.AU.NGDP_R_SA_XDC,1990-07-01,245808
Australia,AU,AUS,Asia-Pacific,IMF IFS via DBnomics,Q.AU.NGDP_R_SA_XDC,1990-10-01,247163
Australia,AU,AUS,Asia-Pacific,IMF IFS via DBnomics,Q.AU.NGDP_R_SA_XDC,1991-01-01,244057
Australia,AU,AUS,Asia-Pacific,IMF IFS via DBnomics,Q.AU.NGDP_R_SA_XDC,1991-04-01,243617
Australia,AU,AUS,Asia-Pacific,IMF IFS via DBnomics,Q.AU.NGDP_R_SA_XDC,1991-07-01,244685
Australia,AU,AUS,Asia-Pacific,IMF IFS via DBnomics,Q.AU.NGDP_R_SA_XDC,1991-10-01,244851
Australia,AU,AUS,Asia-Pacific,IMF IFS via DBnomics,Q.AU.NGDP_R_SA_XDC,1992-01-01,246757
Australia,AU,AUS,Asia-Pacific,IMF IFS via DBnomics,Q.AU.NGDP_R_SA_XDC,1992-04-01,248551
Australia,AU,AUS,Asia-Pacific,IMF IFS via DBnomics,Q.AU.NGDP_R_SA_XDC,1992-07-01,251001
Australia,AU,AUS,Asia-Pacific,IMF IFS via DBnomics,Q.AU.NGDP_R_SA_XDC,1992-10-01,256223
Australia,AU,AUS,Asia-Pacific,IMF IFS via DBnomics,Q.AU.NGDP_R_SA_XDC,1993-01-01,257994
Australia,AU,AUS,Asia-Pacific,IMF IFS via DBnomics,Q.AU.NGDP_R_SA_XDC,1993-04-01,259481
Australia,AU,AUS,Asia-Pacific,IMF IFS via DBnomics,Q.AU.NGDP_R_SA_XDC,1993-07-01,259814
Australia,AU,AUS,Asia-Pacific,IMF IFS via DBnomics,Q.AU.NGDP_R_SA_XDC,1993-10-01,264555
Australia,AU,AUS,Asia-Pacific,IMF IFS via DBnomics,Q.AU.NGDP_R_SA_XDC,1994-01-01,268955
Australia,AU,AUS,Asia-Pacific,IMF IFS via DBnomics,Q.AU.NGDP_R_SA_XDC,1994-04-01,272163
Australia,AU,AUS,Asia-Pacific,IMF IFS via DBnomics,Q.AU.NGDP_R_SA_XDC,1994-07-01,274227
Australia,AU,AUS,Asia-Pacific,IMF IFS via DBnomics,Q.AU.NGDP_R_SA_XDC,1994-10-01,277283
Australia,AU,AUS,Asia-Pacific,IMF IFS via DBnomics,Q.AU.NGDP_R_SA_XDC,1995-01-01,277045
Australia,AU,AUS,Asia-Pacific,IMF IFS via DBnomics,Q.AU.NGDP_R_SA_XDC,1995-04-01,278335
Australia,AU,AUS,Asia-Pacific,IMF IFS via DBnomics,Q.AU.NGDP_R_SA_XDC,1995-07-01,284772
Australia,AU,AUS,Asia-Pacific,IMF IFS via DBnomics,Q.AU.NGDP_R_SA_XDC,1995-10-01,284722
Australia,AU,AUS,Asia-Pacific,IMF IFS via DBnomics,Q.AU.NGDP_R_SA_XDC,1996-01-01,289162
Australia,AU,AUS,Asia-Pacific,IMF IFS via DBnomics,Q.AU.NGDP_R_SA_XDC,1996-04-01,291003
Australia,AU,AUS,Asia-Pacific,IMF IFS via DBnomics,Q.AU.NGDP_R_SA_XDC,1996-07-01,293303
Australia,AU,AUS,Asia-Pacific,IMF IFS via DBnomics,Q.AU.NGDP_R_SA_XDC,1996-10-01,296092
Australia,AU,AUS,Asia-Pacific,IMF IFS via DBnomics,Q.AU.NGDP_R_SA_XDC,1997-01-01,298156
Australia,AU,AUS,Asia-Pacific,IMF IFS via DBnomics,Q.AU.NGDP_R_SA_XDC,1997-04-01,307097
Australia,AU,AUS,Asia-Pacific,IMF IFS via DBnomics,Q.AU.NGDP_R_SA_XDC,1997-07-01,307524
Australia,AU,AUS,Asia-Pacific,IMF IFS via DBnomics,Q.AU.NGDP_R_SA_XDC,1997-10-01,311905
Australia,AU,AUS,Asia-Pacific,IMF IFS via DBnomics,Q.AU.NGDP_R_SA_XDC,1998-01-01,313855
Australia,AU,AUS,Asia-Pacific,IMF IFS via DBnomics,Q.AU.NGDP_R_SA_XDC,1998-04-01,317073
Australia,AU,AUS,Asia-Pacific,IMF IFS via DBnomics,Q.AU.NGDP_R_SA_XDC,1998-07-01,322971
Australia,AU,AUS,Asia-Pacific,IMF IFS via DBnomics,Q.AU.NGDP_R_SA_XDC,1998-10-01,327989
Australia,AU,AUS,Asia-Pacific,IMF IFS via DBnomics,Q.AU.NGDP_R_SA_XDC,1999-01-01,330452
Australia,AU,AUS,Asia-Pacific,IMF IFS via DBnomics,Q.AU.NGDP_R_SA_XDC,1999-04-01,331809
Australia,AU,AUS,Asia-Pacific,IMF IFS via DBnomics,Q.AU.NGDP_R_SA_XDC,1999-07-01,335375
Australia,AU,AUS,Asia-Pacific,IMF IFS via DBnomics,Q.AU.NGDP_R_SA_XDC,1999-10-01,341129
Australia,AU,AUS,Asia-Pacific,IMF IFS via DBnomics,Q.AU.NGDP_R_SA_XDC,2000-01-01,342430
Australia,AU,AUS,Asia-Pacific,IMF IFS via DBnomics,Q.AU.NGDP_R_SA_XDC,2000-04-01,345785
Australia,AU,AUS,Asia-Pacific,IMF IFS via DBnomics,Q.AU.NGDP_R_SA_XDC,2000-07-01,346667
Australia,AU,AUS,Asia-Pacific,IMF IFS via DBnomics,Q.AU.NGDP_R_SA_XDC,2000-10-01,345369
Australia,AU,AUS,Asia-Pacific,IMF IFS via DBnomics,Q.AU.NGDP_R_SA_XDC,2001-01-01,348598
Australia,AU,AUS,Asia-Pacific,IMF IFS via DBnomics,Q.AU.NGDP_R_SA_XDC,2001-04-01,351723
Australia,AU,AUS,Asia-Pacific,IMF IFS via DBnomics,Q.AU.NGDP_R_SA_XDC,2001-07-01,355814
Australia,AU,AUS,Asia-Pacific,IMF IFS via DBnomics,Q.AU.NGDP_R_SA_XDC,2001-10-01,360013
Australia,AU,AUS,Asia-Pacific,IMF IFS via DBnomics,Q.AU.NGDP_R_SA_XDC,2002-01-01,362852
Australia,AU,AUS,Asia-Pacific,IMF IFS via DBnomics,Q.AU.NGDP_R_SA_XDC,2002-04-01,369088
Australia,AU,AUS,Asia-Pacific,IMF IFS via DBnomics,Q.AU.NGDP_R_SA_XDC,2002-07-01,369994
Australia,AU,AUS,Asia-Pacific,IMF IFS via DBnomics,Q.AU.NGDP_R_SA_XDC,2002-10-01,373112
Australia,AU,AUS,Asia-Pacific,IMF IFS via DBnomics,Q.AU.NGDP_R_SA_XDC,2003-01-01,373945
Australia,AU,AUS,Asia-Pacific,IMF IFS via DBnomics,Q.AU.NGDP_R_SA_XDC,2003-04-01,375463
Australia,AU,AUS,Asia-Pacific,IMF IFS via DBnomics,Q.AU.NGDP_R_SA_XDC,2003-07-01,381825
Australia,AU,AUS,Asia-Pacific,IMF IFS via DBnomics,Q.AU.NGDP_R_SA_XDC,2003-10-01,388294
Australia,AU,AUS,Asia-Pacific,IMF IFS via DBnomics,Q.AU.NGDP_R_SA_XDC,2004-01-01,391259
Australia,AU,AUS,Asia-Pacific,IMF IFS via DBnomics,Q.AU.NGDP_R_SA_XDC,2004-04-01,394183
Australia,AU,AUS,Asia-Pacific,IMF IFS via DBnomics,Q.AU.NGDP_R_SA_XDC,2004-07-01,396780
Australia,AU,AUS,Asia-Pacific,IMF IFS via DBnomics,Q.AU.NGDP_R_SA_XDC,2004-10-01,399807
Australia,AU,AUS,Asia-Pacific,IMF IFS via DBnomics,Q.AU.NGDP_R_SA_XDC,2005-01-01,403103
Australia,AU,AUS,Asia-Pacific,IMF IFS via DBnomics,Q.AU.NGDP_R_SA_XDC,2005-04-01,404935
Australia,AU,AUS,Asia-Pacific,IMF IFS via DBnomics,Q.AU.NGDP_R_SA_XDC,2005-07-01,409254
Australia,AU,AUS,Asia-Pacific,IMF IFS via DBnomics,Q.AU.NGDP_R_SA_XDC,2005-10-01,412661
Australia,AU,AUS,Asia-Pacific,IMF IFS via DBnomics,Q.AU.NGDP_R_SA_XDC,2006-01-01,412927
Australia,AU,AUS,Asia-Pacific,IMF IFS via DBnomics,Q.AU.NGDP_R_SA_XDC,2006-04-01,413996
Australia,AU,AUS,Asia-Pacific,IMF IFS via DBnomics,Q.AU.NGDP_R_SA_XDC,2006-07-01,420227
Australia,AU,AUS,Asia-Pacific,IMF IFS via DBnomics,Q.AU.NGDP_R_SA_XDC,2006-10-01,425509
Australia,AU,AUS,Asia-Pacific,IMF IFS via DBnomics,Q.AU.NGDP_R_SA_XDC,2007-01-01,431277
Australia,AU,AUS,Asia-Pacific,IMF IFS via DBnomics,Q.AU.NGDP_R_SA_XDC,2007-04-01,434043
Australia,AU,AUS,Asia-Pacific,IMF IFS via DBnomics,Q.AU.NGDP_R_SA_XDC,2007-07-01,439202
Australia,AU,AUS,Asia-Pacific,IMF IFS via DBnomics,Q.AU.NGDP_R_SA_XDC,2007-10-01,440720
Australia,AU,AUS,Asia-Pacific,IMF IFS via DBnomics,Q.AU.NGDP_R_SA_XDC,2008-01-01,445509
Australia,AU,AUS,Asia-Pacific,IMF IFS via DBnomics,Q.AU.NGDP_R_SA_XDC,2008-04-01,446988
Australia,AU,AUS,Asia-Pacific,IMF IFS via DBnomics,Q.AU.NGDP_R_SA_XDC,2008-07-01,449968
Australia,AU,AUS,Asia-Pacific,IMF IFS via DBnomics,Q.AU.NGDP_R_SA_XDC,2008-10-01,448054
Australia,AU,AUS,Asia-Pacific,IMF IFS via DBnomics,Q.AU.NGDP_R_SA_XDC,2009-01-01,452490
Australia,AU,AUS,Asia-Pacific,IMF IFS via DBnomics,Q.AU.NGDP_R_SA_XDC,2009-04-01,455451
Australia,AU,AUS,Asia-Pacific,IMF IFS via DBnomics,Q.AU.NGDP_R_SA_XDC,2009-07-01,457040
Australia,AU,AUS,Asia-Pacific,IMF IFS via DBnomics,Q.AU.NGDP_R_SA_XDC,2009-10-01,460714
Australia,AU,AUS,Asia-Pacific,IMF IFS via DBnomics,Q.AU.NGDP_R_SA_XDC,2010-01-01,462727
Australia,AU,AUS,Asia-Pacific,IMF IFS via DBnomics,Q.AU.NGDP_R_SA_XDC,2010-04-01,465573
Australia,AU,AUS,Asia-Pacific,IMF IFS via DBnomics,Q.AU.NGDP_R_SA_XDC,2010-07-01,468880
Australia,AU,AUS,Asia-Pacific,IMF IFS via DBnomics,Q.AU.NGDP_R_SA_XDC,2010-10-01,472679
Australia,AU,AUS,Asia-Pacific,IMF IFS via DBnomics,Q.AU.NGDP_R_SA_XDC,2011-01-01,471674
Australia,AU,AUS,Asia-Pacific,IMF IFS via DBnomics,Q.AU.NGDP_R_SA_XDC,2011-04-01,477257
Australia,AU,AUS,Asia-Pacific,IMF IFS via DBnomics,Q.AU.NGDP_R_SA_XDC,2011-07-01,483892
Australia,AU,AUS,Asia-Pacific,IMF IFS via DBnomics,Q.AU.NGDP_R_SA_XDC,2011-10-01,489124
Australia,AU,AUS,Asia-Pacific,IMF IFS via DBnomics,Q.AU.NGDP_R_SA_XDC,2012-01-01,494027
Australia,AU,AUS,Asia-Pacific,IMF IFS via DBnomics,Q.AU.NGDP_R_SA_XDC,2012-04-01,497493
Australia,AU,AUS,Asia-Pacific,IMF IFS via DBnomics,Q.AU.NGDP_R_SA_XDC,2012-07-01,500614
Australia,AU,AUS,Asia-Pacific,IMF IFS via DBnomics,Q.AU.NGDP_R_SA_XDC,2012-10-01,502634
Australia,AU,AUS,Asia-Pacific,IMF IFS via DBnomics,Q.AU.NGDP_R_SA_XDC,2013-01-01,505259
Australia,AU,AUS,Asia-Pacific,IMF IFS via DBnomics,Q.AU.NGDP_R_SA_XDC,2013-04-01,507150
Australia,AU,AUS,Asia-Pacific,IMF IFS via DBnomics,Q.AU.NGDP_R_SA_XDC,2013-07-01,511282
Australia,AU,AUS,Asia-Pacific,IMF IFS via DBnomics,Q.AU.NGDP_R_SA_XDC,2013-10-01,515343
Australia,AU,AUS,Asia-Pacific,IMF IFS via DBnomics,Q.AU.NGDP_R_SA_XDC,2014-01-01,519355
Australia,AU,AUS,Asia-Pacific,IMF IFS via DBnomics,Q.AU.NGDP_R_SA_XDC,2014-04-01,521989
Australia,AU,AUS,Asia-Pacific,IMF IFS via DBnomics,Q.AU.NGDP_R_SA_XDC,2014-07-01,524092
Australia,AU,AUS,Asia-Pacific,IMF IFS via DBnomics,Q.AU.NGDP_R_SA_XDC,2014-10-01,526092
Australia,AU,AUS,Asia-Pacific,IMF IFS via DBnomics,Q.AU.NGDP_R_SA_XDC,2015-01-01,531220
Australia,AU,AUS,Asia-Pacific,IMF IFS via DBnomics,Q.AU.NGDP_R_SA_XDC,2015-04-01,531857
Australia,AU,AUS,Asia-Pacific,IMF IFS via DBnomics,Q.AU.NGDP_R_SA_XDC,2015-07-01,537014
Australia,AU,AUS,Asia-Pacific,IMF IFS via DBnomics,Q.AU.NGDP_R_SA_XDC,2015-10-01,540382
Australia,AU,AUS,Asia-Pacific,IMF IFS via DBnomics,Q.AU.NGDP_R_SA_XDC,2016-01-01,545315
Australia,AU,AUS,Asia-Pacific,IMF IFS via DBnomics,Q.AU.NGDP_R_SA_XDC,2016-04-01,548862
Australia,AU,AUS,Asia-Pacific,IMF IFS via DBnomics,Q.AU.NGDP_R_SA_XDC,2016-07-01,548814
Australia,AU,AUS,Asia-Pacific,IMF IFS via DBnomics,Q.AU.NGDP_R_SA_XDC,2016-10-01,555152
Australia,AU,AUS,Asia-Pacific,IMF IFS via DBnomics,Q.AU.NGDP_R_SA_XDC,2017-01-01,556828
Australia,AU,AUS,Asia-Pacific,IMF IFS via DBnomics,Q.AU.NGDP_R_SA_XDC,2017-04-01,560283
Australia,AU,AUS,Asia-Pacific,IMF IFS via DBnomics,Q.AU.NGDP_R_SA_XDC,2017-07-01,565488
Australia,AU,AUS,Asia-Pacific,IMF IFS via DBnomics,Q.AU.NGDP_R_SA_XDC,2017-10-01,567859
Australia,AU,AUS,Asia-Pacific,IMF IFS via DBnomics,Q.AU.NGDP_R_SA_XDC,2018-01-01,573671
Australia,AU,AUS,Asia-Pacific,IMF IFS via DBnomics,Q.AU.NGDP_R_SA_XDC,2018-04-01,577992
Australia,AU,AUS,Asia-Pacific,IMF IFS via DBnomics,Q.AU.NGDP_R_SA_XDC,2018-07-01,580152
Australia,AU,AUS,Asia-Pacific,IMF IFS via DBnomics,Q.AU.NGDP_R_SA_XDC,2018-10-01,581457
Australia,AU,AUS,Asia-Pacific,IMF IFS via DBnomics,Q.AU.NGDP_R_SA_XDC,2019-01-01,585583
Australia,AU,AUS,Asia-Pacific,IMF IFS via DBnomics,Q.AU.NGDP_R_SA_XDC,2019-04-01,587437
Australia,AU,AUS,Asia-Pacific,IMF IFS via DBnomics,Q.AU.NGDP_R_SA_XDC,2019-07-01,590801
Australia,AU,AUS,Asia-Pacific,IMF IFS via DBnomics,Q.AU.NGDP_R_SA_XDC,2019-10-01,594225
Australia,AU,AUS,Asia-Pacific,IMF IFS via DBnomics,Q.AU.NGDP_R_SA_XDC,2020-01-01,593309
Australia,AU,AUS,Asia-Pacific,IMF IFS via DBnomics,Q.AU.NGDP_R_SA_XDC,2020-04-01,553502
Australia,AU,AUS,Asia-Pacific,IMF IFS via DBnomics,Q.AU.NGDP_R_SA_XDC,2020-07-01,572894
Australia,AU,AUS,Asia-Pacific,IMF IFS via DBnomics,Q.AU.NGDP_R_SA_XDC,2020-10-01,592265
Australia,AU,AUS,Asia-Pacific,IMF IFS via DBnomics,Q.AU.NGDP_R_SA_XDC,2021-01-01,605368
Australia,AU,AUS,Asia-Pacific,IMF IFS via DBnomics,Q.AU.NGDP_R_SA_XDC,2021-04-01,610538
Australia,AU,AUS,Asia-Pacific,IMF IFS via DBnomics,Q.AU.NGDP_R_SA_XDC,2021-07-01,600220
Australia,AU,AUS,Asia-Pacific,IMF IFS via DBnomics,Q.AU.NGDP_R_SA_XDC,2021-10-01,621145
Australia,AU,AUS,Asia-Pacific,IMF IFS via DBnomics,Q.AU.NGDP_R_SA_XDC,2022-01-01,627035
Australia,AU,AUS,Asia-Pacific,IMF IFS via DBnomics,Q.AU.NGDP_R_SA_XDC,2022-04-01,633680
Australia,AU,AUS,Asia-Pacific,IMF IFS via DBnomics,Q.AU.NGDP_R_SA_XDC,2022-07-01,636640
Australia,AU,AUS,Asia-Pacific,IMF IFS via DBnomics,Q.AU.NGDP_R_SA_XDC,2022-10-01,640720
Australia,AU,AUS,Asia-Pacific,IMF IFS via DBnomics,Q.AU.NGDP_R_SA_XDC,2023-01-01,643675
Australia,AU,AUS,Asia-Pacific,IMF IFS via DBnomics,Q.AU.NGDP_R_SA_XDC,2023-04-01,646478
Australia,AU,AUS,Asia-Pacific,IMF IFS via DBnomics,Q.AU.NGDP_R_SA_XDC,2023-07-01,649753
Australia,AU,AUS,Asia-Pacific,IMF IFS via DBnomics,Q.AU.NGDP_R_SA_XDC,2023-10-01,650288
Australia,AU,AUS,Asia-Pacific,IMF IFS via DBnomics,Q.AU.NGDP_R_SA_XDC,2024-01-01,651115
Australia,AU,AUS,Asia-Pacific,IMF IFS via DBnomics,Q.AU.NGDP_R_SA_XDC,2024-04-01,652609
Australia,AU,AUS,Asia-Pacific,IMF IFS via DBnomics,Q.AU.NGDP_R_SA_XDC,2024-07-01,654696
Australia,AU,AUS,Asia-Pacific,IMF IFS via DBnomics,Q.AU.NGDP_R_SA_XDC,2024-10-01,658429
Australia,AU,AUS,Asia-Pacific,IMF IFS via DBnomics,Q.AU.NGDP_R_SA_XDC,2025-01-01,659819
South Korea,KR,KOR,Asia-Pacific,IMF IFS via DBnomics,Q.KR.NGDP_R_SA_XDC,1960-01-01,7530100
South Korea,KR,KOR,Asia-Pacific,IMF IFS via DBnomics,Q.KR.NGDP_R_SA_XDC,1960-04-01,7878400
South Korea,KR,KOR,Asia-Pacific,IMF IFS via DBnomics,Q.KR.NGDP_R_SA_XDC,1960-07-01,7788800
South Korea,KR,KOR,Asia-Pacific,IMF IFS via DBnomics,Q.KR.NGDP_R_SA_XDC,1960-10-01,7834300
South Korea,KR,KOR,Asia-Pacific,IMF IFS via DBnomics,Q.KR.NGDP_R_SA_XDC,1961-01-01,8081800
South Korea,KR,KOR,Asia-Pacific,IMF IFS via DBnomics,Q.KR.NGDP_R_SA_XDC,1961-04-01,8431400
South Korea,KR,KOR,Asia-Pacific,IMF IFS via DBnomics,Q.KR.NGDP_R_SA_XDC,1961-07-01,8279500
South Korea,KR,KOR,Asia-Pacific,IMF IFS via DBnomics,Q.KR.NGDP_R_SA_XDC,1961-10-01,8386200
South Korea,KR,KOR,Asia-Pacific,IMF IFS via DBnomics,Q.KR.NGDP_R_SA_XDC,1962-01-01,8551100
South Korea,KR,KOR,Asia-Pacific,IMF IFS via DBnomics,Q.KR.NGDP_R_SA_XDC,1962-04-01,8387500
South Korea,KR,KOR,Asia-Pacific,IMF IFS via DBnomics,Q.KR.NGDP_R_SA_XDC,1962-07-01,8640800
South Korea,KR,KOR,Asia-Pacific,IMF IFS via DBnomics,Q.KR.NGDP_R_SA_XDC,1962-10-01,8900800
South Korea,KR,KOR,Asia-Pacific,IMF IFS via DBnomics,Q.KR.NGDP_R_SA_XDC,1963-01-01,9407900
South Korea,KR,KOR,Asia-Pacific,IMF IFS via DBnomics,Q.KR.NGDP_R_SA_XDC,1963-04-01,9176400
South Korea,KR,KOR,Asia-Pacific,IMF IFS via DBnomics,Q.KR.NGDP_R_SA_XDC,1963-07-01,9492500
South Korea,KR,KOR,Asia-Pacific,IMF IFS via DBnomics,Q.KR.NGDP_R_SA_XDC,1963-10-01,9509900
South Korea,KR,KOR,Asia-Pacific,IMF IFS via DBnomics,Q.KR.NGDP_R_SA_XDC,1964-01-01,10057100
South Korea,KR,KOR,Asia-Pacific,IMF IFS via DBnomics,Q.KR.NGDP_R_SA_XDC,1964-04-01,9762300
South Korea,KR,KOR,Asia-Pacific,IMF IFS via DBnomics,Q.KR.NGDP_R_SA_XDC,1964-07-01,10436900
South Korea,KR,KOR,Asia-Pacific,IMF IFS via DBnomics,Q.KR.NGDP_R_SA_XDC,1964-10-01,10873600
South Korea,KR,KOR,Asia-Pacific,IMF IFS via DBnomics,Q.KR.NGDP_R_SA_XDC,1965-01-01,10988000
South Korea,KR,KOR,Asia-Pacific,IMF IFS via DBnomics,Q.KR.NGDP_R_SA_XDC,1965-04-01,11002300
South Korea,KR,KOR,Asia-Pacific,IMF IFS via DBnomics,Q.KR.NGDP_R_SA_XDC,1965-07-01,10936000
South Korea,KR,KOR,Asia-Pacific,IMF IFS via DBnomics,Q.KR.NGDP_R_SA_XDC,1965-10-01,11211800
South Korea,KR,KOR,Asia-Pacific,IMF IFS via DBnomics,Q.KR.NGDP_R_SA_XDC,1966-01-01,11868100
South Korea,KR,KOR,Asia-Pacific,IMF IFS via DBnomics,Q.KR.NGDP_R_SA_XDC,1966-04-01,12604900
South Korea,KR,KOR,Asia-Pacific,IMF IFS via DBnomics,Q.KR.NGDP_R_SA_XDC,1966-07-01,12400500
South Korea,KR,KOR,Asia-Pacific,IMF IFS via DBnomics,Q.KR.NGDP_R_SA_XDC,1966-10-01,12564700
South Korea,KR,KOR,Asia-Pacific,IMF IFS via DBnomics,Q.KR.NGDP_R_SA_XDC,1967-01-01,12971700
South Korea,KR,KOR,Asia-Pacific,IMF IFS via DBnomics,Q.KR.NGDP_R_SA_XDC,1967-04-01,13256500
South Korea,KR,KOR,Asia-Pacific,IMF IFS via DBnomics,Q.KR.NGDP_R_SA_XDC,1967-07-01,13823000
South Korea,KR,KOR,Asia-Pacific,IMF IFS via DBnomics,Q.KR.NGDP_R_SA_XDC,1967-10-01,13911300
South Korea,KR,KOR,Asia-Pacific,IMF IFS via DBnomics,Q.KR.NGDP_R_SA_XDC,1968-01-01,14750800
South Korea,KR,KOR,Asia-Pacific,IMF IFS via DBnomics,Q.KR.NGDP_R_SA_XDC,1968-04-01,15011800
South Korea,KR,KOR,Asia-Pacific,IMF IFS via DBnomics,Q.KR.NGDP_R_SA_XDC,1968-07-01,15831900
South Korea,KR,KOR,Asia-Pacific,IMF IFS via DBnomics,Q.KR.NGDP_R_SA_XDC,1968-10-01,15503500
South Korea,KR,KOR,Asia-Pacific,IMF IFS via DBnomics,Q.KR.NGDP_R_SA_XDC,1969-01-01,16266500
South Korea,KR,KOR,Asia-Pacific,IMF IFS via DBnomics,Q.KR.NGDP_R_SA_XDC,1969-04-01,16883400
South Korea,KR,KOR,Asia-Pacific,IMF IFS via DBnomics,Q.KR.NGDP_R_SA_XDC,1969-07-01,18296300
South Korea,KR,KOR,Asia-Pacific,IMF IFS via DBnomics,Q.KR.NGDP_R_SA_XDC,1969-10-01,18566200
South Korea,KR,KOR,Asia-Pacific,IMF IFS via DBnomics,Q.KR.NGDP_R_SA_XDC,1970-01-01,18254500
South Korea,KR,KOR,Asia-Pacific,IMF IFS via DBnomics,Q.KR.NGDP_R_SA_XDC,1970-04-01,19063700
South Korea,KR,KOR,Asia-Pacific,IMF IFS via DBnomics,Q.KR.NGDP_R_SA_XDC,1970-07-01,19213800
South Korea,KR,KOR,Asia-Pacific,IMF IFS via DBnomics,Q.KR.NGDP_R_SA_XDC,1970-10-01,20598700
South Korea,KR,KOR,Asia-Pacific,IMF IFS via DBnomics,Q.KR.NGDP_R_SA_XDC,1971-01-01,20739900
South Korea,KR,KOR,Asia-Pacific,IMF IFS via DBnomics,Q.KR.NGDP_R_SA_XDC,1971-04-01,21485500
South Korea,KR,KOR,Asia-Pacific,IMF IFS via DBnomics,Q.KR.NGDP_R_SA_XDC,1971-07-01,21525400
South Korea,KR,KOR,Asia-Pacific,IMF IFS via DBnomics,Q.KR.NGDP_R_SA_XDC,1971-10-01,21595400
South Korea,KR,KOR,Asia-Pacific,IMF IFS via DBnomics,Q.KR.NGDP_R_SA_XDC,1972-01-01,22003900
South Korea,KR,KOR,Asia-Pacific,IMF IFS via DBnomics,Q.KR.NGDP_R_SA_XDC,1972-04-01,22679300
South Korea,KR,KOR,Asia-Pacific,IMF IFS via DBnomics,Q.KR.NGDP_R_SA_XDC,1972-07-01,23012100
South Korea,KR,KOR,Asia-Pacific,IMF IFS via DBnomics,Q.KR.NGDP_R_SA_XDC,1972-10-01,23912600
South Korea,KR,KOR,Asia-Pacific,IMF IFS via DBnomics,Q.KR.NGDP_R_SA_XDC,1973-01-01,24863100
South Korea,KR,KOR,Asia-Pacific,IMF IFS via DBnomics,Q.KR.NGDP_R_SA_XDC,1973-04-01,25899400
South Korea,KR,KOR,Asia-Pacific,IMF IFS via DBnomics,Q.KR.NGDP_R_SA_XDC,1973-07-01,27124300
South Korea,KR,KOR,Asia-Pacific,IMF IFS via DBnomics,Q.KR.NGDP_R_SA_XDC,1973-10-01,27439200
South Korea,KR,KOR,Asia-Pacific,IMF IFS via DBnomics,Q.KR.NGDP_R_SA_XDC,1974-01-01,28845800
South Korea,KR,KOR,Asia-Pacific,IMF IFS via DBnomics,Q.KR.NGDP_R_SA_XDC,1974-04-01,28663400
South Korea,KR,KOR,Asia-Pacific,IMF IFS via DBnomics,Q.KR.NGDP_R_SA_XDC,1974-07-01,29042400
South Korea,KR,KOR,Asia-Pacific,IMF IFS via DBnomics,Q.KR.NGDP_R_SA_XDC,1974-10-01,28937100
South Korea,KR,KOR,Asia-Pacific,IMF IFS via DBnomics,Q.KR.NGDP_R_SA_XDC,1975-01-01,29533300
South Korea,KR,KOR,Asia-Pacific,IMF IFS via DBnomics,Q.KR.NGDP_R_SA_XDC,1975-04-01,30780000
South Korea,KR,KOR,Asia-Pacific,IMF IFS via DBnomics,Q.KR.NGDP_R_SA_XDC,1975-07-01,31660500
South Korea,KR,KOR,Asia-Pacific,IMF IFS via DBnomics,Q.KR.NGDP_R_SA_XDC,1975-10-01,32674900
South Korea,KR,KOR,Asia-Pacific,IMF IFS via DBnomics,Q.KR.NGDP_R_SA_XDC,1976-01-01,33709800
South Korea,KR,KOR,Asia-Pacific,IMF IFS via DBnomics,Q.KR.NGDP_R_SA_XDC,1976-04-01,35174800
South Korea,KR,KOR,Asia-Pacific,IMF IFS via DBnomics,Q.KR.NGDP_R_SA_XDC,1976-07-01,35942900
South Korea,KR,KOR,Asia-Pacific,IMF IFS via DBnomics,Q.KR.NGDP_R_SA_XDC,1976-10-01,36353600
South Korea,KR,KOR,Asia-Pacific,IMF IFS via DBnomics,Q.KR.NGDP_R_SA_XDC,1977-01-01,36753800
South Korea,KR,KOR,Asia-Pacific,IMF IFS via DBnomics,Q.KR.NGDP_R_SA_XDC,1977-04-01,38566500
South Korea,KR,KOR,Asia-Pacific,IMF IFS via DBnomics,Q.KR.NGDP_R_SA_XDC,1977-07-01,40925700
South Korea,KR,KOR,Asia-Pacific,IMF IFS via DBnomics,Q.KR.NGDP_R_SA_XDC,1977-10-01,42409500
South Korea,KR,KOR,Asia-Pacific,IMF IFS via DBnomics,Q.KR.NGDP_R_SA_XDC,1978-01-01,42149400
South Korea,KR,KOR,Asia-Pacific,IMF IFS via DBnomics,Q.KR.NGDP_R_SA_XDC,1978-04-01,43433800
South Korea,KR,KOR,Asia-Pacific,IMF IFS via DBnomics,Q.KR.NGDP_R_SA_XDC,1978-07-01,44285500
South Korea,KR,KOR,Asia-Pacific,IMF IFS via DBnomics,Q.KR.NGDP_R_SA_XDC,1978-10-01,46349200
South Korea,KR,KOR,Asia-Pacific,IMF IFS via DBnomics,Q.KR.NGDP_R_SA_XDC,1979-01-01,48541200
South Korea,KR,KOR,Asia-Pacific,IMF IFS via DBnomics,Q.KR.NGDP_R_SA_XDC,1979-04-01,48849100
South Korea,KR,KOR,Asia-Pacific,IMF IFS via DBnomics,Q.KR.NGDP_R_SA_XDC,1979-07-01,47467000
South Korea,KR,KOR,Asia-Pacific,IMF IFS via DBnomics,Q.KR.NGDP_R_SA_XDC,1979-10-01,46756500
South Korea,KR,KOR,Asia-Pacific,IMF IFS via DBnomics,Q.KR.NGDP_R_SA_XDC,1980-01-01,47272000
South Korea,KR,KOR,Asia-Pacific,IMF IFS via DBnomics,Q.KR.NGDP_R_SA_XDC,1980-04-01,46962700
South Korea,KR,KOR,Asia-Pacific,IMF IFS via DBnomics,Q.KR.NGDP_R_SA_XDC,1980-07-01,47827000
South Korea,KR,KOR,Asia-Pacific,IMF IFS via DBnomics,Q.KR.NGDP_R_SA_XDC,1980-10-01,46631400
South Korea,KR,KOR,Asia-Pacific,IMF IFS via DBnomics,Q.KR.NGDP_R_SA_XDC,1981-01-01,48571000
South Korea,KR,KOR,Asia-Pacific,IMF IFS via DBnomics,Q.KR.NGDP_R_SA_XDC,1981-04-01,49711800
South Korea,KR,KOR,Asia-Pacific,IMF IFS via DBnomics,Q.KR.NGDP_R_SA_XDC,1981-07-01,51715600
South Korea,KR,KOR,Asia-Pacific,IMF IFS via DBnomics,Q.KR.NGDP_R_SA_XDC,1981-10-01,52665200
South Korea,KR,KOR,Asia-Pacific,IMF IFS via DBnomics,Q.KR.NGDP_R_SA_XDC,1982-01-01,53051200
South Korea,KR,KOR,Asia-Pacific,IMF IFS via DBnomics,Q.KR.NGDP_R_SA_XDC,1982-04-01,54194600
South Korea,KR,KOR,Asia-Pacific,IMF IFS via DBnomics,Q.KR.NGDP_R_SA_XDC,1982-07-01,55298900
South Korea,KR,KOR,Asia-Pacific,IMF IFS via DBnomics,Q.KR.NGDP_R_SA_XDC,1982-10-01,57281000
South Korea,KR,KOR,Asia-Pacific,IMF IFS via DBnomics,Q.KR.NGDP_R_SA_XDC,1983-01-01,59706700
South Korea,KR,KOR,Asia-Pacific,IMF IFS via DBnomics,Q.KR.NGDP_R_SA_XDC,1983-04-01,61414500
South Korea,KR,KOR,Asia-Pacific,IMF IFS via DBnomics,Q.KR.NGDP_R_SA_XDC,1983-07-01,63773500
South Korea,KR,KOR,Asia-Pacific,IMF IFS via DBnomics,Q.KR.NGDP_R_SA_XDC,1983-10-01,64534400
South Korea,KR,KOR,Asia-Pacific,IMF IFS via DBnomics,Q.KR.NGDP_R_SA_XDC,1984-01-01,67142500
South Korea,KR,KOR,Asia-Pacific,IMF IFS via DBnomics,Q.KR.NGDP_R_SA_XDC,1984-04-01,68657000
South Korea,KR,KOR,Asia-Pacific,IMF IFS via DBnomics,Q.KR.NGDP_R_SA_XDC,1984-07-01,69809800
South Korea,KR,KOR,Asia-Pacific,IMF IFS via DBnomics,Q.KR.NGDP_R_SA_XDC,1984-10-01,70350700
South Korea,KR,KOR,Asia-Pacific,IMF IFS via DBnomics,Q.KR.NGDP_R_SA_XDC,1985-01-01,72078900
South Korea,KR,KOR,Asia-Pacific,IMF IFS via DBnomics,Q.KR.NGDP_R_SA_XDC,1985-04-01,73807700
South Korea,KR,KOR,Asia-Pacific,IMF IFS via DBnomics,Q.KR.NGDP_R_SA_XDC,1985-07-01,74802200
South Korea,KR,KOR,Asia-Pacific,IMF IFS via DBnomics,Q.KR.NGDP_R_SA_XDC,1985-10-01,77179100
South Korea,KR,KOR,Asia-Pacific,IMF IFS via DBnomics,Q.KR.NGDP_R_SA_XDC,1986-01-01,78418900
South Korea,KR,KOR,Asia-Pacific,IMF IFS via DBnomics,Q.KR.NGDP_R_SA_XDC,1986-04-01,81654700
South Korea,KR,KOR,Asia-Pacific,IMF IFS via DBnomics,Q.KR.NGDP_R_SA_XDC,1986-07-01,85381500
South Korea,KR,KOR,Asia-Pacific,IMF IFS via DBnomics,Q.KR.NGDP_R_SA_XDC,1986-10-01,86676500
South Korea,KR,KOR,Asia-Pacific,IMF IFS via DBnomics,Q.KR.NGDP_R_SA_XDC,1987-01-01,89176800
South Korea,KR,KOR,Asia-Pacific,IMF IFS via DBnomics,Q.KR.NGDP_R_SA_XDC,1987-04-01,93998400
South Korea,KR,KOR,Asia-Pacific,IMF IFS via DBnomics,Q.KR.NGDP_R_SA_XDC,1987-07-01,95056000
South Korea,KR,KOR,Asia-Pacific,IMF IFS via DBnomics,Q.KR.NGDP_R_SA_XDC,1987-10-01,96719500
South Korea,KR,KOR,Asia-Pacific,IMF IFS via DBnomics,Q.KR.NGDP_R_SA_XDC,1988-01-01,104030400
South Korea,KR,KOR,Asia-Pacific,IMF IFS via DBnomics,Q.KR.NGDP_R_SA_XDC,1988-04-01,102150400
South Korea,KR,KOR,Asia-Pacific,IMF IFS via DBnomics,Q.KR.NGDP_R_SA_XDC,1988-07-01,105616600
South Korea,KR,KOR,Asia-Pacific,IMF IFS via DBnomics,Q.KR.NGDP_R_SA_XDC,1988-10-01,108646800
South Korea,KR,KOR,Asia-Pacific,IMF IFS via DBnomics,Q.KR.NGDP_R_SA_XDC,1989-01-01,108617400
South Korea,KR,KOR,Asia-Pacific,IMF IFS via DBnomics,Q.KR.NGDP_R_SA_XDC,1989-04-01,110439300
South Korea,KR,KOR,Asia-Pacific,IMF IFS via DBnomics,Q.KR.NGDP_R_SA_XDC,1989-07-01,113588100
South Korea,KR,KOR,Asia-Pacific,IMF IFS via DBnomics,Q.KR.NGDP_R_SA_XDC,1989-10-01,117924200
South Korea,KR,KOR,Asia-Pacific,IMF IFS via DBnomics,Q.KR.NGDP_R_SA_XDC,1990-01-01,119159600
South Korea,KR,KOR,Asia-Pacific,IMF IFS via DBnomics,Q.KR.NGDP_R_SA_XDC,1990-04-01,121845800
South Korea,KR,KOR,Asia-Pacific,IMF IFS via DBnomics,Q.KR.NGDP_R_SA_XDC,1990-07-01,126163700
South Korea,KR,KOR,Asia-Pacific,IMF IFS via DBnomics,Q.KR.NGDP_R_SA_XDC,1990-10-01,128569200
South Korea,KR,KOR,Asia-Pacific,IMF IFS via DBnomics,Q.KR.NGDP_R_SA_XDC,1991-01-01,133273100
South Korea,KR,KOR,Asia-Pacific,IMF IFS via DBnomics,Q.KR.NGDP_R_SA_XDC,1991-04-01,135544500
South Korea,KR,KOR,Asia-Pacific,IMF IFS via DBnomics,Q.KR.NGDP_R_SA_XDC,1991-07-01,138631000
South Korea,KR,KOR,Asia-Pacific,IMF IFS via DBnomics,Q.KR.NGDP_R_SA_XDC,1991-10-01,142201000
South Korea,KR,KOR,Asia-Pacific,IMF IFS via DBnomics,Q.KR.NGDP_R_SA_XDC,1992-01-01,144661600
South Korea,KR,KOR,Asia-Pacific,IMF IFS via DBnomics,Q.KR.NGDP_R_SA_XDC,1992-04-01,145750700
South Korea,KR,KOR,Asia-Pacific,IMF IFS via DBnomics,Q.KR.NGDP_R_SA_XDC,1992-07-01,145926100
South Korea,KR,KOR,Asia-Pacific,IMF IFS via DBnomics,Q.KR.NGDP_R_SA_XDC,1992-10-01,148222700
South Korea,KR,KOR,Asia-Pacific,IMF IFS via DBnomics,Q.KR.NGDP_R_SA_XDC,1993-01-01,151302000
South Korea,KR,KOR,Asia-Pacific,IMF IFS via DBnomics,Q.KR.NGDP_R_SA_XDC,1993-04-01,155120800
South Korea,KR,KOR,Asia-Pacific,IMF IFS via DBnomics,Q.KR.NGDP_R_SA_XDC,1993-07-01,157958300
South Korea,KR,KOR,Asia-Pacific,IMF IFS via DBnomics,Q.KR.NGDP_R_SA_XDC,1993-10-01,161068400
South Korea,KR,KOR,Asia-Pacific,IMF IFS via DBnomics,Q.KR.NGDP_R_SA_XDC,1994-01-01,165850700
South Korea,KR,KOR,Asia-Pacific,IMF IFS via DBnomics,Q.KR.NGDP_R_SA_XDC,1994-04-01,168612400
South Korea,KR,KOR,Asia-Pacific,IMF IFS via DBnomics,Q.KR.NGDP_R_SA_XDC,1994-07-01,171330800
South Korea,KR,KOR,Asia-Pacific,IMF IFS via DBnomics,Q.KR.NGDP_R_SA_XDC,1994-10-01,178271700
South Korea,KR,KOR,Asia-Pacific,IMF IFS via DBnomics,Q.KR.NGDP_R_SA_XDC,1995-01-01,182209400
South Korea,KR,KOR,Asia-Pacific,IMF IFS via DBnomics,Q.KR.NGDP_R_SA_XDC,1995-04-01,185683600
South Korea,KR,KOR,Asia-Pacific,IMF IFS via DBnomics,Q.KR.NGDP_R_SA_XDC,1995-07-01,189589100
South Korea,KR,KOR,Asia-Pacific,IMF IFS via DBnomics,Q.KR.NGDP_R_SA_XDC,1995-10-01,193183400
South Korea,KR,KOR,Asia-Pacific,IMF IFS via DBnomics,Q.KR.NGDP_R_SA_XDC,1996-01-01,197063400
South Korea,KR,KOR,Asia-Pacific,IMF IFS via DBnomics,Q.KR.NGDP_R_SA_XDC,1996-04-01,200858600
South Korea,KR,KOR,Asia-Pacific,IMF IFS via DBnomics,Q.KR.NGDP_R_SA_XDC,1996-07-01,204565900
South Korea,KR,KOR,Asia-Pacific,IMF IFS via DBnomics,Q.KR.NGDP_R_SA_XDC,1996-10-01,208158900
South Korea,KR,KOR,Asia-Pacific,IMF IFS via DBnomics,Q.KR.NGDP_R_SA_XDC,1997-01-01,209163500
South Korea,KR,KOR,Asia-Pacific,IMF IFS via DBnomics,Q.KR.NGDP_R_SA_XDC,1997-04-01,216503800
South Korea,KR,KOR,Asia-Pacific,IMF IFS via DBnomics,Q.KR.NGDP_R_SA_XDC,1997-07-01,218621300
South Korea,KR,KOR,Asia-Pacific,IMF IFS via DBnomics,Q.KR.NGDP_R_SA_XDC,1997-10-01,217284700
South Korea,KR,KOR,Asia-Pacific,IMF IFS via DBnomics,Q.KR.NGDP_R_SA_XDC,1998-01-01,202695900
South Korea,KR,KOR,Asia-Pacific,IMF IFS via DBnomics,Q.KR.NGDP_R_SA_XDC,1998-04-01,201114300
South Korea,KR,KOR,Asia-Pacific,IMF IFS via DBnomics,Q.KR.NGDP_R_SA_XDC,1998-07-01,205049800
South Korea,KR,KOR,Asia-Pacific,IMF IFS via DBnomics,Q.KR.NGDP_R_SA_XDC,1998-10-01,210160900
South Korea,KR,KOR,Asia-Pacific,IMF IFS via DBnomics,Q.KR.NGDP_R_SA_XDC,1999-01-01,216688000
South Korea,KR,KOR,Asia-Pacific,IMF IFS via DBnomics,Q.KR.NGDP_R_SA_XDC,1999-04-01,226088500
South Korea,KR,KOR,Asia-Pacific,IMF IFS via DBnomics,Q.KR.NGDP_R_SA_XDC,1999-07-01,232582600
South Korea,KR,KOR,Asia-Pacific,IMF IFS via DBnomics,Q.KR.NGDP_R_SA_XDC,1999-10-01,238809500
South Korea,KR,KOR,Asia-Pacific,IMF IFS via DBnomics,Q.KR.NGDP_R_SA_XDC,2000-01-01,243573100
South Korea,KR,KOR,Asia-Pacific,IMF IFS via DBnomics,Q.KR.NGDP_R_SA_XDC,2000-04-01,247325900
South Korea,KR,KOR,Asia-Pacific,IMF IFS via DBnomics,Q.KR.NGDP_R_SA_XDC,2000-07-01,254117200
South Korea,KR,KOR,Asia-Pacific,IMF IFS via DBnomics,Q.KR.NGDP_R_SA_XDC,2000-10-01,253273000
South Korea,KR,KOR,Asia-Pacific,IMF IFS via DBnomics,Q.KR.NGDP_R_SA_XDC,2001-01-01,255820800
South Korea,KR,KOR,Asia-Pacific,IMF IFS via DBnomics,Q.KR.NGDP_R_SA_XDC,2001-04-01,259678300
South Korea,KR,KOR,Asia-Pacific,IMF IFS via DBnomics,Q.KR.NGDP_R_SA_XDC,2001-07-01,262985600
South Korea,KR,KOR,Asia-Pacific,IMF IFS via DBnomics,Q.KR.NGDP_R_SA_XDC,2001-10-01,266982900
South Korea,KR,KOR,Asia-Pacific,IMF IFS via DBnomics,Q.KR.NGDP_R_SA_XDC,2002-01-01,274419900
South Korea,KR,KOR,Asia-Pacific,IMF IFS via DBnomics,Q.KR.NGDP_R_SA_XDC,2002-04-01,279643700
South Korea,KR,KOR,Asia-Pacific,IMF IFS via DBnomics,Q.KR.NGDP_R_SA_XDC,2002-07-01,284837500
South Korea,KR,KOR,Asia-Pacific,IMF IFS via DBnomics,Q.KR.NGDP_R_SA_XDC,2002-10-01,287527500
South Korea,KR,KOR,Asia-Pacific,IMF IFS via DBnomics,Q.KR.NGDP_R_SA_XDC,2003-01-01,285982500
South Korea,KR,KOR,Asia-Pacific,IMF IFS via DBnomics,Q.KR.NGDP_R_SA_XDC,2003-04-01,286171600
South Korea,KR,KOR,Asia-Pacific,IMF IFS via DBnomics,Q.KR.NGDP_R_SA_XDC,2003-07-01,290747700
South Korea,KR,KOR,Asia-Pacific,IMF IFS via DBnomics,Q.KR.NGDP_R_SA_XDC,2003-10-01,298161400
South Korea,KR,KOR,Asia-Pacific,IMF IFS via DBnomics,Q.KR.NGDP_R_SA_XDC,2004-01-01,302404300
South Korea,KR,KOR,Asia-Pacific,IMF IFS via DBnomics,Q.KR.NGDP_R_SA_XDC,2004-04-01,304926100
South Korea,KR,KOR,Asia-Pacific,IMF IFS via DBnomics,Q.KR.NGDP_R_SA_XDC,2004-07-01,305706200
South Korea,KR,KOR,Asia-Pacific,IMF IFS via DBnomics,Q.KR.NGDP_R_SA_XDC,2004-10-01,308211900
South Korea,KR,KOR,Asia-Pacific,IMF IFS via DBnomics,Q.KR.NGDP_R_SA_XDC,2005-01-01,311097100
South Korea,KR,KOR,Asia-Pacific,IMF IFS via DBnomics,Q.KR.NGDP_R_SA_XDC,2005-04-01,316930100
South Korea,KR,KOR,Asia-Pacific,IMF IFS via DBnomics,Q.KR.NGDP_R_SA_XDC,2005-07-01,321379300
South Korea,KR,KOR,Asia-Pacific,IMF IFS via DBnomics,Q.KR.NGDP_R_SA_XDC,2005-10-01,325066900
South Korea,KR,KOR,Asia-Pacific,IMF IFS via DBnomics,Q.KR.NGDP_R_SA_XDC,2006-01-01,330234400
South Korea,KR,KOR,Asia-Pacific,IMF IFS via DBnomics,Q.KR.NGDP_R_SA_XDC,2006-04-01,332617800
South Korea,KR,KOR,Asia-Pacific,IMF IFS via DBnomics,Q.KR.NGDP_R_SA_XDC,2006-07-01,337830800
South Korea,KR,KOR,Asia-Pacific,IMF IFS via DBnomics,Q.KR.NGDP_R_SA_XDC,2006-10-01,340636500
South Korea,KR,KOR,Asia-Pacific,IMF IFS via DBnomics,Q.KR.NGDP_R_SA_XDC,2007-01-01,346675000
South Korea,KR,KOR,Asia-Pacific,IMF IFS via DBnomics,Q.KR.NGDP_R_SA_XDC,2007-04-01,352543600
South Korea,KR,KOR,Asia-Pacific,IMF IFS via DBnomics,Q.KR.NGDP_R_SA_XDC,2007-07-01,356718200
South Korea,KR,KOR,Asia-Pacific,IMF IFS via DBnomics,Q.KR.NGDP_R_SA_XDC,2007-10-01,363742300
South Korea,KR,KOR,Asia-Pacific,IMF IFS via DBnomics,Q.KR.NGDP_R_SA_XDC,2008-01-01,366484800
South Korea,KR,KOR,Asia-Pacific,IMF IFS via DBnomics,Q.KR.NGDP_R_SA_XDC,2008-04-01,367818800
South Korea,KR,KOR,Asia-Pacific,IMF IFS via DBnomics,Q.KR.NGDP_R_SA_XDC,2008-07-01,370260100
South Korea,KR,KOR,Asia-Pacific,IMF IFS via DBnomics,Q.KR.NGDP_R_SA_XDC,2008-10-01,357768200
South Korea,KR,KOR,Asia-Pacific,IMF IFS via DBnomics,Q.KR.NGDP_R_SA_XDC,2009-01-01,358711700
South Korea,KR,KOR,Asia-Pacific,IMF IFS via DBnomics,Q.KR.NGDP_R_SA_XDC,2009-04-01,363561000
South Korea,KR,KOR,Asia-Pacific,IMF IFS via DBnomics,Q.KR.NGDP_R_SA_XDC,2009-07-01,374652000
South Korea,KR,KOR,Asia-Pacific,IMF IFS via DBnomics,Q.KR.NGDP_R_SA_XDC,2009-10-01,377396300
South Korea,KR,KOR,Asia-Pacific,IMF IFS via DBnomics,Q.KR.NGDP_R_SA_XDC,2010-01-01,386238500
South Korea,KR,KOR,Asia-Pacific,IMF IFS via DBnomics,Q.KR.NGDP_R_SA_XDC,2010-04-01,392479000
South Korea,KR,KOR,Asia-Pacific,IMF IFS via DBnomics,Q.KR.NGDP_R_SA_XDC,2010-07-01,396469600
South Korea,KR,KOR,Asia-Pacific,IMF IFS via DBnomics,Q.KR.NGDP_R_SA_XDC,2010-10-01,402066000
South Korea,KR,KOR,Asia-Pacific,IMF IFS via DBnomics,Q.KR.NGDP_R_SA_XDC,2011-01-01,405904800
South Korea,KR,KOR,Asia-Pacific,IMF IFS via DBnomics,Q.KR.NGDP_R_SA_XDC,2011-04-01,407666700
South Korea,KR,KOR,Asia-Pacific,IMF IFS via DBnomics,Q.KR.NGDP_R_SA_XDC,2011-07-01,409552300
South Korea,KR,KOR,Asia-Pacific,IMF IFS via DBnomics,Q.KR.NGDP_R_SA_XDC,2011-10-01,412298900
South Korea,KR,KOR,Asia-Pacific,IMF IFS via DBnomics,Q.KR.NGDP_R_SA_XDC,2012-01-01,416240700
South Korea,KR,KOR,Asia-Pacific,IMF IFS via DBnomics,Q.KR.NGDP_R_SA_XDC,2012-04-01,417998000
South Korea,KR,KOR,Asia-Pacific,IMF IFS via DBnomics,Q.KR.NGDP_R_SA_XDC,2012-07-01,419861600
South Korea,KR,KOR,Asia-Pacific,IMF IFS via DBnomics,Q.KR.NGDP_R_SA_XDC,2012-10-01,422987500
South Korea,KR,KOR,Asia-Pacific,IMF IFS via DBnomics,Q.KR.NGDP_R_SA_XDC,2013-01-01,426342400
South Korea,KR,KOR,Asia-Pacific,IMF IFS via DBnomics,Q.KR.NGDP_R_SA_XDC,2013-04-01,431160100
South Korea,KR,KOR,Asia-Pacific,IMF IFS via DBnomics,Q.KR.NGDP_R_SA_XDC,2013-07-01,435484700
South Korea,KR,KOR,Asia-Pacific,IMF IFS via DBnomics,Q.KR.NGDP_R_SA_XDC,2013-10-01,439300300
South Korea,KR,KOR,Asia-Pacific,IMF IFS via DBnomics,Q.KR.NGDP_R_SA_XDC,2014-01-01,442669900
South Korea,KR,KOR,Asia-Pacific,IMF IFS via DBnomics,Q.KR.NGDP_R_SA_XDC,2014-04-01,446872400
South Korea,KR,KOR,Asia-Pacific,IMF IFS via DBnomics,Q.KR.NGDP_R_SA_XDC,2014-07-01,448023500
South Korea,KR,KOR,Asia-Pacific,IMF IFS via DBnomics,Q.KR.NGDP_R_SA_XDC,2014-10-01,450409200
South Korea,KR,KOR,Asia-Pacific,IMF IFS via DBnomics,Q.KR.NGDP_R_SA_XDC,2015-01-01,454302800
South Korea,KR,KOR,Asia-Pacific,IMF IFS via DBnomics,Q.KR.NGDP_R_SA_XDC,2015-04-01,456256600
South Korea,KR,KOR,Asia-Pacific,IMF IFS via DBnomics,Q.KR.NGDP_R_SA_XDC,2015-07-01,463025500
South Korea,KR,KOR,Asia-Pacific,IMF IFS via DBnomics,Q.KR.NGDP_R_SA_XDC,2015-10-01,466604000
South Korea,KR,KOR,Asia-Pacific,IMF IFS via DBnomics,Q.KR.NGDP_R_SA_XDC,2016-01-01,468400300
South Korea,KR,KOR,Asia-Pacific,IMF IFS via DBnomics,Q.KR.NGDP_R_SA_XDC,2016-04-01,474271500
South Korea,KR,KOR,Asia-Pacific,IMF IFS via DBnomics,Q.KR.NGDP_R_SA_XDC,2016-07-01,476105600
South Korea,KR,KOR,Asia-Pacific,IMF IFS via DBnomics,Q.KR.NGDP_R_SA_XDC,2016-10-01,479773700
South Korea,KR,KOR,Asia-Pacific,IMF IFS via DBnomics,Q.KR.NGDP_R_SA_XDC,2017-01-01,485188100
South Korea,KR,KOR,Asia-Pacific,IMF IFS via DBnomics,Q.KR.NGDP_R_SA_XDC,2017-04-01,488752200
South Korea,KR,KOR,Asia-Pacific,IMF IFS via DBnomics,Q.KR.NGDP_R_SA_XDC,2017-07-01,495472500
South Korea,KR,KOR,Asia-Pacific,IMF IFS via DBnomics,Q.KR.NGDP_R_SA_XDC,2017-10-01,494319300
South Korea,KR,KOR,Asia-Pacific,IMF IFS via DBnomics,Q.KR.NGDP_R_SA_XDC,2018-01-01,501586100
South Korea,KR,KOR,Asia-Pacific,IMF IFS via DBnomics,Q.KR.NGDP_R_SA_XDC,2018-04-01,505496700
South Korea,KR,KOR,Asia-Pacific,IMF IFS via DBnomics,Q.KR.NGDP_R_SA_XDC,2018-07-01,508089300
South Korea,KR,KOR,Asia-Pacific,IMF IFS via DBnomics,Q.KR.NGDP_R_SA_XDC,2018-10-01,510930200
South Korea,KR,KOR,Asia-Pacific,IMF IFS via DBnomics,Q.KR.NGDP_R_SA_XDC,2019-01-01,511364000
South Korea,KR,KOR,Asia-Pacific,IMF IFS via DBnomics,Q.KR.NGDP_R_SA_XDC,2019-04-01,518107400
South Korea,KR,KOR,Asia-Pacific,IMF IFS via DBnomics,Q.KR.NGDP_R_SA_XDC,2019-07-01,519165900
South Korea,KR,KOR,Asia-Pacific,IMF IFS via DBnomics,Q.KR.NGDP_R_SA_XDC,2019-10-01,524345100
South Korea,KR,KOR,Asia-Pacific,IMF IFS via DBnomics,Q.KR.NGDP_R_SA_XDC,2020-01-01,517612000
South Korea,KR,KOR,Asia-Pacific,IMF IFS via DBnomics,Q.KR.NGDP_R_SA_XDC,2020-04-01,503461200
South Korea,KR,KOR,Asia-Pacific,IMF IFS via DBnomics,Q.KR.NGDP_R_SA_XDC,2020-07-01,514615000
South Korea,KR,KOR,Asia-Pacific,IMF IFS via DBnomics,Q.KR.NGDP_R_SA_XDC,2020-10-01,522778300
South Korea,KR,KOR,Asia-Pacific,IMF IFS via DBnomics,Q.KR.NGDP_R_SA_XDC,2021-01-01,530731100
South Korea,KR,KOR,Asia-Pacific,IMF IFS via DBnomics,Q.KR.NGDP_R_SA_XDC,2021-04-01,538119900
South Korea,KR,KOR,Asia-Pacific,IMF IFS via DBnomics,Q.KR.NGDP_R_SA_XDC,2021-07-01,538107600
South Korea,KR,KOR,Asia-Pacific,IMF IFS via DBnomics,Q.KR.NGDP_R_SA_XDC,2021-10-01,546464300
South Korea,KR,KOR,Asia-Pacific,IMF IFS via DBnomics,Q.KR.NGDP_R_SA_XDC,2022-01-01,548545800
South Korea,KR,KOR,Asia-Pacific,IMF IFS via DBnomics,Q.KR.NGDP_R_SA_XDC,2022-04-01,553397800
South Korea,KR,KOR,Asia-Pacific,IMF IFS via DBnomics,Q.KR.NGDP_R_SA_XDC,2022-07-01,556130300
South Korea,KR,KOR,Asia-Pacific,IMF IFS via DBnomics,Q.KR.NGDP_R_SA_XDC,2022-10-01,554084900
South Korea,KR,KOR,Asia-Pacific,IMF IFS via DBnomics,Q.KR.NGDP_R_SA_XDC,2023-01-01,556056400
South Korea,KR,KOR,Asia-Pacific,IMF IFS via DBnomics,Q.KR.NGDP_R_SA_XDC,2023-04-01,559865600
South Korea,KR,KOR,Asia-Pacific,IMF IFS via DBnomics,Q.KR.NGDP_R_SA_XDC,2023-07-01,564243500
South Korea,KR,KOR,Asia-Pacific,IMF IFS via DBnomics,Q.KR.NGDP_R_SA_XDC,2023-10-01,567012300
South Korea,KR,KOR,Asia-Pacific,IMF IFS via DBnomics,Q.KR.NGDP_R_SA_XDC,2024-01-01,573667300
South Korea,KR,KOR,Asia-Pacific,IMF IFS via DBnomics,Q.KR.NGDP_R_SA_XDC,2024-04-01,572357100
South Korea,KR,KOR,Asia-Pacific,IMF IFS via DBnomics,Q.KR.NGDP_R_SA_XDC,2024-07-01,572866100
South Korea,KR,KOR,Asia-Pacific,IMF IFS via DBnomics,Q.KR.NGDP_R_SA_XDC,2024-10-01,573311800
South Korea,KR,KOR,Asia-Pacific,IMF IFS via DBnomics,Q.KR.NGDP_R_SA_XDC,2025-01-01,572057700
South Korea,KR,KOR,Asia-Pacific,IMF IFS via DBnomics,Q.KR.NGDP_R_SA_XDC,2025-04-01,575522600
United States,US,USA,Comparator,IMF IFS via DBnomics,Q.US.NGDP_R_SA_XDC,1950-01-01,586526
United States,US,USA,Comparator,IMF IFS via DBnomics,Q.US.NGDP_R_SA_XDC,1950-04-01,604420.5
United States,US,USA,Comparator,IMF IFS via DBnomics,Q.US.NGDP_R_SA_XDC,1950-07-01,627781.8
United States,US,USA,Comparator,IMF IFS via DBnomics,Q.US.NGDP_R_SA_XDC,1950-10-01,639803.5
United States,US,USA,Comparator,IMF IFS via DBnomics,Q.US.NGDP_R_SA_XDC,1951-01-01,648491.8
United States,US,USA,Comparator,IMF IFS via DBnomics,Q.US.NGDP_R_SA_XDC,1951-04-01,659724.5
United States,US,USA,Comparator,IMF IFS via DBnomics,Q.US.NGDP_R_SA_XDC,1951-07-01,673314.8
United States,US,USA,Comparator,IMF IFS via DBnomics,Q.US.NGDP_R_SA_XDC,1951-10-01,674789
United States,US,USA,Comparator,IMF IFS via DBnomics,Q.US.NGDP_R_SA_XDC,1952-01-01,681988.5
United States,US,USA,Comparator,IMF IFS via DBnomics,Q.US.NGDP_R_SA_XDC,1952-04-01,683450
United States,US,USA,Comparator,IMF IFS via DBnomics,Q.US.NGDP_R_SA_XDC,1952-07-01,688379.3
United States,US,USA,Comparator,IMF IFS via DBnomics,Q.US.NGDP_R_SA_XDC,1952-10-01,710985.3
United States,US,USA,Comparator,IMF IFS via DBnomics,Q.US.NGDP_R_SA_XDC,1953-01-01,724202.8
United States,US,USA,Comparator,IMF IFS via DBnomics,Q.US.NGDP_R_SA_XDC,1953-04-01,729801.5
United States,US,USA,Comparator,IMF IFS via DBnomics,Q.US.NGDP_R_SA_XDC,1953-07-01,725696.3
United States,US,USA,Comparator,IMF IFS via DBnomics,Q.US.NGDP_R_SA_XDC,1953-10-01,714711.3
United States,US,USA,Comparator,IMF IFS via DBnomics,Q.US.NGDP_R_SA_XDC,1954-01-01,711298
United States,US,USA,Comparator,IMF IFS via DBnomics,Q.US.NGDP_R_SA_XDC,1954-04-01,712076.3
United States,US,USA,Comparator,IMF IFS via DBnomics,Q.US.NGDP_R_SA_XDC,1954-07-01,720120.5
United States,US,USA,Comparator,IMF IFS via DBnomics,Q.US.NGDP_R_SA_XDC,1954-10-01,734213
United States,US,USA,Comparator,IMF IFS via DBnomics,Q.US.NGDP_R_SA_XDC,1955-01-01,755186.5
United States,US,USA,Comparator,IMF IFS via DBnomics,Q.US.NGDP_R_SA_XDC,1955-04-01,767477.5
United States,US,USA,Comparator,IMF IFS via DBnomics,Q.US.NGDP_R_SA_XDC,1955-07-01,777844.8
United States,US,USA,Comparator,IMF IFS via DBnomics,Q.US.NGDP_R_SA_XDC,1955-10-01,782517
United States,US,USA,Comparator,IMF IFS via DBnomics,Q.US.NGDP_R_SA_XDC,1956-01-01,779480.5
United States,US,USA,Comparator,IMF IFS via DBnomics,Q.US.NGDP_R_SA_XDC,1956-04-01,785923.5
United States,US,USA,Comparator,IMF IFS via DBnomics,Q.US.NGDP_R_SA_XDC,1956-07-01,785218.5
United States,US,USA,Comparator,IMF IFS via DBnomics,Q.US.NGDP_R_SA_XDC,1956-10-01,798142.5
United States,US,USA,Comparator,IMF IFS via DBnomics,Q.US.NGDP_R_SA_XDC,1957-01-01,803252.8
United States,US,USA,Comparator,IMF IFS via DBnomics,Q.US.NGDP_R_SA_XDC,1957-04-01,801492.5
United States,US,USA,Comparator,IMF IFS via DBnomics,Q.US.NGDP_R_SA_XDC,1957-07-01,809346.5
United States,US,USA,Comparator,IMF IFS via DBnomics,Q.US.NGDP_R_SA_XDC,1957-10-01,800973.5
United States,US,USA,Comparator,IMF IFS via DBnomics,Q.US.NGDP_R_SA_XDC,1958-01-01,780181
United States,US,USA,Comparator,IMF IFS via DBnomics,Q.US.NGDP_R_SA_XDC,1958-04-01,785306
United States,US,USA,Comparator,IMF IFS via DBnomics,Q.US.NGDP_R_SA_XDC,1958-07-01,803471
United States,US,USA,Comparator,IMF IFS via DBnomics,Q.US.NGDP_R_SA_XDC,1958-10-01,822258
United States,US,USA,Comparator,IMF IFS via DBnomics,Q.US.NGDP_R_SA_XDC,1959-01-01,838032.3
United States,US,USA,Comparator,IMF IFS via DBnomics,Q.US.NGDP_R_SA_XDC,1959-04-01,856916.8
United States,US,USA,Comparator,IMF IFS via DBnomics,Q.US.NGDP_R_SA_XDC,1959-07-01,857514.3
United States,US,USA,Comparator,IMF IFS via DBnomics,Q.US.NGDP_R_SA_XDC,1959-10-01,859958
United States,US,USA,Comparator,IMF IFS via DBnomics,Q.US.NGDP_R_SA_XDC,1960-01-01,879295.3
United States,US,USA,Comparator,IMF IFS via DBnomics,Q.US.NGDP_R_SA_XDC,1960-04-01,874561.5
United States,US,USA,Comparator,IMF IFS via DBnomics,Q.US.NGDP_R_SA_XDC,1960-07-01,878846.3
United States,US,USA,Comparator,IMF IFS via DBnomics,Q.US.NGDP_R_SA_XDC,1960-10-01,867569.5
United States,US,USA,Comparator,IMF IFS via DBnomics,Q.US.NGDP_R_SA_XDC,1961-01-01,873425.8
United States,US,USA,Comparator,IMF IFS via DBnomics,Q.US.NGDP_R_SA_XDC,1961-04-01,888255.3
United States,US,USA,Comparator,IMF IFS via DBnomics,Q.US.NGDP_R_SA_XDC,1961-07-01,905313
United States,US,USA,Comparator,IMF IFS via DBnomics,Q.US.NGDP_R_SA_XDC,1961-10-01,923072.3
United States,US,USA,Comparator,IMF IFS via DBnomics,Q.US.NGDP_R_SA_XDC,1962-01-01,939536.8
United States,US,USA,Comparator,IMF IFS via DBnomics,Q.US.NGDP_R_SA_XDC,1962-04-01,948037.3
United States,US,USA,Comparator,IMF IFS via DBnomics,Q.US.NGDP_R_SA_XDC,1962-07-01,959694
United States,US,USA,Comparator,IMF IFS via DBnomics,Q.US.NGDP_R_SA_XDC,1962-10-01,962855.3
United States,US,USA,Comparator,IMF IFS via DBnomics,Q.US.NGDP_R_SA_XDC,1963-01-01,973370.5
United States,US,USA,Comparator,IMF IFS via DBnomics,Q.US.NGDP_R_SA_XDC,1963-04-01,984295.8
United States,US,USA,Comparator,IMF IFS via DBnomics,Q.US.NGDP_R_SA_XDC,1963-07-01,1005938.8
United States,US,USA,Comparator,IMF IFS via DBnomics,Q.US.NGDP_R_SA_XDC,1963-10-01,1012536.8
United States,US,USA,Comparator,IMF IFS via DBnomics,Q.US.NGDP_R_SA_XDC,1964-01-01,1033888.3
United States,US,USA,Comparator,IMF IFS via DBnomics,Q.US.NGDP_R_SA_XDC,1964-04-01,1045148
United States,US,USA,Comparator,IMF IFS via DBnomics,Q.US.NGDP_R_SA_XDC,1964-07-01,1061479.5
United States,US,USA,Comparator,IMF IFS via DBnomics,Q.US.NGDP_R_SA_XDC,1964-10-01,1064761.5
United States,US,USA,Comparator,IMF IFS via DBnomics,Q.US.NGDP_R_SA_XDC,1965-01-01,1090527.8
United States,US,USA,Comparator,IMF IFS via DBnomics,Q.US.NGDP_R_SA_XDC,1965-04-01,1104306.3
United States,US,USA,Comparator,IMF IFS via DBnomics,Q.US.NGDP_R_SA_XDC,1965-07-01,1128856.8
United States,US,USA,Comparator,IMF IFS via DBnomics,Q.US.NGDP_R_SA_XDC,1965-10-01,1154864.5
United States,US,USA,Comparator,IMF IFS via DBnomics,Q.US.NGDP_R_SA_XDC,1966-01-01,1182972
United States,US,USA,Comparator,IMF IFS via DBnomics,Q.US.NGDP_R_SA_XDC,1966-04-01,1187011.5
United States,US,USA,Comparator,IMF IFS via DBnomics,Q.US.NGDP_R_SA_XDC,1966-07-01,1197063.5
United States,US,USA,Comparator,IMF IFS via DBnomics,Q.US.NGDP_R_SA_XDC,1966-10-01,1206884.3
United States,US,USA,Comparator,IMF IFS via DBnomics,Q.US.NGDP_R_SA_XDC,1967-01-01,1217574.8
United States,US,USA,Comparator,IMF IFS via DBnomics,Q.US.NGDP_R_SA_XDC,1967-04-01,1218321.8
United States,US,USA,Comparator,IMF IFS via DBnomics,Q.US.NGDP_R_SA_XDC,1967-07-01,1229848
United States,US,USA,Comparator,IMF IFS via DBnomics,Q.US.NGDP_R_SA_XDC,1967-10-01,1239119.3
United States,US,USA,Comparator,IMF IFS via DBnomics,Q.US.NGDP_R_SA_XDC,1968-01-01,1264388.3
United States,US,USA,Comparator,IMF IFS via DBnomics,Q.US.NGDP_R_SA_XDC,1968-04-01,1285508.3
United States,US,USA,Comparator,IMF IFS via DBnomics,Q.US.NGDP_R_SA_XDC,1968-07-01,1295464.8
United States,US,USA,Comparator,IMF IFS via DBnomics,Q.US.NGDP_R_SA_XDC,1968-10-01,1300553
United States,US,USA,Comparator,IMF IFS via DBnomics,Q.US.NGDP_R_SA_XDC,1969-01-01,1320899.3
United States,US,USA,Comparator,IMF IFS via DBnomics,Q.US.NGDP_R_SA_XDC,1969-04-01,1324906.3
United States,US,USA,Comparator,IMF IFS via DBnomics,Q.US.NGDP_R_SA_XDC,1969-07-01,1333650
United States,US,USA,Comparator,IMF IFS via DBnomics,Q.US.NGDP_R_SA_XDC,1969-10-01,1327139
United States,US,USA,Comparator,IMF IFS via DBnomics,Q.US.NGDP_R_SA_XDC,1970-01-01,1325163
United States,US,USA,Comparator,IMF IFS via DBnomics,Q.US.NGDP_R_SA_XDC,1970-04-01,1327041
United States,US,USA,Comparator,IMF IFS via DBnomics,Q.US.NGDP_R_SA_XDC,1970-07-01,1339269.3
United States,US,USA,Comparator,IMF IFS via DBnomics,Q.US.NGDP_R_SA_XDC,1970-10-01,1324918
United States,US,USA,Comparator,IMF IFS via DBnomics,Q.US.NGDP_R_SA_XDC,1971-01-01,1360904.8
United States,US,USA,Comparator,IMF IFS via DBnomics,Q.US.NGDP_R_SA_XDC,1971-04-01,1368264.8
United States,US,USA,Comparator,IMF IFS via DBnomics,Q.US.NGDP_R_SA_XDC,1971-07-01,1379518
United States,US,USA,Comparator,IMF IFS via DBnomics,Q.US.NGDP_R_SA_XDC,1971-10-01,1382758
United States,US,USA,Comparator,IMF IFS via DBnomics,Q.US.NGDP_R_SA_XDC,1972-01-01,1408162.3
United States,US,USA,Comparator,IMF IFS via DBnomics,Q.US.NGDP_R_SA_XDC,1972-04-01,1440117.5
United States,US,USA,Comparator,IMF IFS via DBnomics,Q.US.NGDP_R_SA_XDC,1972-07-01,1453713.5
United States,US,USA,Comparator,IMF IFS via DBnomics,Q.US.NGDP_R_SA_XDC,1972-10-01,1478055
United States,US,USA,Comparator,IMF IFS via DBnomics,Q.US.NGDP_R_SA_XDC,1973-01-01,1514636
United States,US,USA,Comparator,IMF IFS via DBnomics,Q.US.NGDP_R_SA_XDC,1973-04-01,1531126.5
United States,US,USA,Comparator,IMF IFS via DBnomics,Q.US.NGDP_R_SA_XDC,1973-07-01,1523075.3
United States,US,USA,Comparator,IMF IFS via DBnomics,Q.US.NGDP_R_SA_XDC,1973-10-01,1537532.8
United States,US,USA,Comparator,IMF IFS via DBnomics,Q.US.NGDP_R_SA_XDC,1974-01-01,1524314.5
United States,US,USA,Comparator,IMF IFS via DBnomics,Q.US.NGDP_R_SA_XDC,1974-04-01,1527937.8
United States,US,USA,Comparator,IMF IFS via DBnomics,Q.US.NGDP_R_SA_XDC,1974-07-01,1513494.5
United States,US,USA,Comparator,IMF IFS via DBnomics,Q.US.NGDP_R_SA_XDC,1974-10-01,1507616
United States,US,USA,Comparator,IMF IFS via DBnomics,Q.US.NGDP_R_SA_XDC,1975-01-01,1489258.8
United States,US,USA,Comparator,IMF IFS via DBnomics,Q.US.NGDP_R_SA_XDC,1975-04-01,1499902.5
United States,US,USA,Comparator,IMF IFS via DBnomics,Q.US.NGDP_R_SA_XDC,1975-07-01,1525581.5
United States,US,USA,Comparator,IMF IFS via DBnomics,Q.US.NGDP_R_SA_XDC,1975-10-01,1546132.5
United States,US,USA,Comparator,IMF IFS via DBnomics,Q.US.NGDP_R_SA_XDC,1976-01-01,1580912.3
United States,US,USA,Comparator,IMF IFS via DBnomics,Q.US.NGDP_R_SA_XDC,1976-04-01,1592506.3
United States,US,USA,Comparator,IMF IFS via DBnomics,Q.US.NGDP_R_SA_XDC,1976-07-01,1601223.8
United States,US,USA,Comparator,IMF IFS via DBnomics,Q.US.NGDP_R_SA_XDC,1976-10-01,1612794.3
United States,US,USA,Comparator,IMF IFS via DBnomics,Q.US.NGDP_R_SA_XDC,1977-01-01,1631925.8
United States,US,USA,Comparator,IMF IFS via DBnomics,Q.US.NGDP_R_SA_XDC,1977-04-01,1663616.5
United States,US,USA,Comparator,IMF IFS via DBnomics,Q.US.NGDP_R_SA_XDC,1977-07-01,1693614.3
United States,US,USA,Comparator,IMF IFS via DBnomics,Q.US.NGDP_R_SA_XDC,1977-10-01,1693648
United States,US,USA,Comparator,IMF IFS via DBnomics,Q.US.NGDP_R_SA_XDC,1978-01-01,1699065
United States,US,USA,Comparator,IMF IFS via DBnomics,Q.US.NGDP_R_SA_XDC,1978-04-01,1764730
United States,US,USA,Comparator,IMF IFS via DBnomics,Q.US.NGDP_R_SA_XDC,1978-07-01,1782478.8
United States,US,USA,Comparator,IMF IFS via DBnomics,Q.US.NGDP_R_SA_XDC,1978-10-01,1806437.5
United States,US,USA,Comparator,IMF IFS via DBnomics,Q.US.NGDP_R_SA_XDC,1979-01-01,1809681.8
United States,US,USA,Comparator,IMF IFS via DBnomics,Q.US.NGDP_R_SA_XDC,1979-04-01,1811613.5
United States,US,USA,Comparator,IMF IFS via DBnomics,Q.US.NGDP_R_SA_XDC,1979-07-01,1825070.3
United States,US,USA,Comparator,IMF IFS via DBnomics,Q.US.NGDP_R_SA_XDC,1979-10-01,1829633.8
United States,US,USA,Comparator,IMF IFS via DBnomics,Q.US.NGDP_R_SA_XDC,1980-01-01,1835389.3
United States,US,USA,Comparator,IMF IFS via DBnomics,Q.US.NGDP_R_SA_XDC,1980-04-01,1797572.3
United States,US,USA,Comparator,IMF IFS via DBnomics,Q.US.NGDP_R_SA_XDC,1980-07-01,1795435.8
United States,US,USA,Comparator,IMF IFS via DBnomics,Q.US.NGDP_R_SA_XDC,1980-10-01,1828919.3
United States,US,USA,Comparator,IMF IFS via DBnomics,Q.US.NGDP_R_SA_XDC,1981-01-01,1864755.5
United States,US,USA,Comparator,IMF IFS via DBnomics,Q.US.NGDP_R_SA_XDC,1981-04-01,1850936.3
United States,US,USA,Comparator,IMF IFS via DBnomics,Q.US.NGDP_R_SA_XDC,1981-07-01,1873101.3
United States,US,USA,Comparator,IMF IFS via DBnomics,Q.US.NGDP_R_SA_XDC,1981-10-01,1852692
United States,US,USA,Comparator,IMF IFS via DBnomics,Q.US.NGDP_R_SA_XDC,1982-01-01,1823907.8
United States,US,USA,Comparator,IMF IFS via DBnomics,Q.US.NGDP_R_SA_XDC,1982-04-01,1832228
United States,US,USA,Comparator,IMF IFS via DBnomics,Q.US.NGDP_R_SA_XDC,1982-07-01,1825224
United States,US,USA,Comparator,IMF IFS via DBnomics,Q.US.NGDP_R_SA_XDC,1982-10-01,1825954.3
United States,US,USA,Comparator,IMF IFS via DBnomics,Q.US.NGDP_R_SA_XDC,1983-01-01,1850016.5
United States,US,USA,Comparator,IMF IFS via DBnomics,Q.US.NGDP_R_SA_XDC,1983-04-01,1892114
United States,US,USA,Comparator,IMF IFS via DBnomics,Q.US.NGDP_R_SA_XDC,1983-07-01,1929936.5
United States,US,USA,Comparator,IMF IFS via DBnomics,Q.US.NGDP_R_SA_XDC,1983-10-01,1970198.5
United States,US,USA,Comparator,IMF IFS via DBnomics,Q.US.NGDP_R_SA_XDC,1984-01-01,2008711.8
United States,US,USA,Comparator,IMF IFS via DBnomics,Q.US.NGDP_R_SA_XDC,1984-04-01,2043417.5
United States,US,USA,Comparator,IMF IFS via DBnomics,Q.US.NGDP_R_SA_XDC,1984-07-01,2063116.3
United States,US,USA,Comparator,IMF IFS via DBnomics,Q.US.NGDP_R_SA_XDC,1984-10-01,2080049.8
United States,US,USA,Comparator,IMF IFS via DBnomics,Q.US.NGDP_R_SA_XDC,1985-01-01,2100205
United States,US,USA,Comparator,IMF IFS via DBnomics,Q.US.NGDP_R_SA_XDC,1985-04-01,2118696.8
United States,US,USA,Comparator,IMF IFS via DBnomics,Q.US.NGDP_R_SA_XDC,1985-07-01,2151055
United States,US,USA,Comparator,IMF IFS via DBnomics,Q.US.NGDP_R_SA_XDC,1985-10-01,2167047
United States,US,USA,Comparator,IMF IFS via DBnomics,Q.US.NGDP_R_SA_XDC,1986-01-01,2187281.8
United States,US,USA,Comparator,IMF IFS via DBnomics,Q.US.NGDP_R_SA_XDC,1986-04-01,2197131
United States,US,USA,Comparator,IMF IFS via DBnomics,Q.US.NGDP_R_SA_XDC,1986-07-01,2218150.3
United States,US,USA,Comparator,IMF IFS via DBnomics,Q.US.NGDP_R_SA_XDC,1986-10-01,2230048.3
United States,US,USA,Comparator,IMF IFS via DBnomics,Q.US.NGDP_R_SA_XDC,1987-01-01,2246591.8
United States,US,USA,Comparator,IMF IFS via DBnomics,Q.US.NGDP_R_SA_XDC,1987-04-01,2270814
United States,US,USA,Comparator,IMF IFS via DBnomics,Q.US.NGDP_R_SA_XDC,1987-07-01,2290506
United States,US,USA,Comparator,IMF IFS via DBnomics,Q.US.NGDP_R_SA_XDC,1987-10-01,2329833
United States,US,USA,Comparator,IMF IFS via DBnomics,Q.US.NGDP_R_SA_XDC,1988-01-01,2341875.5
United States,US,USA,Comparator,IMF IFS via DBnomics,Q.US.NGDP_R_SA_XDC,1988-04-01,2372648.5
United States,US,USA,Comparator,IMF IFS via DBnomics,Q.US.NGDP_R_SA_XDC,1988-07-01,2386551.5
United States,US,USA,Comparator,IMF IFS via DBnomics,Q.US.NGDP_R_SA_XDC,1988-10-01,2418351.3
United States,US,USA,Comparator,IMF IFS via DBnomics,Q.US.NGDP_R_SA_XDC,1989-01-01,2442931.3
United States,US,USA,Comparator,IMF IFS via DBnomics,Q.US.NGDP_R_SA_XDC,1989-04-01,2461573.3
United States,US,USA,Comparator,IMF IFS via DBnomics,Q.US.NGDP_R_SA_XDC,1989-07-01,2479807
United States,US,USA,Comparator,IMF IFS via DBnomics,Q.US.NGDP_R_SA_XDC,1989-10-01,2484691.8
United States,US,USA,Comparator,IMF IFS via DBnomics,Q.US.NGDP_R_SA_XDC,1990-01-01,2511846.5
United States,US,USA,Comparator,IMF IFS via DBnomics,Q.US.NGDP_R_SA_XDC,1990-04-01,2520963.8
United States,US,USA,Comparator,IMF IFS via DBnomics,Q.US.NGDP_R_SA_XDC,1990-07-01,2522642.3
United States,US,USA,Comparator,IMF IFS via DBnomics,Q.US.NGDP_R_SA_XDC,1990-10-01,2499676
United States,US,USA,Comparator,IMF IFS via DBnomics,Q.US.NGDP_R_SA_XDC,1991-01-01,2487979
United States,US,USA,Comparator,IMF IFS via DBnomics,Q.US.NGDP_R_SA_XDC,1991-04-01,2507377.5
United States,US,USA,Comparator,IMF IFS via DBnomics,Q.US.NGDP_R_SA_XDC,1991-07-01,2520048.8
United States,US,USA,Comparator,IMF IFS via DBnomics,Q.US.NGDP_R_SA_XDC,1991-10-01,2528832.3
United States,US,USA,Comparator,IMF IFS via DBnomics,Q.US.NGDP_R_SA_XDC,1992-01-01,2559108.8
United States,US,USA,Comparator,IMF IFS via DBnomics,Q.US.NGDP_R_SA_XDC,1992-04-01,2586857.3
United States,US,USA,Comparator,IMF IFS via DBnomics,Q.US.NGDP_R_SA_XDC,1992-07-01,2612418.3
United States,US,USA,Comparator,IMF IFS via DBnomics,Q.US.NGDP_R_SA_XDC,1992-10-01,2639662
United States,US,USA,Comparator,IMF IFS via DBnomics,Q.US.NGDP_R_SA_XDC,1993-01-01,2644068.8
United States,US,USA,Comparator,IMF IFS via DBnomics,Q.US.NGDP_R_SA_XDC,1993-04-01,2659461.8
United States,US,USA,Comparator,IMF IFS via DBnomics,Q.US.NGDP_R_SA_XDC,1993-07-01,2672151.5
United States,US,USA,Comparator,IMF IFS via DBnomics,Q.US.NGDP_R_SA_XDC,1993-10-01,2708496.8
United States,US,USA,Comparator,IMF IFS via DBnomics,Q.US.NGDP_R_SA_XDC,1994-01-01,2734779
United States,US,USA,Comparator,IMF IFS via DBnomics,Q.US.NGDP_R_SA_XDC,1994-04-01,2771840.3
United States,US,USA,Comparator,IMF IFS via DBnomics,Q.US.NGDP_R_SA_XDC,1994-07-01,2788044
United States,US,USA,Comparator,IMF IFS via DBnomics,Q.US.NGDP_R_SA_XDC,1994-10-01,2819983
United States,US,USA,Comparator,IMF IFS via DBnomics,Q.US.NGDP_R_SA_XDC,1995-01-01,2829987.8
United States,US,USA,Comparator,IMF IFS via DBnomics,Q.US.NGDP_R_SA_XDC,1995-04-01,2838430.3
United States,US,USA,Comparator,IMF IFS via DBnomics,Q.US.NGDP_R_SA_XDC,1995-07-01,2862577.5
United States,US,USA,Comparator,IMF IFS via DBnomics,Q.US.NGDP_R_SA_XDC,1995-10-01,2882016.8
United States,US,USA,Comparator,IMF IFS via DBnomics,Q.US.NGDP_R_SA_XDC,1996-01-01,2903604.5
United States,US,USA,Comparator,IMF IFS via DBnomics,Q.US.NGDP_R_SA_XDC,1996-04-01,2952035
United States,US,USA,Comparator,IMF IFS via DBnomics,Q.US.NGDP_R_SA_XDC,1996-07-01,2978515.8
United States,US,USA,Comparator,IMF IFS via DBnomics,Q.US.NGDP_R_SA_XDC,1996-10-01,3009443.8
United States,US,USA,Comparator,IMF IFS via DBnomics,Q.US.NGDP_R_SA_XDC,1997-01-01,3028868
United States,US,USA,Comparator,IMF IFS via DBnomics,Q.US.NGDP_R_SA_XDC,1997-04-01,3079305.3
United States,US,USA,Comparator,IMF IFS via DBnomics,Q.US.NGDP_R_SA_XDC,1997-07-01,3117752.5
United States,US,USA,Comparator,IMF IFS via DBnomics,Q.US.NGDP_R_SA_XDC,1997-10-01,3144373.8
United States,US,USA,Comparator,IMF IFS via DBnomics,Q.US.NGDP_R_SA_XDC,1998-01-01,3175935.5
United States,US,USA,Comparator,IMF IFS via DBnomics,Q.US.NGDP_R_SA_XDC,1998-04-01,3205334.8
United States,US,USA,Comparator,IMF IFS via DBnomics,Q.US.NGDP_R_SA_XDC,1998-07-01,3245688
United States,US,USA,Comparator,IMF IFS via DBnomics,Q.US.NGDP_R_SA_XDC,1998-10-01,3297917.5
United States,US,USA,Comparator,IMF IFS via DBnomics,Q.US.NGDP_R_SA_XDC,1999-01-01,3328899.3
United States,US,USA,Comparator,IMF IFS via DBnomics,Q.US.NGDP_R_SA_XDC,1999-04-01,3356687
United States,US,USA,Comparator,IMF IFS via DBnomics,Q.US.NGDP_R_SA_XDC,1999-07-01,3401192.8
United States,US,USA,Comparator,IMF IFS via DBnomics,Q.US.NGDP_R_SA_XDC,1999-10-01,3456995
United States,US,USA,Comparator,IMF IFS via DBnomics,Q.US.NGDP_R_SA_XDC,2000-01-01,3469536.8
United States,US,USA,Comparator,IMF IFS via DBnomics,Q.US.NGDP_R_SA_XDC,2000-04-01,3532727
United States,US,USA,Comparator,IMF IFS via DBnomics,Q.US.NGDP_R_SA_XDC,2000-07-01,3536328
United States,US,USA,Comparator,IMF IFS via DBnomics,Q.US.NGDP_R_SA_XDC,2000-10-01,3557441.3
United States,US,USA,Comparator,IMF IFS via DBnomics,Q.US.NGDP_R_SA_XDC,2001-01-01,3545780
United States,US,USA,Comparator,IMF IFS via DBnomics,Q.US.NGDP_R_SA_XDC,2001-04-01,3567923.5
United States,US,USA,Comparator,IMF IFS via DBnomics,Q.US.NGDP_R_SA_XDC,2001-07-01,3553629
United States,US,USA,Comparator,IMF IFS via DBnomics,Q.US.NGDP_R_SA_XDC,2001-10-01,3563393.5
United States,US,USA,Comparator,IMF IFS via DBnomics,Q.US.NGDP_R_SA_XDC,2002-01-01,3593196.3
United States,US,USA,Comparator,IMF IFS via DBnomics,Q.US.NGDP_R_SA_XDC,2002-04-01,3615212
United States,US,USA,Comparator,IMF IFS via DBnomics,Q.US.NGDP_R_SA_XDC,2002-07-01,3629908.3
United States,US,USA,Comparator,IMF IFS via DBnomics,Q.US.NGDP_R_SA_XDC,2002-10-01,3634395
United States,US,USA,Comparator,IMF IFS via DBnomics,Q.US.NGDP_R_SA_XDC,2003-01-01,3653535.3
United States,US,USA,Comparator,IMF IFS via DBnomics,Q.US.NGDP_R_SA_XDC,2003-04-01,3685891.8
United States,US,USA,Comparator,IMF IFS via DBnomics,Q.US.NGDP_R_SA_XDC,2003-07-01,3747195.5
United States,US,USA,Comparator,IMF IFS via DBnomics,Q.US.NGDP_R_SA_XDC,2003-10-01,3790690
United States,US,USA,Comparator,IMF IFS via DBnomics,Q.US.NGDP_R_SA_XDC,2004-01-01,3812170
United States,US,USA,Comparator,IMF IFS via DBnomics,Q.US.NGDP_R_SA_XDC,2004-04-01,3841712.5
United States,US,USA,Comparator,IMF IFS via DBnomics,Q.US.NGDP_R_SA_XDC,2004-07-01,3878154.8
United States,US,USA,Comparator,IMF IFS via DBnomics,Q.US.NGDP_R_SA_XDC,2004-10-01,3917720
United States,US,USA,Comparator,IMF IFS via DBnomics,Q.US.NGDP_R_SA_XDC,2005-01-01,3961181.8
United States,US,USA,Comparator,IMF IFS via DBnomics,Q.US.NGDP_R_SA_XDC,2005-04-01,3980695.5
United States,US,USA,Comparator,IMF IFS via DBnomics,Q.US.NGDP_R_SA_XDC,2005-07-01,4011896.8
United States,US,USA,Comparator,IMF IFS via DBnomics,Q.US.NGDP_R_SA_XDC,2005-10-01,4034183.5
United States,US,USA,Comparator,IMF IFS via DBnomics,Q.US.NGDP_R_SA_XDC,2006-01-01,4088458.8
United States,US,USA,Comparator,IMF IFS via DBnomics,Q.US.NGDP_R_SA_XDC,2006-04-01,4099037.8
United States,US,USA,Comparator,IMF IFS via DBnomics,Q.US.NGDP_R_SA_XDC,2006-07-01,4105184.5
United States,US,USA,Comparator,IMF IFS via DBnomics,Q.US.NGDP_R_SA_XDC,2006-10-01,4140466.5
United States,US,USA,Comparator,IMF IFS via DBnomics,Q.US.NGDP_R_SA_XDC,2007-01-01,4152922.5
United States,US,USA,Comparator,IMF IFS via DBnomics,Q.US.NGDP_R_SA_XDC,2007-04-01,4178328.5
United States,US,USA,Comparator,IMF IFS via DBnomics,Q.US.NGDP_R_SA_XDC,2007-07-01,4202396.8
United States,US,USA,Comparator,IMF IFS via DBnomics,Q.US.NGDP_R_SA_XDC,2007-10-01,4228797.8
United States,US,USA,Comparator,IMF IFS via DBnomics,Q.US.NGDP_R_SA_XDC,2008-01-01,4210750.8
United States,US,USA,Comparator,IMF IFS via DBnomics,Q.US.NGDP_R_SA_XDC,2008-04-01,4235822.8
United States,US,USA,Comparator,IMF IFS via DBnomics,Q.US.NGDP_R_SA_XDC,2008-07-01,4213573.8
United States,US,USA,Comparator,IMF IFS via DBnomics,Q.US.NGDP_R_SA_XDC,2008-10-01,4121337.5
United States,US,USA,Comparator,IMF IFS via DBnomics,Q.US.NGDP_R_SA_XDC,2009-01-01,4074565.5
United States,US,USA,Comparator,IMF IFS via DBnomics,Q.US.NGDP_R_SA_XDC,2009-04-01,4067286.3
United States,US,USA,Comparator,IMF IFS via DBnomics,Q.US.NGDP_R_SA_XDC,2009-07-01,4081570.3
United States,US,USA,Comparator,IMF IFS via DBnomics,Q.US.NGDP_R_SA_XDC,2009-10-01,4125688.5
United States,US,USA,Comparator,IMF IFS via DBnomics,Q.US.NGDP_R_SA_XDC,2010-01-01,4145677.5
United States,US,USA,Comparator,IMF IFS via DBnomics,Q.US.NGDP_R_SA_XDC,2010-04-01,4185790.5
United States,US,USA,Comparator,IMF IFS via DBnomics,Q.US.NGDP_R_SA_XDC,2010-07-01,4218066.5
United States,US,USA,Comparator,IMF IFS via DBnomics,Q.US.NGDP_R_SA_XDC,2010-10-01,4240216
United States,US,USA,Comparator,IMF IFS via DBnomics,Q.US.NGDP_R_SA_XDC,2011-01-01,4230158
United States,US,USA,Comparator,IMF IFS via DBnomics,Q.US.NGDP_R_SA_XDC,2011-04-01,4258778.5
United States,US,USA,Comparator,IMF IFS via DBnomics,Q.US.NGDP_R_SA_XDC,2011-07-01,4257828.3
United States,US,USA,Comparator,IMF IFS via DBnomics,Q.US.NGDP_R_SA_XDC,2011-10-01,4305645.8
United States,US,USA,Comparator,IMF IFS via DBnomics,Q.US.NGDP_R_SA_XDC,2012-01-01,4341752.5
United States,US,USA,Comparator,IMF IFS via DBnomics,Q.US.NGDP_R_SA_XDC,2012-04-01,4361131.3
United States,US,USA,Comparator,IMF IFS via DBnomics,Q.US.NGDP_R_SA_XDC,2012-07-01,4367412.5
United States,US,USA,Comparator,IMF IFS via DBnomics,Q.US.NGDP_R_SA_XDC,2012-10-01,4372463
United States,US,USA,Comparator,IMF IFS via DBnomics,Q.US.NGDP_R_SA_XDC,2013-01-01,4415600
United States,US,USA,Comparator,IMF IFS via DBnomics,Q.US.NGDP_R_SA_XDC,2013-04-01,4427417.8
United States,US,USA,Comparator,IMF IFS via DBnomics,Q.US.NGDP_R_SA_XDC,2013-07-01,4465112.5
United States,US,USA,Comparator,IMF IFS via DBnomics,Q.US.NGDP_R_SA_XDC,2013-10-01,4504036.8
United States,US,USA,Comparator,IMF IFS via DBnomics,Q.US.NGDP_R_SA_XDC,2014-01-01,4488493.5
United States,US,USA,Comparator,IMF IFS via DBnomics,Q.US.NGDP_R_SA_XDC,2014-04-01,4546477.8
United States,US,USA,Comparator,IMF IFS via DBnomics,Q.US.NGDP_R_SA_XDC,2014-07-01,4601735.3
United States,US,USA,Comparator,IMF IFS via DBnomics,Q.US.NGDP_R_SA_XDC,2014-10-01,4625007.8
United States,US,USA,Comparator,IMF IFS via DBnomics,Q.US.NGDP_R_SA_XDC,2015-01-01,4666655.3
United States,US,USA,Comparator,IMF IFS via DBnomics,Q.US.NGDP_R_SA_XDC,2015-04-01,4695560.8
United States,US,USA,Comparator,IMF IFS via DBnomics,Q.US.NGDP_R_SA_XDC,2015-07-01,4714354.5
United States,US,USA,Comparator,IMF IFS via DBnomics,Q.US.NGDP_R_SA_XDC,2015-10-01,4723051.5
United States,US,USA,Comparator,IMF IFS via DBnomics,Q.US.NGDP_R_SA_XDC,2016-01-01,4750422.5
United States,US,USA,Comparator,IMF IFS via DBnomics,Q.US.NGDP_R_SA_XDC,2016-04-01,4765677.3
United States,US,USA,Comparator,IMF IFS via DBnomics,Q.US.NGDP_R_SA_XDC,2016-07-01,4799484.5
United States,US,USA,Comparator,IMF IFS via DBnomics,Q.US.NGDP_R_SA_XDC,2016-10-01,4826088
United States,US,USA,Comparator,IMF IFS via DBnomics,Q.US.NGDP_R_SA_XDC,2017-01-01,4849585.8
United States,US,USA,Comparator,IMF IFS via DBnomics,Q.US.NGDP_R_SA_XDC,2017-04-01,4876737.3
United States,US,USA,Comparator,IMF IFS via DBnomics,Q.US.NGDP_R_SA_XDC,2017-07-01,4915191.5
United States,US,USA,Comparator,IMF IFS via DBnomics,Q.US.NGDP_R_SA_XDC,2017-10-01,4970588
United States,US,USA,Comparator,IMF IFS via DBnomics,Q.US.NGDP_R_SA_XDC,2018-01-01,5011019.3
United States,US,USA,Comparator,IMF IFS via DBnomics,Q.US.NGDP_R_SA_XDC,2018-04-01,5037619
United States,US,USA,Comparator,IMF IFS via DBnomics,Q.US.NGDP_R_SA_XDC,2018-07-01,5069038.5
United States,US,USA,Comparator,IMF IFS via DBnomics,Q.US.NGDP_R_SA_XDC,2018-10-01,5076218.5
United States,US,USA,Comparator,IMF IFS via DBnomics,Q.US.NGDP_R_SA_XDC,2019-01-01,5107910.3
United States,US,USA,Comparator,IMF IFS via DBnomics,Q.US.NGDP_R_SA_XDC,2019-04-01,5150568.8
United States,US,USA,Comparator,IMF IFS via DBnomics,Q.US.NGDP_R_SA_XDC,2019-07-01,5210830.5
United States,US,USA,Comparator,IMF IFS via DBnomics,Q.US.NGDP_R_SA_XDC,2019-10-01,5246362
United States,US,USA,Comparator,IMF IFS via DBnomics,Q.US.NGDP_R_SA_XDC,2020-01-01,5173309.5
United States,US,USA,Comparator,IMF IFS via DBnomics,Q.US.NGDP_R_SA_XDC,2020-04-01,4764154.3
United States,US,USA,Comparator,IMF IFS via DBnomics,Q.US.NGDP_R_SA_XDC,2020-07-01,5137198.3
United States,US,USA,Comparator,IMF IFS via DBnomics,Q.US.NGDP_R_SA_XDC,2020-10-01,5192922.8
United States,US,USA,Comparator,IMF IFS via DBnomics,Q.US.NGDP_R_SA_XDC,2021-01-01,5264594.8
United States,US,USA,Comparator,IMF IFS via DBnomics,Q.US.NGDP_R_SA_XDC,2021-04-01,5347251.3
United States,US,USA,Comparator,IMF IFS via DBnomics,Q.US.NGDP_R_SA_XDC,2021-07-01,5392855.3
United States,US,USA,Comparator,IMF IFS via DBnomics,Q.US.NGDP_R_SA_XDC,2021-10-01,5490097
United States,US,USA,Comparator,IMF IFS via DBnomics,Q.US.NGDP_R_SA_XDC,2022-01-01,5475962.5
United States,US,USA,Comparator,IMF IFS via DBnomics,Q.US.NGDP_R_SA_XDC,2022-04-01,5479805.5
United States,US,USA,Comparator,IMF IFS via DBnomics,Q.US.NGDP_R_SA_XDC,2022-07-01,5516696
United States,US,USA,Comparator,IMF IFS via DBnomics,Q.US.NGDP_R_SA_XDC,2022-10-01,5562364.8
United States,US,USA,Comparator,IMF IFS via DBnomics,Q.US.NGDP_R_SA_XDC,2023-01-01,5600858.8
United States,US,USA,Comparator,IMF IFS via DBnomics,Q.US.NGDP_R_SA_XDC,2023-04-01,5634854.5
United States,US,USA,Comparator,IMF IFS via DBnomics,Q.US.NGDP_R_SA_XDC,2023-07-01,5695233.3
United States,US,USA,Comparator,IMF IFS via DBnomics,Q.US.NGDP_R_SA_XDC,2023-10-01,5740150
United States,US,USA,Comparator,IMF IFS via DBnomics,Q.US.NGDP_R_SA_XDC,2024-01-01,5763386.3
United States,US,USA,Comparator,IMF IFS via DBnomics,Q.US.NGDP_R_SA_XDC,2024-04-01,5805976.5
United States,US,USA,Comparator,IMF IFS via DBnomics,Q.US.NGDP_R_SA_XDC,2024-07-01,5850073.5
United States,US,USA,Comparator,IMF IFS via DBnomics,Q.US.NGDP_R_SA_XDC,2024-10-01,5885587.3
United States,US,USA,Comparator,IMF IFS via DBnomics,Q.US.NGDP_R_SA_XDC,2025-01-01,5878179.3
United States,US,USA,Comparator,IMF IFS via DBnomics,Q.US.NGDP_R_SA_XDC,2025-04-01,5921321.8
China,CN,CHN,Asia-Pacific,World Bank GEM,NYGDPMKTPSAKN,2025-10-01,34136267.14
China,CN,CHN,Asia-Pacific,World Bank GEM,NYGDPMKTPSAKN,2025-07-01,33742070.24
China,CN,CHN,Asia-Pacific,World Bank GEM,NYGDPMKTPSAKN,2025-04-01,33449902.01
China,CN,CHN,Asia-Pacific,World Bank GEM,NYGDPMKTPSAKN,2025-01-01,33145291.12
China,CN,CHN,Asia-Pacific,World Bank GEM,NYGDPMKTPSAKN,2024-10-01,32695067.85
China,CN,CHN,Asia-Pacific,World Bank GEM,NYGDPMKTPSAKN,2024-07-01,32146107.47
China,CN,CHN,Asia-Pacific,World Bank GEM,NYGDPMKTPSAKN,2024-04-01,31812297.24
China,CN,CHN,Asia-Pacific,World Bank GEM,NYGDPMKTPSAKN,2024-01-01,31458426.87
China,CN,CHN,Asia-Pacific,World Bank GEM,NYGDPMKTPSAKN,2023-10-01,31031911.2
China,CN,CHN,Asia-Pacific,World Bank GEM,NYGDPMKTPSAKN,2023-07-01,30707938.25
China,CN,CHN,Asia-Pacific,World Bank GEM,NYGDPMKTPSAKN,2023-04-01,30388500.7
China,CN,CHN,Asia-Pacific,World Bank GEM,NYGDPMKTPSAKN,2023-01-01,29973612.9
China,CN,CHN,Asia-Pacific,World Bank GEM,NYGDPMKTPSAKN,2022-10-01,29435681.01
China,CN,CHN,Asia-Pacific,World Bank GEM,NYGDPMKTPSAKN,2022-07-01,29176725.6
China,CN,CHN,Asia-Pacific,World Bank GEM,NYGDPMKTPSAKN,2022-04-01,28506830.68
China,CN,CHN,Asia-Pacific,World Bank GEM,NYGDPMKTPSAKN,2022-01-01,28737617.83
China,CN,CHN,Asia-Pacific,World Bank GEM,NYGDPMKTPSAKN,2021-10-01,28533413.52
China,CN,CHN,Asia-Pacific,World Bank GEM,NYGDPMKTPSAKN,2021-07-01,28039092.79
China,CN,CHN,Asia-Pacific,World Bank GEM,NYGDPMKTPSAKN,2021-04-01,28198537.13
China,CN,CHN,Asia-Pacific,World Bank GEM,NYGDPMKTPSAKN,2021-01-01,27541010.53
China,CN,CHN,Asia-Pacific,World Bank GEM,NYGDPMKTPSAKN,2020-10-01,27307882.36
China,CN,CHN,Asia-Pacific,World Bank GEM,NYGDPMKTPSAKN,2020-07-01,26531546.95
China,CN,CHN,Asia-Pacific,World Bank GEM,NYGDPMKTPSAKN,2020-04-01,26040441.01
China,CN,CHN,Asia-Pacific,World Bank GEM,NYGDPMKTPSAKN,2020-01-01,23199261.77
China,CN,CHN,Asia-Pacific,World Bank GEM,NYGDPMKTPSAKN,2019-10-01,25681340.19
China,CN,CHN,Asia-Pacific,World Bank GEM,NYGDPMKTPSAKN,2019-07-01,25292087.79
China,CN,CHN,Asia-Pacific,World Bank GEM,NYGDPMKTPSAKN,2019-04-01,25176317.88
China,CN,CHN,Asia-Pacific,World Bank GEM,NYGDPMKTPSAKN,2019-01-01,24866360.3
China,CN,CHN,Asia-Pacific,World Bank GEM,NYGDPMKTPSAKN,2018-10-01,24298106.28
China,CN,CHN,Asia-Pacific,World Bank GEM,NYGDPMKTPSAKN,2018-07-01,23890602
China,CN,CHN,Asia-Pacific,World Bank GEM,NYGDPMKTPSAKN,2018-04-01,23696296.21
China,CN,CHN,Asia-Pacific,World Bank GEM,NYGDPMKTPSAKN,2018-01-01,23315801.32
China,CN,CHN,Asia-Pacific,World Bank GEM,NYGDPMKTPSAKN,2017-10-01,22841406.87
China,CN,CHN,Asia-Pacific,World Bank GEM,NYGDPMKTPSAKN,2017-07-01,22440280.69
China,CN,CHN,Asia-Pacific,World Bank GEM,NYGDPMKTPSAKN,2017-04-01,22136669.79
China,CN,CHN,Asia-Pacific,World Bank GEM,NYGDPMKTPSAKN,2017-01-01,21779135.24
China,CN,CHN,Asia-Pacific,World Bank GEM,NYGDPMKTPSAKN,2016-10-01,21390825.08
China,CN,CHN,Asia-Pacific,World Bank GEM,NYGDPMKTPSAKN,2016-07-01,21023426.02
China,CN,CHN,Asia-Pacific,World Bank GEM,NYGDPMKTPSAKN,2016-04-01,20679023.15
China,CN,CHN,Asia-Pacific,World Bank GEM,NYGDPMKTPSAKN,2016-01-01,20342161.06
China,CN,CHN,Asia-Pacific,World Bank GEM,NYGDPMKTPSAKN,2015-10-01,20028561.54
China,CN,CHN,Asia-Pacific,World Bank GEM,NYGDPMKTPSAKN,2015-07-01,19709408.29
China,CN,CHN,Asia-Pacific,World Bank GEM,NYGDPMKTPSAKN,2015-04-01,19382609.23
China,CN,CHN,Asia-Pacific,World Bank GEM,NYGDPMKTPSAKN,2015-01-01,19041612.24
China,CN,CHN,Asia-Pacific,World Bank GEM,NYGDPMKTPSAKN,2014-10-01,18738163.22
China,CN,CHN,Asia-Pacific,World Bank GEM,NYGDPMKTPSAKN,2014-07-01,18418981.09
China,CN,CHN,Asia-Pacific,World Bank GEM,NYGDPMKTPSAKN,2014-04-01,18097666.19
China,CN,CHN,Asia-Pacific,World Bank GEM,NYGDPMKTPSAKN,2014-01-01,17775161.72
China,CN,CHN,Asia-Pacific,World Bank GEM,NYGDPMKTPSAKN,2013-10-01,17457222.57
China,CN,CHN,Asia-Pacific,World Bank GEM,NYGDPMKTPSAKN,2013-07-01,17158861.47
China,CN,CHN,Asia-Pacific,World Bank GEM,NYGDPMKTPSAKN,2013-04-01,16800751.69
China,CN,CHN,Asia-Pacific,World Bank GEM,NYGDPMKTPSAKN,2013-01-01,16517606.96
China,CN,CHN,Asia-Pacific,World Bank GEM,NYGDPMKTPSAKN,2012-10-01,16222028.21
China,CN,CHN,Asia-Pacific,World Bank GEM,NYGDPMKTPSAKN,2012-07-01,15893962.15
China,CN,CHN,Asia-Pacific,World Bank GEM,NYGDPMKTPSAKN,2012-04-01,15608279.4
China,CN,CHN,Asia-Pacific,World Bank GEM,NYGDPMKTPSAKN,2012-01-01,15308945.31
China,CN,CHN,Asia-Pacific,World Bank GEM,NYGDPMKTPSAKN,2011-10-01,15021821.56
China,CN,CHN,Asia-Pacific,World Bank GEM,NYGDPMKTPSAKN,2011-07-01,14772620.22
China,CN,CHN,Asia-Pacific,World Bank GEM,NYGDPMKTPSAKN,2011-04-01,14485276.88
China,CN,CHN,Asia-Pacific,World Bank GEM,NYGDPMKTPSAKN,2011-01-01,14167119.47
China,CN,CHN,Asia-Pacific,World Bank GEM,NYGDPMKTPSAKN,2010-10-01,13829978.84
China,CN,CHN,Asia-Pacific,World Bank GEM,NYGDPMKTPSAKN,2010-07-01,13509236.4
China,CN,CHN,Asia-Pacific,World Bank GEM,NYGDPMKTPSAKN,2010-04-01,13172894.62
China,CN,CHN,Asia-Pacific,World Bank GEM,NYGDPMKTPSAKN,2010-01-01,12870190.59
China,CN,CHN,Asia-Pacific,World Bank GEM,NYGDPMKTPSAKN,2009-10-01,12587151.99
China,CN,CHN,Asia-Pacific,World Bank GEM,NYGDPMKTPSAKN,2009-07-01,12297236.95
China,CN,CHN,Asia-Pacific,World Bank GEM,NYGDPMKTPSAKN,2009-04-01,11895695.17
China,CN,CHN,Asia-Pacific,World Bank GEM,NYGDPMKTPSAKN,2009-01-01,11462631.24
China,CN,CHN,Asia-Pacific,World Bank GEM,NYGDPMKTPSAKN,2008-10-01,11247141.92
China,CN,CHN,Asia-Pacific,World Bank GEM,NYGDPMKTPSAKN,2008-07-01,11131157.13
China,CN,CHN,Asia-Pacific,World Bank GEM,NYGDPMKTPSAKN,2008-04-01,11000896.03
China,CN,CHN,Asia-Pacific,World Bank GEM,NYGDPMKTPSAKN,2008-01-01,10753292.14
China,CN,CHN,Asia-Pacific,World Bank GEM,NYGDPMKTPSAKN,2007-10-01,10496814.1
China,CN,CHN,Asia-Pacific,World Bank GEM,NYGDPMKTPSAKN,2007-07-01,10173126.77
China,CN,CHN,Asia-Pacific,World Bank GEM,NYGDPMKTPSAKN,2007-04-01,9931914.637
China,CN,CHN,Asia-Pacific,World Bank GEM,NYGDPMKTPSAKN,2007-01-01,9614816.742
China,CN,CHN,Asia-Pacific,World Bank GEM,NYGDPMKTPSAKN,2006-10-01,9212330.817
China,CN,CHN,Asia-Pacific,World Bank GEM,NYGDPMKTPSAKN,2006-07-01,8897583.472
China,CN,CHN,Asia-Pacific,World Bank GEM,NYGDPMKTPSAKN,2006-04-01,8676529.013
China,CN,CHN,Asia-Pacific,World Bank GEM,NYGDPMKTPSAKN,2006-01-01,8457892.417
China,CN,CHN,Asia-Pacific,World Bank GEM,NYGDPMKTPSAKN,2005-10-01,8176574.426
China,CN,CHN,Asia-Pacific,World Bank GEM,NYGDPMKTPSAKN,2005-07-01,7909363.381
China,CN,CHN,Asia-Pacific,World Bank GEM,NYGDPMKTPSAKN,2005-04-01,7672109.01
China,CN,CHN,Asia-Pacific,World Bank GEM,NYGDPMKTPSAKN,2005-01-01,7535724.937
China,CN,CHN,Asia-Pacific,World Bank GEM,NYGDPMKTPSAKN,2004-10-01,7255497.853
China,CN,CHN,Asia-Pacific,World Bank GEM,NYGDPMKTPSAKN,2004-07-01,7109177.073
China,CN,CHN,Asia-Pacific,World Bank GEM,NYGDPMKTPSAKN,2004-04-01,6934576.512
China,CN,CHN,Asia-Pacific,World Bank GEM,NYGDPMKTPSAKN,2004-01-01,6801175.164
China,CN,CHN,Asia-Pacific,World Bank GEM,NYGDPMKTPSAKN,2003-10-01,6639507.784
China,CN,CHN,Asia-Pacific,World Bank GEM,NYGDPMKTPSAKN,2003-07-01,6462091.845
China,CN,CHN,Asia-Pacific,World Bank GEM,NYGDPMKTPSAKN,2003-04-01,6231702.646
China,CN,CHN,Asia-Pacific,World Bank GEM,NYGDPMKTPSAKN,2003-01-01,6179329.643
China,CN,CHN,Asia-Pacific,World Bank GEM,NYGDPMKTPSAKN,2002-10-01,5999956.259
China,CN,CHN,Asia-Pacific,World Bank GEM,NYGDPMKTPSAKN,2002-07-01,5863519.052
China,CN,CHN,Asia-Pacific,World Bank GEM,NYGDPMKTPSAKN,2002-04-01,5716353.406
China,CN,CHN,Asia-Pacific,World Bank GEM,NYGDPMKTPSAKN,2002-01-01,5589314.073
China,CN,CHN,Asia-Pacific,World Bank GEM,NYGDPMKTPSAKN,2001-10-01,5463039.745
China,CN,CHN,Asia-Pacific,World Bank GEM,NYGDPMKTPSAKN,2001-07-01,5344500.688
China,CN,CHN,Asia-Pacific,World Bank GEM,NYGDPMKTPSAKN,2001-04-01,5254707.944
China,CN,CHN,Asia-Pacific,World Bank GEM,NYGDPMKTPSAKN,2001-01-01,5157774.34
China,CN,CHN,Asia-Pacific,World Bank GEM,NYGDPMKTPSAKN,2000-10-01,5054899.143
China,CN,CHN,Asia-Pacific,World Bank GEM,NYGDPMKTPSAKN,2000-07-01,4947247.547
China,CN,CHN,Asia-Pacific,World Bank GEM,NYGDPMKTPSAKN,2000-04-01,4843146.058
China,CN,CHN,Asia-Pacific,World Bank GEM,NYGDPMKTPSAKN,2000-01-01,4736059.669
China,CN,CHN,Asia-Pacific,World Bank GEM,NYGDPMKTPSAKN,1999-10-01,4676151.2
China,CN,CHN,Asia-Pacific,World Bank GEM,NYGDPMKTPSAKN,1999-07-01,4541566.2
China,CN,CHN,Asia-Pacific,World Bank GEM,NYGDPMKTPSAKN,1999-04-01,4437881.255
China,CN,CHN,Asia-Pacific,World Bank GEM,NYGDPMKTPSAKN,1999-01-01,4371726.308
China,CN,CHN,Asia-Pacific,World Bank GEM,NYGDPMKTPSAKN,1998-10-01,4365753.073
China,CN,CHN,Asia-Pacific,World Bank GEM,NYGDPMKTPSAKN,1998-07-01,4213526.453
China,CN,CHN,Asia-Pacific,World Bank GEM,NYGDPMKTPSAKN,1998-04-01,4113208.41
China,CN,CHN,Asia-Pacific,World Bank GEM,NYGDPMKTPSAKN,1998-01-01,4023942.619
China,CN,CHN,Asia-Pacific,World Bank GEM,NYGDPMKTPSAKN,1997-10-01,3993492.567
China,CN,CHN,Asia-Pacific,World Bank GEM,NYGDPMKTPSAKN,1997-07-01,3900041.287
China,CN,CHN,Asia-Pacific,World Bank GEM,NYGDPMKTPSAKN,1997-04-01,3841642.244
China,CN,CHN,Asia-Pacific,World Bank GEM,NYGDPMKTPSAKN,1997-01-01,3759932.822
China,CN,CHN,Asia-Pacific,World Bank GEM,NYGDPMKTPSAKN,1996-10-01,3679118.891
China,CN,CHN,Asia-Pacific,World Bank GEM,NYGDPMKTPSAKN,1996-07-01,3580004.917
China,CN,CHN,Asia-Pacific,World Bank GEM,NYGDPMKTPSAKN,1996-04-01,3485987.873
China,CN,CHN,Asia-Pacific,World Bank GEM,NYGDPMKTPSAKN,1996-01-01,3421046.657
China,CN,CHN,Asia-Pacific,World Bank GEM,NYGDPMKTPSAKN,1995-10-01,3338999.596
China,CN,CHN,Asia-Pacific,World Bank GEM,NYGDPMKTPSAKN,1995-07-01,3267575.854
China,CN,CHN,Asia-Pacific,World Bank GEM,NYGDPMKTPSAKN,1995-04-01,3181699.037
China,CN,CHN,Asia-Pacific,World Bank GEM,NYGDPMKTPSAKN,1995-01-01,3092026.951
China,CN,CHN,Asia-Pacific,World Bank GEM,NYGDPMKTPSAKN,1994-10-01,3016276.888
China,CN,CHN,Asia-Pacific,World Bank GEM,NYGDPMKTPSAKN,1994-07-01,2950293.515
China,CN,CHN,Asia-Pacific,World Bank GEM,NYGDPMKTPSAKN,1994-04-01,2861928.936
China,CN,CHN,Asia-Pacific,World Bank GEM,NYGDPMKTPSAKN,1994-01-01,2769843.272
China,CN,CHN,Asia-Pacific,World Bank GEM,NYGDPMKTPSAKN,1993-10-01,2691540.65
China,CN,CHN,Asia-Pacific,World Bank GEM,NYGDPMKTPSAKN,1993-07-01,2604975.133
China,CN,CHN,Asia-Pacific,World Bank GEM,NYGDPMKTPSAKN,1993-04-01,2520192.07
China,CN,CHN,Asia-Pacific,World Bank GEM,NYGDPMKTPSAKN,1993-01-01,2431350.355
China,CN,CHN,Asia-Pacific,World Bank GEM,NYGDPMKTPSAKN,1992-10-01,2357007.003
China,CN,CHN,Asia-Pacific,World Bank GEM,NYGDPMKTPSAKN,1992-07-01,2303522.074
China,CN,CHN,Asia-Pacific,World Bank GEM,NYGDPMKTPSAKN,1992-04-01,2219202.836
China,CN,CHN,Asia-Pacific,World Bank GEM,NYGDPMKTPSAKN,1992-01-01,2111334.595
China,CN,CHN,Asia-Pacific,World Bank GEM,NYGDPMKTPSAKN,1991-10-01,2215580.274
China,CN,CHN,Asia-Pacific,World Bank GEM,NYGDPMKTPSAKN,1991-07-01,2159580.049
China,CN,CHN,Asia-Pacific,World Bank GEM,NYGDPMKTPSAKN,1991-04-01,2105261.5
China,CN,CHN,Asia-Pacific,World Bank GEM,NYGDPMKTPSAKN,1991-01-01,2030025.618
Indonesia,ID,IDN,Focus,World Bank GEM,NYGDPMKTPSAKN,2025-10-01,3464491348
Indonesia,ID,IDN,Focus,World Bank GEM,NYGDPMKTPSAKN,2025-07-01,3413170096
Indonesia,ID,IDN,Focus,World Bank GEM,NYGDPMKTPSAKN,2025-04-01,3373313446
Indonesia,ID,IDN,Focus,World Bank GEM,NYGDPMKTPSAKN,2025-01-01,3327898609
Indonesia,ID,IDN,Focus,World Bank GEM,NYGDPMKTPSAKN,2024-10-01,3287739694
Indonesia,ID,IDN,Focus,World Bank GEM,NYGDPMKTPSAKN,2024-07-01,3248426513
Indonesia,ID,IDN,Focus,World Bank GEM,NYGDPMKTPSAKN,2024-04-01,3210327730
Indonesia,ID,IDN,Focus,World Bank GEM,NYGDPMKTPSAKN,2024-01-01,3173146614
Indonesia,ID,IDN,Focus,World Bank GEM,NYGDPMKTPSAKN,2023-10-01,3129798572
Indonesia,ID,IDN,Focus,World Bank GEM,NYGDPMKTPSAKN,2023-07-01,3094370899
Indonesia,ID,IDN,Focus,World Bank GEM,NYGDPMKTPSAKN,2023-04-01,3058234002
Indonesia,ID,IDN,Focus,World Bank GEM,NYGDPMKTPSAKN,2023-01-01,3018705491
Indonesia,ID,IDN,Focus,World Bank GEM,NYGDPMKTPSAKN,2022-10-01,2978560048
Indonesia,ID,IDN,Focus,World Bank GEM,NYGDPMKTPSAKN,2022-07-01,2945931504
Indonesia,ID,IDN,Focus,World Bank GEM,NYGDPMKTPSAKN,2022-04-01,2912126434
Indonesia,ID,IDN,Focus,World Bank GEM,NYGDPMKTPSAKN,2022-01-01,2874334209
Indonesia,ID,IDN,Focus,World Bank GEM,NYGDPMKTPSAKN,2021-10-01,2835229301
Indonesia,ID,IDN,Focus,World Bank GEM,NYGDPMKTPSAKN,2021-07-01,2781841158
Indonesia,ID,IDN,Focus,World Bank GEM,NYGDPMKTPSAKN,2021-04-01,2765306058
Indonesia,ID,IDN,Focus,World Bank GEM,NYGDPMKTPSAKN,2021-01-01,2738212418
Indonesia,ID,IDN,Focus,World Bank GEM,NYGDPMKTPSAKN,2020-10-01,2701744477
Indonesia,ID,IDN,Focus,World Bank GEM,NYGDPMKTPSAKN,2020-07-01,2678633239
Indonesia,ID,IDN,Focus,World Bank GEM,NYGDPMKTPSAKN,2020-04-01,2585619975
Indonesia,ID,IDN,Focus,World Bank GEM,NYGDPMKTPSAKN,2020-01-01,2759555174
Indonesia,ID,IDN,Focus,World Bank GEM,NYGDPMKTPSAKN,2019-10-01,2766661342
Indonesia,ID,IDN,Focus,World Bank GEM,NYGDPMKTPSAKN,2019-07-01,2766770791
Indonesia,ID,IDN,Focus,World Bank GEM,NYGDPMKTPSAKN,2019-04-01,2730325517
Indonesia,ID,IDN,Focus,World Bank GEM,NYGDPMKTPSAKN,2019-01-01,2682356033
Indonesia,ID,IDN,Focus,World Bank GEM,NYGDPMKTPSAKN,2018-10-01,2643941734
Indonesia,ID,IDN,Focus,World Bank GEM,NYGDPMKTPSAKN,2018-07-01,2627290096
Indonesia,ID,IDN,Focus,World Bank GEM,NYGDPMKTPSAKN,2018-04-01,2596651763
Indonesia,ID,IDN,Focus,World Bank GEM,NYGDPMKTPSAKN,2018-01-01,2554815872
Indonesia,ID,IDN,Focus,World Bank GEM,NYGDPMKTPSAKN,2017-10-01,2519599181
Indonesia,ID,IDN,Focus,World Bank GEM,NYGDPMKTPSAKN,2017-07-01,2494446311
Indonesia,ID,IDN,Focus,World Bank GEM,NYGDPMKTPSAKN,2017-04-01,2464133497
Indonesia,ID,IDN,Focus,World Bank GEM,NYGDPMKTPSAKN,2017-01-01,2431645979
Indonesia,ID,IDN,Focus,World Bank GEM,NYGDPMKTPSAKN,2016-10-01,2399594059
Indonesia,ID,IDN,Focus,World Bank GEM,NYGDPMKTPSAKN,2016-07-01,2372387437
Indonesia,ID,IDN,Focus,World Bank GEM,NYGDPMKTPSAKN,2016-04-01,2345445769
Indonesia,ID,IDN,Focus,World Bank GEM,NYGDPMKTPSAKN,2016-01-01,2314932924
Indonesia,ID,IDN,Focus,World Bank GEM,NYGDPMKTPSAKN,2015-10-01,2288924401
Indonesia,ID,IDN,Focus,World Bank GEM,NYGDPMKTPSAKN,2015-07-01,2258085366
Indonesia,ID,IDN,Focus,World Bank GEM,NYGDPMKTPSAKN,2015-04-01,2228894435
Indonesia,ID,IDN,Focus,World Bank GEM,NYGDPMKTPSAKN,2015-01-01,2204397565
Indonesia,ID,IDN,Focus,World Bank GEM,NYGDPMKTPSAKN,2014-10-01,2179183860
Indonesia,ID,IDN,Focus,World Bank GEM,NYGDPMKTPSAKN,2014-07-01,2154454172
Indonesia,ID,IDN,Focus,World Bank GEM,NYGDPMKTPSAKN,2014-04-01,2127662430
Indonesia,ID,IDN,Focus,World Bank GEM,NYGDPMKTPSAKN,2014-01-01,2101448962
Indonesia,ID,IDN,Focus,World Bank GEM,NYGDPMKTPSAKN,2013-10-01,2076816963
Indonesia,ID,IDN,Focus,World Bank GEM,NYGDPMKTPSAKN,2013-07-01,2052463724
Indonesia,ID,IDN,Focus,World Bank GEM,NYGDPMKTPSAKN,2013-04-01,2027331341
Indonesia,ID,IDN,Focus,World Bank GEM,NYGDPMKTPSAKN,2013-01-01,1998010016
Indonesia,ID,IDN,Focus,World Bank GEM,NYGDPMKTPSAKN,2012-10-01,1968971205
Indonesia,ID,IDN,Focus,World Bank GEM,NYGDPMKTPSAKN,2012-07-01,1944286862
Indonesia,ID,IDN,Focus,World Bank GEM,NYGDPMKTPSAKN,2012-04-01,1920191850
Indonesia,ID,IDN,Focus,World Bank GEM,NYGDPMKTPSAKN,2012-01-01,1892298301
Indonesia,ID,IDN,Focus,World Bank GEM,NYGDPMKTPSAKN,2011-10-01,1861232215
Indonesia,ID,IDN,Focus,World Bank GEM,NYGDPMKTPSAKN,2011-07-01,1833971539
Indonesia,ID,IDN,Focus,World Bank GEM,NYGDPMKTPSAKN,2011-04-01,1808852948
Indonesia,ID,IDN,Focus,World Bank GEM,NYGDPMKTPSAKN,2011-01-01,1782628344
Indonesia,ID,IDN,Focus,World Bank GEM,NYGDPMKTPSAKN,2010-10-01,1757857461
Indonesia,ID,IDN,Focus,World Bank GEM,NYGDPMKTPSAKN,2010-07-01,1728778447
Indonesia,ID,IDN,Focus,World Bank GEM,NYGDPMKTPSAKN,2010-04-01,1703216147
Indonesia,ID,IDN,Focus,World Bank GEM,NYGDPMKTPSAKN,2010-01-01,1672793586
Indonesia,ID,IDN,Focus,World Bank GEM,NYGDPMKTPSAKN,2009-10-01,1652204779
Indonesia,ID,IDN,Focus,World Bank GEM,NYGDPMKTPSAKN,2009-07-01,1627404128
Indonesia,ID,IDN,Focus,World Bank GEM,NYGDPMKTPSAKN,2009-04-01,1596643922
Indonesia,ID,IDN,Focus,World Bank GEM,NYGDPMKTPSAKN,2009-01-01,1574373173
Indonesia,ID,IDN,Focus,World Bank GEM,NYGDPMKTPSAKN,2008-10-01,1566329538
Indonesia,ID,IDN,Focus,World Bank GEM,NYGDPMKTPSAKN,2008-07-01,1563852717
Indonesia,ID,IDN,Focus,World Bank GEM,NYGDPMKTPSAKN,2008-04-01,1533251610
Indonesia,ID,IDN,Focus,World Bank GEM,NYGDPMKTPSAKN,2008-01-01,1496270295
Indonesia,ID,IDN,Focus,World Bank GEM,NYGDPMKTPSAKN,2007-10-01,1461147764
Indonesia,ID,IDN,Focus,World Bank GEM,NYGDPMKTPSAKN,2007-07-01,1443961836
Indonesia,ID,IDN,Focus,World Bank GEM,NYGDPMKTPSAKN,2007-04-01,1424039238
Indonesia,ID,IDN,Focus,World Bank GEM,NYGDPMKTPSAKN,2007-01-01,1404672498
Indonesia,ID,IDN,Focus,World Bank GEM,NYGDPMKTPSAKN,2006-10-01,1380642606
Indonesia,ID,IDN,Focus,World Bank GEM,NYGDPMKTPSAKN,2006-07-01,1356315610
Indonesia,ID,IDN,Focus,World Bank GEM,NYGDPMKTPSAKN,2006-04-01,1333929731
Indonesia,ID,IDN,Focus,World Bank GEM,NYGDPMKTPSAKN,2006-01-01,1320767976
Indonesia,ID,IDN,Focus,World Bank GEM,NYGDPMKTPSAKN,2005-10-01,1303109813
Indonesia,ID,IDN,Focus,World Bank GEM,NYGDPMKTPSAKN,2005-07-01,1283673136
Indonesia,ID,IDN,Focus,World Bank GEM,NYGDPMKTPSAKN,2005-04-01,1270159493
Indonesia,ID,IDN,Focus,World Bank GEM,NYGDPMKTPSAKN,2005-01-01,1253660359
Indonesia,ID,IDN,Focus,World Bank GEM,NYGDPMKTPSAKN,2004-10-01,1242193304
Indonesia,ID,IDN,Focus,World Bank GEM,NYGDPMKTPSAKN,2004-07-01,1213565368
Indonesia,ID,IDN,Focus,World Bank GEM,NYGDPMKTPSAKN,2004-04-01,1199003770
Indonesia,ID,IDN,Focus,World Bank GEM,NYGDPMKTPSAKN,2004-01-01,1180624918
Indonesia,ID,IDN,Focus,World Bank GEM,NYGDPMKTPSAKN,2003-10-01,1162544529
Indonesia,ID,IDN,Focus,World Bank GEM,NYGDPMKTPSAKN,2003-07-01,1160433413
Indonesia,ID,IDN,Focus,World Bank GEM,NYGDPMKTPSAKN,2003-04-01,1148660436
Indonesia,ID,IDN,Focus,World Bank GEM,NYGDPMKTPSAKN,2003-01-01,1133104992
Indonesia,ID,IDN,Focus,World Bank GEM,NYGDPMKTPSAKN,2002-10-01,1111537574
Indonesia,ID,IDN,Focus,World Bank GEM,NYGDPMKTPSAKN,2002-07-01,1109574720
Indonesia,ID,IDN,Focus,World Bank GEM,NYGDPMKTPSAKN,2002-04-01,1095762966
Indonesia,ID,IDN,Focus,World Bank GEM,NYGDPMKTPSAKN,2002-01-01,1078682715
Indonesia,ID,IDN,Focus,World Bank GEM,NYGDPMKTPSAKN,2001-10-01,1059911820
Indonesia,ID,IDN,Focus,World Bank GEM,NYGDPMKTPSAKN,2001-07-01,1051778482
Indonesia,ID,IDN,Focus,World Bank GEM,NYGDPMKTPSAKN,2001-04-01,1054961027
Indonesia,ID,IDN,Focus,World Bank GEM,NYGDPMKTPSAKN,2001-01-01,1040917187
Indonesia,ID,IDN,Focus,World Bank GEM,NYGDPMKTPSAKN,2000-10-01,1040088835
Indonesia,ID,IDN,Focus,World Bank GEM,NYGDPMKTPSAKN,2000-07-01,1015679548
Indonesia,ID,IDN,Focus,World Bank GEM,NYGDPMKTPSAKN,2000-04-01,1004193507
Indonesia,ID,IDN,Focus,World Bank GEM,NYGDPMKTPSAKN,2000-01-01,1001152350
Indonesia,ID,IDN,Focus,World Bank GEM,NYGDPMKTPSAKN,1999-10-01,974808310.3
Indonesia,ID,IDN,Focus,World Bank GEM,NYGDPMKTPSAKN,1999-07-01,965116131.9
Indonesia,ID,IDN,Focus,World Bank GEM,NYGDPMKTPSAKN,1999-04-01,966459558.7
Indonesia,ID,IDN,Focus,World Bank GEM,NYGDPMKTPSAKN,1999-01-01,964101157.2
Indonesia,ID,IDN,Focus,World Bank GEM,NYGDPMKTPSAKN,1998-10-01,918661082.8
Indonesia,ID,IDN,Focus,World Bank GEM,NYGDPMKTPSAKN,1998-07-01,936561230.2
Indonesia,ID,IDN,Focus,World Bank GEM,NYGDPMKTPSAKN,1998-04-01,954325628.2
Indonesia,ID,IDN,Focus,World Bank GEM,NYGDPMKTPSAKN,1998-01-01,1032347082
Indonesia,ID,IDN,Focus,World Bank GEM,NYGDPMKTPSAKN,1997-10-01,1114071138
Indonesia,ID,IDN,Focus,World Bank GEM,NYGDPMKTPSAKN,1997-07-01,1116997931
Indonesia,ID,IDN,Focus,World Bank GEM,NYGDPMKTPSAKN,1997-04-01,1100761654
Indonesia,ID,IDN,Focus,World Bank GEM,NYGDPMKTPSAKN,1997-01-01,1085751655
Indonesia,ID,IDN,Focus,World Bank GEM,NYGDPMKTPSAKN,1996-10-01,1097770761
Indonesia,ID,IDN,Focus,World Bank GEM,NYGDPMKTPSAKN,1996-07-01,1063170403
Indonesia,ID,IDN,Focus,World Bank GEM,NYGDPMKTPSAKN,1996-04-01,1042711256
Indonesia,ID,IDN,Focus,World Bank GEM,NYGDPMKTPSAKN,1996-01-01,1012008450
Indonesia,ID,IDN,Focus,World Bank GEM,NYGDPMKTPSAKN,1995-10-01,995628301.8
Indonesia,ID,IDN,Focus,World Bank GEM,NYGDPMKTPSAKN,1995-07-01,982022038
Indonesia,ID,IDN,Focus,World Bank GEM,NYGDPMKTPSAKN,1995-04-01,974397711.1
Indonesia,ID,IDN,Focus,World Bank GEM,NYGDPMKTPSAKN,1995-01-01,956636258.3
Indonesia,ID,IDN,Focus,World Bank GEM,NYGDPMKTPSAKN,1994-10-01,912299100
Indonesia,ID,IDN,Focus,World Bank GEM,NYGDPMKTPSAKN,1994-07-01,908856541.7
Indonesia,ID,IDN,Focus,World Bank GEM,NYGDPMKTPSAKN,1994-04-01,907184852.4
Indonesia,ID,IDN,Focus,World Bank GEM,NYGDPMKTPSAKN,1994-01-01,885084310.3
Indonesia,ID,IDN,Focus,World Bank GEM,NYGDPMKTPSAKN,1993-10-01,878881720.3
Indonesia,ID,IDN,Focus,World Bank GEM,NYGDPMKTPSAKN,1993-07-01,848541851.8
Indonesia,ID,IDN,Focus,World Bank GEM,NYGDPMKTPSAKN,1993-04-01,820573709.1
Indonesia,ID,IDN,Focus,World Bank GEM,NYGDPMKTPSAKN,1993-01-01,810697628.6
Indonesia,ID,IDN,Focus,World Bank GEM,NYGDPMKTPSAKN,1992-10-01,798622976.3
Indonesia,ID,IDN,Focus,World Bank GEM,NYGDPMKTPSAKN,1992-07-01,792898307.6
Indonesia,ID,IDN,Focus,World Bank GEM,NYGDPMKTPSAKN,1992-04-01,764873819.7
Indonesia,ID,IDN,Focus,World Bank GEM,NYGDPMKTPSAKN,1992-01-01,753912779.1
Indonesia,ID,IDN,Focus,World Bank GEM,NYGDPMKTPSAKN,1991-10-01,751917630.6
Indonesia,ID,IDN,Focus,World Bank GEM,NYGDPMKTPSAKN,1991-07-01,739120766
Indonesia,ID,IDN,Focus,World Bank GEM,NYGDPMKTPSAKN,1991-04-01,723834194.9
Indonesia,ID,IDN,Focus,World Bank GEM,NYGDPMKTPSAKN,1991-01-01,702879056
Indonesia,ID,IDN,Focus,World Bank GEM,NYGDPMKTPSAKN,1990-10-01,693630610.2
Indonesia,ID,IDN,Focus,World Bank GEM,NYGDPMKTPSAKN,1990-07-01,679374801.4
Indonesia,ID,IDN,Focus,World Bank GEM,NYGDPMKTPSAKN,1990-04-01,661312286.5
Indonesia,ID,IDN,Focus,World Bank GEM,NYGDPMKTPSAKN,1990-01-01,643980552.3
Indonesia,ID,IDN,Focus,World Bank GEM,NYGDPMKTPSAKN,1989-10-01,629047106.5
Indonesia,ID,IDN,Focus,World Bank GEM,NYGDPMKTPSAKN,1989-07-01,617565692.3
Indonesia,ID,IDN,Focus,World Bank GEM,NYGDPMKTPSAKN,1989-04-01,605976004.5
Indonesia,ID,IDN,Focus,World Bank GEM,NYGDPMKTPSAKN,1989-01-01,604941168
Indonesia,ID,IDN,Focus,World Bank GEM,NYGDPMKTPSAKN,1988-10-01,583226308
Indonesia,ID,IDN,Focus,World Bank GEM,NYGDPMKTPSAKN,1988-07-01,567219214.1
Indonesia,ID,IDN,Focus,World Bank GEM,NYGDPMKTPSAKN,1988-04-01,571378035.3
Indonesia,ID,IDN,Focus,World Bank GEM,NYGDPMKTPSAKN,1988-01-01,532437459.8
Indonesia,ID,IDN,Focus,World Bank GEM,NYGDPMKTPSAKN,1987-10-01,531655631.8
Indonesia,ID,IDN,Focus,World Bank GEM,NYGDPMKTPSAKN,1987-07-01,532482757.4
Indonesia,ID,IDN,Focus,World Bank GEM,NYGDPMKTPSAKN,1987-04-01,534129198.4
Indonesia,ID,IDN,Focus,World Bank GEM,NYGDPMKTPSAKN,1987-01-01,508458715.8
India,IN,IND,Asia-Pacific,World Bank GEM,NYGDPMKTPSAKN,2025-10-01,81507000
India,IN,IND,Asia-Pacific,World Bank GEM,NYGDPMKTPSAKN,2025-07-01,80114340
India,IN,IND,Asia-Pacific,World Bank GEM,NYGDPMKTPSAKN,2025-04-01,78173540
India,IN,IND,Asia-Pacific,World Bank GEM,NYGDPMKTPSAKN,2025-01-01,76852080
India,IN,IND,Asia-Pacific,World Bank GEM,NYGDPMKTPSAKN,2024-10-01,75620670
India,IN,IND,Asia-Pacific,World Bank GEM,NYGDPMKTPSAKN,2024-07-01,73982710
India,IN,IND,Asia-Pacific,World Bank GEM,NYGDPMKTPSAKN,2024-04-01,73103480
India,IN,IND,Asia-Pacific,World Bank GEM,NYGDPMKTPSAKN,2024-01-01,71872200
India,IN,IND,Asia-Pacific,World Bank GEM,NYGDPMKTPSAKN,2023-10-01,70497300
India,IN,IND,Asia-Pacific,World Bank GEM,NYGDPMKTPSAKN,2023-07-01,69441350
India,IN,IND,Asia-Pacific,World Bank GEM,NYGDPMKTPSAKN,2023-04-01,67859870
India,IN,IND,Asia-Pacific,World Bank GEM,NYGDPMKTPSAKN,2023-01-01,66938410
India,IN,IND,Asia-Pacific,World Bank GEM,NYGDPMKTPSAKN,2022-10-01,65892850
India,IN,IND,Asia-Pacific,World Bank GEM,NYGDPMKTPSAKN,2022-07-01,64547320
India,IN,IND,Asia-Pacific,World Bank GEM,NYGDPMKTPSAKN,2022-04-01,63405080
India,IN,IND,Asia-Pacific,World Bank GEM,NYGDPMKTPSAKN,2022-01-01,62790770
India,IN,IND,Asia-Pacific,World Bank GEM,NYGDPMKTPSAKN,2021-10-01,62942520
India,IN,IND,Asia-Pacific,World Bank GEM,NYGDPMKTPSAKN,2021-07-01,60888320
India,IN,IND,Asia-Pacific,World Bank GEM,NYGDPMKTPSAKN,2021-04-01,55576170
India,IN,IND,Asia-Pacific,World Bank GEM,NYGDPMKTPSAKN,2021-01-01,60376010
India,IN,IND,Asia-Pacific,World Bank GEM,NYGDPMKTPSAKN,2020-10-01,59724650
India,IN,IND,Asia-Pacific,World Bank GEM,NYGDPMKTPSAKN,2020-07-01,55366230
India,IN,IND,Asia-Pacific,World Bank GEM,NYGDPMKTPSAKN,2020-04-01,45051800
India,IN,IND,Asia-Pacific,World Bank GEM,NYGDPMKTPSAKN,2020-01-01,58785950
India,IN,IND,Asia-Pacific,World Bank GEM,NYGDPMKTPSAKN,2019-10-01,58747280
India,IN,IND,Asia-Pacific,World Bank GEM,NYGDPMKTPSAKN,2019-07-01,58666770
India,IN,IND,Asia-Pacific,World Bank GEM,NYGDPMKTPSAKN,2019-04-01,58329200
India,IN,IND,Asia-Pacific,World Bank GEM,NYGDPMKTPSAKN,2019-01-01,57457410
India,IN,IND,Asia-Pacific,World Bank GEM,NYGDPMKTPSAKN,2018-10-01,56904120
India,IN,IND,Asia-Pacific,World Bank GEM,NYGDPMKTPSAKN,2018-07-01,56086780
India,IN,IND,Asia-Pacific,World Bank GEM,NYGDPMKTPSAKN,2018-04-01,55353070
India,IN,IND,Asia-Pacific,World Bank GEM,NYGDPMKTPSAKN,2018-01-01,54613240
India,IN,IND,Asia-Pacific,World Bank GEM,NYGDPMKTPSAKN,2017-10-01,53560320
India,IN,IND,Asia-Pacific,World Bank GEM,NYGDPMKTPSAKN,2017-07-01,52533390
India,IN,IND,Asia-Pacific,World Bank GEM,NYGDPMKTPSAKN,2017-04-01,51434250
India,IN,IND,Asia-Pacific,World Bank GEM,NYGDPMKTPSAKN,2017-01-01,50326200
India,IN,IND,Asia-Pacific,World Bank GEM,NYGDPMKTPSAKN,2016-10-01,50144380
India,IN,IND,Asia-Pacific,World Bank GEM,NYGDPMKTPSAKN,2016-07-01,49815650
India,IN,IND,Asia-Pacific,World Bank GEM,NYGDPMKTPSAKN,2016-04-01,48490070
India,IN,IND,Asia-Pacific,World Bank GEM,NYGDPMKTPSAKN,2016-01-01,47431800
India,IN,IND,Asia-Pacific,World Bank GEM,NYGDPMKTPSAKN,2015-10-01,46046970
India,IN,IND,Asia-Pacific,World Bank GEM,NYGDPMKTPSAKN,2015-07-01,45509220
India,IN,IND,Asia-Pacific,World Bank GEM,NYGDPMKTPSAKN,2015-04-01,44668610
India,IN,IND,Asia-Pacific,World Bank GEM,NYGDPMKTPSAKN,2015-01-01,43477880
India,IN,IND,Asia-Pacific,World Bank GEM,NYGDPMKTPSAKN,2014-10-01,42733520
India,IN,IND,Asia-Pacific,World Bank GEM,NYGDPMKTPSAKN,2014-07-01,42352440
India,IN,IND,Asia-Pacific,World Bank GEM,NYGDPMKTPSAKN,2014-04-01,41629460
India,IN,IND,Asia-Pacific,World Bank GEM,NYGDPMKTPSAKN,2014-01-01,40447910
India,IN,IND,Asia-Pacific,World Bank GEM,NYGDPMKTPSAKN,2013-10-01,40117420
India,IN,IND,Asia-Pacific,World Bank GEM,NYGDPMKTPSAKN,2013-07-01,39294730
India,IN,IND,Asia-Pacific,World Bank GEM,NYGDPMKTPSAKN,2013-04-01,38640320
India,IN,IND,Asia-Pacific,World Bank GEM,NYGDPMKTPSAKN,2013-01-01,38164610
India,IN,IND,Asia-Pacific,World Bank GEM,NYGDPMKTPSAKN,2012-10-01,37513390
India,IN,IND,Asia-Pacific,World Bank GEM,NYGDPMKTPSAKN,2012-07-01,36931680
India,IN,IND,Asia-Pacific,World Bank GEM,NYGDPMKTPSAKN,2012-04-01,36351390
India,IN,IND,Asia-Pacific,World Bank GEM,NYGDPMKTPSAKN,2012-01-01,36374200
India,IN,IND,Asia-Pacific,World Bank GEM,NYGDPMKTPSAKN,2011-10-01,35544520
India,IN,IND,Asia-Pacific,World Bank GEM,NYGDPMKTPSAKN,2011-07-01,34595340
India,IN,IND,Asia-Pacific,World Bank GEM,NYGDPMKTPSAKN,2011-04-01,34634510
India,IN,IND,Asia-Pacific,World Bank GEM,NYGDPMKTPSAKN,2011-01-01,34339410
India,IN,IND,Asia-Pacific,World Bank GEM,NYGDPMKTPSAKN,2010-10-01,33458650
India,IN,IND,Asia-Pacific,World Bank GEM,NYGDPMKTPSAKN,2010-07-01,32530520
India,IN,IND,Asia-Pacific,World Bank GEM,NYGDPMKTPSAKN,2010-04-01,31947060
India,IN,IND,Asia-Pacific,World Bank GEM,NYGDPMKTPSAKN,2010-01-01,31144570
India,IN,IND,Asia-Pacific,World Bank GEM,NYGDPMKTPSAKN,2009-10-01,30154610
India,IN,IND,Asia-Pacific,World Bank GEM,NYGDPMKTPSAKN,2009-07-01,29711780
India,IN,IND,Asia-Pacific,World Bank GEM,NYGDPMKTPSAKN,2009-04-01,28975930
India,IN,IND,Asia-Pacific,World Bank GEM,NYGDPMKTPSAKN,2009-01-01,27541710
India,IN,IND,Asia-Pacific,World Bank GEM,NYGDPMKTPSAKN,2008-10-01,27753450
India,IN,IND,Asia-Pacific,World Bank GEM,NYGDPMKTPSAKN,2008-07-01,27829890
India,IN,IND,Asia-Pacific,World Bank GEM,NYGDPMKTPSAKN,2008-04-01,27660900
India,IN,IND,Asia-Pacific,World Bank GEM,NYGDPMKTPSAKN,2008-01-01,27477390
India,IN,IND,Asia-Pacific,World Bank GEM,NYGDPMKTPSAKN,2007-10-01,27212420
India,IN,IND,Asia-Pacific,World Bank GEM,NYGDPMKTPSAKN,2007-07-01,26165610
India,IN,IND,Asia-Pacific,World Bank GEM,NYGDPMKTPSAKN,2007-04-01,25626390
India,IN,IND,Asia-Pacific,World Bank GEM,NYGDPMKTPSAKN,2007-01-01,25233970
India,IN,IND,Asia-Pacific,World Bank GEM,NYGDPMKTPSAKN,2006-10-01,24552180
India,IN,IND,Asia-Pacific,World Bank GEM,NYGDPMKTPSAKN,2006-07-01,24027370
India,IN,IND,Asia-Pacific,World Bank GEM,NYGDPMKTPSAKN,2006-04-01,23138700
India,IN,IND,Asia-Pacific,World Bank GEM,NYGDPMKTPSAKN,2006-01-01,22999000
India,IN,IND,Asia-Pacific,World Bank GEM,NYGDPMKTPSAKN,2005-10-01,22358200
India,IN,IND,Asia-Pacific,World Bank GEM,NYGDPMKTPSAKN,2005-07-01,21858460
India,IN,IND,Asia-Pacific,World Bank GEM,NYGDPMKTPSAKN,2005-04-01,21506010
India,IN,IND,Asia-Pacific,World Bank GEM,NYGDPMKTPSAKN,2005-01-01,20907030
India,IN,IND,Asia-Pacific,World Bank GEM,NYGDPMKTPSAKN,2004-10-01,20435050
India,IN,IND,Asia-Pacific,World Bank GEM,NYGDPMKTPSAKN,2004-07-01,20214470
India,IN,IND,Asia-Pacific,World Bank GEM,NYGDPMKTPSAKN,2004-04-01,19660520
India,IN,IND,Asia-Pacific,World Bank GEM,NYGDPMKTPSAKN,2004-01-01,19154750
India,IN,IND,Asia-Pacific,World Bank GEM,NYGDPMKTPSAKN,2003-10-01,19434500
India,IN,IND,Asia-Pacific,World Bank GEM,NYGDPMKTPSAKN,2003-07-01,18589750
India,IN,IND,Asia-Pacific,World Bank GEM,NYGDPMKTPSAKN,2003-04-01,18109620
India,IN,IND,Asia-Pacific,World Bank GEM,NYGDPMKTPSAKN,2003-01-01,17632540
India,IN,IND,Asia-Pacific,World Bank GEM,NYGDPMKTPSAKN,2002-10-01,17382320
India,IN,IND,Asia-Pacific,World Bank GEM,NYGDPMKTPSAKN,2002-07-01,17316070
India,IN,IND,Asia-Pacific,World Bank GEM,NYGDPMKTPSAKN,2002-04-01,17242130
India,IN,IND,Asia-Pacific,World Bank GEM,NYGDPMKTPSAKN,2002-01-01,17084540
India,IN,IND,Asia-Pacific,World Bank GEM,NYGDPMKTPSAKN,2001-10-01,16979010
India,IN,IND,Asia-Pacific,World Bank GEM,NYGDPMKTPSAKN,2001-07-01,16579850
India,IN,IND,Asia-Pacific,World Bank GEM,NYGDPMKTPSAKN,2001-04-01,16387690
India,IN,IND,Asia-Pacific,World Bank GEM,NYGDPMKTPSAKN,2001-01-01,16042450
India,IN,IND,Asia-Pacific,World Bank GEM,NYGDPMKTPSAKN,2000-10-01,15949160
India,IN,IND,Asia-Pacific,World Bank GEM,NYGDPMKTPSAKN,2000-07-01,16000350
India,IN,IND,Asia-Pacific,World Bank GEM,NYGDPMKTPSAKN,2000-04-01,15791950
India,IN,IND,Asia-Pacific,World Bank GEM,NYGDPMKTPSAKN,2000-01-01,15780890
India,IN,IND,Asia-Pacific,World Bank GEM,NYGDPMKTPSAKN,1999-10-01,15338400
India,IN,IND,Asia-Pacific,World Bank GEM,NYGDPMKTPSAKN,1999-07-01,15129230
India,IN,IND,Asia-Pacific,World Bank GEM,NYGDPMKTPSAKN,1999-04-01,15014510
India,IN,IND,Asia-Pacific,World Bank GEM,NYGDPMKTPSAKN,1999-01-01,14636260
India,IN,IND,Asia-Pacific,World Bank GEM,NYGDPMKTPSAKN,1998-10-01,14348380
India,IN,IND,Asia-Pacific,World Bank GEM,NYGDPMKTPSAKN,1998-07-01,14111000
India,IN,IND,Asia-Pacific,World Bank GEM,NYGDPMKTPSAKN,1998-04-01,13950070
India,IN,IND,Asia-Pacific,World Bank GEM,NYGDPMKTPSAKN,1998-01-01,13815690
India,IN,IND,Asia-Pacific,World Bank GEM,NYGDPMKTPSAKN,1997-10-01,13580900
India,IN,IND,Asia-Pacific,World Bank GEM,NYGDPMKTPSAKN,1997-07-01,13153270
India,IN,IND,Asia-Pacific,World Bank GEM,NYGDPMKTPSAKN,1997-04-01,13127520
India,IN,IND,Asia-Pacific,World Bank GEM,NYGDPMKTPSAKN,1997-01-01,13172270
India,IN,IND,Asia-Pacific,World Bank GEM,NYGDPMKTPSAKN,1996-10-01,13110430
India,IN,IND,Asia-Pacific,World Bank GEM,NYGDPMKTPSAKN,1996-07-01,12569050
India,IN,IND,Asia-Pacific,World Bank GEM,NYGDPMKTPSAKN,1996-04-01,12718070
Japan,JP,JPN,Asia-Pacific,World Bank GEM,NYGDPMKTPSAKN,2025-10-01,147964200
Japan,JP,JPN,Asia-Pacific,World Bank GEM,NYGDPMKTPSAKN,2025-07-01,147482600
Japan,JP,JPN,Asia-Pacific,World Bank GEM,NYGDPMKTPSAKN,2025-04-01,148450000
Japan,JP,JPN,Asia-Pacific,World Bank GEM,NYGDPMKTPSAKN,2025-01-01,147565200
Japan,JP,JPN,Asia-Pacific,World Bank GEM,NYGDPMKTPSAKN,2024-10-01,147171100
Japan,JP,JPN,Asia-Pacific,World Bank GEM,NYGDPMKTPSAKN,2024-07-01,146495200
Japan,JP,JPN,Asia-Pacific,World Bank GEM,NYGDPMKTPSAKN,2024-04-01,145543700
Japan,JP,JPN,Asia-Pacific,World Bank GEM,NYGDPMKTPSAKN,2024-01-01,145279400
Japan,JP,JPN,Asia-Pacific,World Bank GEM,NYGDPMKTPSAKN,2023-10-01,146067700
Japan,JP,JPN,Asia-Pacific,World Bank GEM,NYGDPMKTPSAKN,2023-07-01,145312400
Japan,JP,JPN,Asia-Pacific,World Bank GEM,NYGDPMKTPSAKN,2023-04-01,147381500
Japan,JP,JPN,Asia-Pacific,World Bank GEM,NYGDPMKTPSAKN,2023-01-01,147091800
Japan,JP,JPN,Asia-Pacific,World Bank GEM,NYGDPMKTPSAKN,2022-10-01,145983600
Japan,JP,JPN,Asia-Pacific,World Bank GEM,NYGDPMKTPSAKN,2022-07-01,145318000
Japan,JP,JPN,Asia-Pacific,World Bank GEM,NYGDPMKTPSAKN,2022-04-01,145891900
Japan,JP,JPN,Asia-Pacific,World Bank GEM,NYGDPMKTPSAKN,2022-01-01,144491700
Japan,JP,JPN,Asia-Pacific,World Bank GEM,NYGDPMKTPSAKN,2021-10-01,145000000
Japan,JP,JPN,Asia-Pacific,World Bank GEM,NYGDPMKTPSAKN,2021-07-01,143274200
Japan,JP,JPN,Asia-Pacific,World Bank GEM,NYGDPMKTPSAKN,2021-04-01,143519100
Japan,JP,JPN,Asia-Pacific,World Bank GEM,NYGDPMKTPSAKN,2021-01-01,142478800
Japan,JP,JPN,Asia-Pacific,World Bank GEM,NYGDPMKTPSAKN,2020-10-01,140958800
Japan,JP,JPN,Asia-Pacific,World Bank GEM,NYGDPMKTPSAKN,2020-07-01,138639800
Japan,JP,JPN,Asia-Pacific,World Bank GEM,NYGDPMKTPSAKN,2020-04-01,132071500
Japan,JP,JPN,Asia-Pacific,World Bank GEM,NYGDPMKTPSAKN,2020-01-01,142347600
Japan,JP,JPN,Asia-Pacific,World Bank GEM,NYGDPMKTPSAKN,2019-10-01,141801900
Japan,JP,JPN,Asia-Pacific,World Bank GEM,NYGDPMKTPSAKN,2019-07-01,145999300
Japan,JP,JPN,Asia-Pacific,World Bank GEM,NYGDPMKTPSAKN,2019-04-01,145937100
Japan,JP,JPN,Asia-Pacific,World Bank GEM,NYGDPMKTPSAKN,2019-01-01,145357000
Japan,JP,JPN,Asia-Pacific,World Bank GEM,NYGDPMKTPSAKN,2018-10-01,145175900
Japan,JP,JPN,Asia-Pacific,World Bank GEM,NYGDPMKTPSAKN,2018-07-01,145071600
Japan,JP,JPN,Asia-Pacific,World Bank GEM,NYGDPMKTPSAKN,2018-04-01,145790800
Japan,JP,JPN,Asia-Pacific,World Bank GEM,NYGDPMKTPSAKN,2018-01-01,144869300
Japan,JP,JPN,Asia-Pacific,World Bank GEM,NYGDPMKTPSAKN,2017-10-01,145099400
Japan,JP,JPN,Asia-Pacific,World Bank GEM,NYGDPMKTPSAKN,2017-07-01,144870900
Japan,JP,JPN,Asia-Pacific,World Bank GEM,NYGDPMKTPSAKN,2017-04-01,143244500
Japan,JP,JPN,Asia-Pacific,World Bank GEM,NYGDPMKTPSAKN,2017-01-01,142778600
Japan,JP,JPN,Asia-Pacific,World Bank GEM,NYGDPMKTPSAKN,2016-10-01,141751700
Japan,JP,JPN,Asia-Pacific,World Bank GEM,NYGDPMKTPSAKN,2016-07-01,141728200
Japan,JP,JPN,Asia-Pacific,World Bank GEM,NYGDPMKTPSAKN,2016-04-01,141411800
Japan,JP,JPN,Asia-Pacific,World Bank GEM,NYGDPMKTPSAKN,2016-01-01,141892600
Japan,JP,JPN,Asia-Pacific,World Bank GEM,NYGDPMKTPSAKN,2015-10-01,140675300
Japan,JP,JPN,Asia-Pacific,World Bank GEM,NYGDPMKTPSAKN,2015-07-01,140943800
Japan,JP,JPN,Asia-Pacific,World Bank GEM,NYGDPMKTPSAKN,2015-04-01,140738700
Japan,JP,JPN,Asia-Pacific,World Bank GEM,NYGDPMKTPSAKN,2015-01-01,140650000
Japan,JP,JPN,Asia-Pacific,World Bank GEM,NYGDPMKTPSAKN,2014-10-01,138426000
Japan,JP,JPN,Asia-Pacific,World Bank GEM,NYGDPMKTPSAKN,2014-07-01,137626900
Japan,JP,JPN,Asia-Pacific,World Bank GEM,NYGDPMKTPSAKN,2014-04-01,137360800
Japan,JP,JPN,Asia-Pacific,World Bank GEM,NYGDPMKTPSAKN,2014-01-01,139362600
Japan,JP,JPN,Asia-Pacific,World Bank GEM,NYGDPMKTPSAKN,2013-10-01,137924600
Japan,JP,JPN,Asia-Pacific,World Bank GEM,NYGDPMKTPSAKN,2013-07-01,138115100
Japan,JP,JPN,Asia-Pacific,World Bank GEM,NYGDPMKTPSAKN,2013-04-01,136819700
Japan,JP,JPN,Asia-Pacific,World Bank GEM,NYGDPMKTPSAKN,2013-01-01,135426500
Japan,JP,JPN,Asia-Pacific,World Bank GEM,NYGDPMKTPSAKN,2012-10-01,133722900
Japan,JP,JPN,Asia-Pacific,World Bank GEM,NYGDPMKTPSAKN,2012-07-01,133792300
Japan,JP,JPN,Asia-Pacific,World Bank GEM,NYGDPMKTPSAKN,2012-04-01,134327100
Japan,JP,JPN,Asia-Pacific,World Bank GEM,NYGDPMKTPSAKN,2012-01-01,135581100
Japan,JP,JPN,Asia-Pacific,World Bank GEM,NYGDPMKTPSAKN,2011-10-01,133553500
Japan,JP,JPN,Asia-Pacific,World Bank GEM,NYGDPMKTPSAKN,2011-07-01,133502900
Japan,JP,JPN,Asia-Pacific,World Bank GEM,NYGDPMKTPSAKN,2011-04-01,130386300
Japan,JP,JPN,Asia-Pacific,World Bank GEM,NYGDPMKTPSAKN,2011-01-01,131223400
Japan,JP,JPN,Asia-Pacific,World Bank GEM,NYGDPMKTPSAKN,2010-10-01,133135200
Japan,JP,JPN,Asia-Pacific,World Bank GEM,NYGDPMKTPSAKN,2010-07-01,134284500
Japan,JP,JPN,Asia-Pacific,World Bank GEM,NYGDPMKTPSAKN,2010-04-01,132013000
Japan,JP,JPN,Asia-Pacific,World Bank GEM,NYGDPMKTPSAKN,2010-01-01,130216000
Japan,JP,JPN,Asia-Pacific,World Bank GEM,NYGDPMKTPSAKN,2009-10-01,128621800
Japan,JP,JPN,Asia-Pacific,World Bank GEM,NYGDPMKTPSAKN,2009-07-01,126586100
Japan,JP,JPN,Asia-Pacific,World Bank GEM,NYGDPMKTPSAKN,2009-04-01,127417600
Japan,JP,JPN,Asia-Pacific,World Bank GEM,NYGDPMKTPSAKN,2009-01-01,126006800
Japan,JP,JPN,Asia-Pacific,World Bank GEM,NYGDPMKTPSAKN,2008-10-01,131854700
Japan,JP,JPN,Asia-Pacific,World Bank GEM,NYGDPMKTPSAKN,2008-07-01,135057200
Japan,JP,JPN,Asia-Pacific,World Bank GEM,NYGDPMKTPSAKN,2008-04-01,136579400
Japan,JP,JPN,Asia-Pacific,World Bank GEM,NYGDPMKTPSAKN,2008-01-01,137238700
Japan,JP,JPN,Asia-Pacific,World Bank GEM,NYGDPMKTPSAKN,2007-10-01,136951200
Japan,JP,JPN,Asia-Pacific,World Bank GEM,NYGDPMKTPSAKN,2007-07-01,136175400
Japan,JP,JPN,Asia-Pacific,World Bank GEM,NYGDPMKTPSAKN,2007-04-01,137077400
Japan,JP,JPN,Asia-Pacific,World Bank GEM,NYGDPMKTPSAKN,2007-01-01,136866200
Japan,JP,JPN,Asia-Pacific,World Bank GEM,NYGDPMKTPSAKN,2006-10-01,135888600
Japan,JP,JPN,Asia-Pacific,World Bank GEM,NYGDPMKTPSAKN,2006-07-01,134084800
Japan,JP,JPN,Asia-Pacific,World Bank GEM,NYGDPMKTPSAKN,2006-04-01,134104600
Japan,JP,JPN,Asia-Pacific,World Bank GEM,NYGDPMKTPSAKN,2006-01-01,133734800
Japan,JP,JPN,Asia-Pacific,World Bank GEM,NYGDPMKTPSAKN,2005-10-01,133630600
Japan,JP,JPN,Asia-Pacific,World Bank GEM,NYGDPMKTPSAKN,2005-07-01,133255200
Japan,JP,JPN,Asia-Pacific,World Bank GEM,NYGDPMKTPSAKN,2005-04-01,132065300
Japan,JP,JPN,Asia-Pacific,World Bank GEM,NYGDPMKTPSAKN,2005-01-01,130808400
Japan,JP,JPN,Asia-Pacific,World Bank GEM,NYGDPMKTPSAKN,2004-10-01,130003600
Japan,JP,JPN,Asia-Pacific,World Bank GEM,NYGDPMKTPSAKN,2004-07-01,130500800
Japan,JP,JPN,Asia-Pacific,World Bank GEM,NYGDPMKTPSAKN,2004-04-01,129781500
Japan,JP,JPN,Asia-Pacific,World Bank GEM,NYGDPMKTPSAKN,2004-01-01,129877300
Japan,JP,JPN,Asia-Pacific,World Bank GEM,NYGDPMKTPSAKN,2003-10-01,128774700
Japan,JP,JPN,Asia-Pacific,World Bank GEM,NYGDPMKTPSAKN,2003-07-01,127485400
Japan,JP,JPN,Asia-Pacific,World Bank GEM,NYGDPMKTPSAKN,2003-04-01,127116400
Japan,JP,JPN,Asia-Pacific,World Bank GEM,NYGDPMKTPSAKN,2003-01-01,126076200
Japan,JP,JPN,Asia-Pacific,World Bank GEM,NYGDPMKTPSAKN,2002-10-01,126221500
Japan,JP,JPN,Asia-Pacific,World Bank GEM,NYGDPMKTPSAKN,2002-07-01,125927300
Japan,JP,JPN,Asia-Pacific,World Bank GEM,NYGDPMKTPSAKN,2002-04-01,125540900
Japan,JP,JPN,Asia-Pacific,World Bank GEM,NYGDPMKTPSAKN,2002-01-01,124646300
Japan,JP,JPN,Asia-Pacific,World Bank GEM,NYGDPMKTPSAKN,2001-10-01,124331200
Japan,JP,JPN,Asia-Pacific,World Bank GEM,NYGDPMKTPSAKN,2001-07-01,124603300
Japan,JP,JPN,Asia-Pacific,World Bank GEM,NYGDPMKTPSAKN,2001-04-01,126087500
Japan,JP,JPN,Asia-Pacific,World Bank GEM,NYGDPMKTPSAKN,2001-01-01,127051300
Japan,JP,JPN,Asia-Pacific,World Bank GEM,NYGDPMKTPSAKN,2000-10-01,126312900
Japan,JP,JPN,Asia-Pacific,World Bank GEM,NYGDPMKTPSAKN,2000-07-01,125017300
Japan,JP,JPN,Asia-Pacific,World Bank GEM,NYGDPMKTPSAKN,2000-04-01,125073400
Japan,JP,JPN,Asia-Pacific,World Bank GEM,NYGDPMKTPSAKN,2000-01-01,124314000
Japan,JP,JPN,Asia-Pacific,World Bank GEM,NYGDPMKTPSAKN,1999-10-01,122020500
Japan,JP,JPN,Asia-Pacific,World Bank GEM,NYGDPMKTPSAKN,1999-07-01,122093600
Japan,JP,JPN,Asia-Pacific,World Bank GEM,NYGDPMKTPSAKN,1999-04-01,121418900
Japan,JP,JPN,Asia-Pacific,World Bank GEM,NYGDPMKTPSAKN,1999-01-01,120808400
Japan,JP,JPN,Asia-Pacific,World Bank GEM,NYGDPMKTPSAKN,1998-10-01,122598900
Japan,JP,JPN,Asia-Pacific,World Bank GEM,NYGDPMKTPSAKN,1998-07-01,121550200
Japan,JP,JPN,Asia-Pacific,World Bank GEM,NYGDPMKTPSAKN,1998-04-01,121390600
Japan,JP,JPN,Asia-Pacific,World Bank GEM,NYGDPMKTPSAKN,1998-01-01,122065400
Japan,JP,JPN,Asia-Pacific,World Bank GEM,NYGDPMKTPSAKN,1997-10-01,124027900
Japan,JP,JPN,Asia-Pacific,World Bank GEM,NYGDPMKTPSAKN,1997-07-01,124043000
Japan,JP,JPN,Asia-Pacific,World Bank GEM,NYGDPMKTPSAKN,1997-04-01,123849300
Japan,JP,JPN,Asia-Pacific,World Bank GEM,NYGDPMKTPSAKN,1997-01-01,124726400
Japan,JP,JPN,Asia-Pacific,World Bank GEM,NYGDPMKTPSAKN,1996-10-01,123910400
Japan,JP,JPN,Asia-Pacific,World Bank GEM,NYGDPMKTPSAKN,1996-07-01,122596200
Japan,JP,JPN,Asia-Pacific,World Bank GEM,NYGDPMKTPSAKN,1996-04-01,122373400
Japan,JP,JPN,Asia-Pacific,World Bank GEM,NYGDPMKTPSAKN,1996-01-01,121067600
Japan,JP,JPN,Asia-Pacific,World Bank GEM,NYGDPMKTPSAKN,1995-10-01,119947400
Japan,JP,JPN,Asia-Pacific,World Bank GEM,NYGDPMKTPSAKN,1995-07-01,119648000
Japan,JP,JPN,Asia-Pacific,World Bank GEM,NYGDPMKTPSAKN,1995-04-01,118287300
Japan,JP,JPN,Asia-Pacific,World Bank GEM,NYGDPMKTPSAKN,1995-01-01,117223400
Japan,JP,JPN,Asia-Pacific,World Bank GEM,NYGDPMKTPSAKN,1994-10-01,116099000
Japan,JP,JPN,Asia-Pacific,World Bank GEM,NYGDPMKTPSAKN,1994-07-01,116533800
Japan,JP,JPN,Asia-Pacific,World Bank GEM,NYGDPMKTPSAKN,1994-04-01,115373000
Japan,JP,JPN,Asia-Pacific,World Bank GEM,NYGDPMKTPSAKN,1994-01-01,116265700
Japan,JP,JPN,Asia-Pacific,World Bank GEM,NYGDPMKTPSAKN,1993-10-01,114924500
Japan,JP,JPN,Asia-Pacific,World Bank GEM,NYGDPMKTPSAKN,1993-07-01,114481900
Japan,JP,JPN,Asia-Pacific,World Bank GEM,NYGDPMKTPSAKN,1993-04-01,115008000
Japan,JP,JPN,Asia-Pacific,World Bank GEM,NYGDPMKTPSAKN,1993-01-01,115985800
Japan,JP,JPN,Asia-Pacific,World Bank GEM,NYGDPMKTPSAKN,1992-10-01,115401600
Japan,JP,JPN,Asia-Pacific,World Bank GEM,NYGDPMKTPSAKN,1992-07-01,116111600
Japan,JP,JPN,Asia-Pacific,World Bank GEM,NYGDPMKTPSAKN,1992-04-01,115673500
Japan,JP,JPN,Asia-Pacific,World Bank GEM,NYGDPMKTPSAKN,1992-01-01,115322600
Japan,JP,JPN,Asia-Pacific,World Bank GEM,NYGDPMKTPSAKN,1991-10-01,115497900
Japan,JP,JPN,Asia-Pacific,World Bank GEM,NYGDPMKTPSAKN,1991-07-01,114621500
Japan,JP,JPN,Asia-Pacific,World Bank GEM,NYGDPMKTPSAKN,1991-04-01,114626500
Japan,JP,JPN,Asia-Pacific,World Bank GEM,NYGDPMKTPSAKN,1991-01-01,113638800
Japan,JP,JPN,Asia-Pacific,World Bank GEM,NYGDPMKTPSAKN,1990-10-01,112428600
Japan,JP,JPN,Asia-Pacific,World Bank GEM,NYGDPMKTPSAKN,1990-07-01,112500300
Japan,JP,JPN,Asia-Pacific,World Bank GEM,NYGDPMKTPSAKN,1990-04-01,110262800
Japan,JP,JPN,Asia-Pacific,World Bank GEM,NYGDPMKTPSAKN,1990-01-01,107628900
Japan,JP,JPN,Asia-Pacific,World Bank GEM,NYGDPMKTPSAKN,1989-10-01,108212300
Japan,JP,JPN,Asia-Pacific,World Bank GEM,NYGDPMKTPSAKN,1989-07-01,105340000
Japan,JP,JPN,Asia-Pacific,World Bank GEM,NYGDPMKTPSAKN,1989-04-01,103728000
Japan,JP,JPN,Asia-Pacific,World Bank GEM,NYGDPMKTPSAKN,1989-01-01,104975800
Japan,JP,JPN,Asia-Pacific,World Bank GEM,NYGDPMKTPSAKN,1988-10-01,102545500
Japan,JP,JPN,Asia-Pacific,World Bank GEM,NYGDPMKTPSAKN,1988-07-01,101434800
Japan,JP,JPN,Asia-Pacific,World Bank GEM,NYGDPMKTPSAKN,1988-04-01,99598300
Japan,JP,JPN,Asia-Pacific,World Bank GEM,NYGDPMKTPSAKN,1988-01-01,98876700
Japan,JP,JPN,Asia-Pacific,World Bank GEM,NYGDPMKTPSAKN,1987-10-01,97371700
Japan,JP,JPN,Asia-Pacific,World Bank GEM,NYGDPMKTPSAKN,1987-07-01,94939900
Japan,JP,JPN,Asia-Pacific,World Bank GEM,NYGDPMKTPSAKN,1987-04-01,93239500
Japan,JP,JPN,Asia-Pacific,World Bank GEM,NYGDPMKTPSAKN,1987-01-01,91648200
Malaysia,MY,MYS,ASEAN,World Bank GEM,NYGDPMKTPSAKN,2025-10-01,444278
Malaysia,MY,MYS,ASEAN,World Bank GEM,NYGDPMKTPSAKN,2025-07-01,440944
Malaysia,MY,MYS,ASEAN,World Bank GEM,NYGDPMKTPSAKN,2025-04-01,429551
Malaysia,MY,MYS,ASEAN,World Bank GEM,NYGDPMKTPSAKN,2025-01-01,420502
Malaysia,MY,MYS,ASEAN,World Bank GEM,NYGDPMKTPSAKN,2024-10-01,417456
Malaysia,MY,MYS,ASEAN,World Bank GEM,NYGDPMKTPSAKN,2024-07-01,418215
Malaysia,MY,MYS,ASEAN,World Bank GEM,NYGDPMKTPSAKN,2024-04-01,411709
Malaysia,MY,MYS,ASEAN,World Bank GEM,NYGDPMKTPSAKN,2024-01-01,403132
Malaysia,MY,MYS,ASEAN,World Bank GEM,NYGDPMKTPSAKN,2023-10-01,396701
Malaysia,MY,MYS,ASEAN,World Bank GEM,NYGDPMKTPSAKN,2023-07-01,397329
Malaysia,MY,MYS,ASEAN,World Bank GEM,NYGDPMKTPSAKN,2023-04-01,389053
Malaysia,MY,MYS,ASEAN,World Bank GEM,NYGDPMKTPSAKN,2023-01-01,387045
Malaysia,MY,MYS,ASEAN,World Bank GEM,NYGDPMKTPSAKN,2022-10-01,384589
Malaysia,MY,MYS,ASEAN,World Bank GEM,NYGDPMKTPSAKN,2022-07-01,386120
Malaysia,MY,MYS,ASEAN,World Bank GEM,NYGDPMKTPSAKN,2022-04-01,379469
Malaysia,MY,MYS,ASEAN,World Bank GEM,NYGDPMKTPSAKN,2022-01-01,366325
Malaysia,MY,MYS,ASEAN,World Bank GEM,NYGDPMKTPSAKN,2021-10-01,356545
Malaysia,MY,MYS,ASEAN,World Bank GEM,NYGDPMKTPSAKN,2021-07-01,337669
Malaysia,MY,MYS,ASEAN,World Bank GEM,NYGDPMKTPSAKN,2021-04-01,347755
Malaysia,MY,MYS,ASEAN,World Bank GEM,NYGDPMKTPSAKN,2021-01-01,348913
Malaysia,MY,MYS,ASEAN,World Bank GEM,NYGDPMKTPSAKN,2020-10-01,343991
Malaysia,MY,MYS,ASEAN,World Bank GEM,NYGDPMKTPSAKN,2020-07-01,353212
Malaysia,MY,MYS,ASEAN,World Bank GEM,NYGDPMKTPSAKN,2020-04-01,298748
Malaysia,MY,MYS,ASEAN,World Bank GEM,NYGDPMKTPSAKN,2020-01-01,350298
Malaysia,MY,MYS,ASEAN,World Bank GEM,NYGDPMKTPSAKN,2019-10-01,354549
Malaysia,MY,MYS,ASEAN,World Bank GEM,NYGDPMKTPSAKN,2019-07-01,360555
Malaysia,MY,MYS,ASEAN,World Bank GEM,NYGDPMKTPSAKN,2019-04-01,359011
Malaysia,MY,MYS,ASEAN,World Bank GEM,NYGDPMKTPSAKN,2019-01-01,349838
Malaysia,MY,MYS,ASEAN,World Bank GEM,NYGDPMKTPSAKN,2018-10-01,344650
Malaysia,MY,MYS,ASEAN,World Bank GEM,NYGDPMKTPSAKN,2018-07-01,342809
Malaysia,MY,MYS,ASEAN,World Bank GEM,NYGDPMKTPSAKN,2018-04-01,340482
Malaysia,MY,MYS,ASEAN,World Bank GEM,NYGDPMKTPSAKN,2018-01-01,335826
Malaysia,MY,MYS,ASEAN,World Bank GEM,NYGDPMKTPSAKN,2017-10-01,331282
Malaysia,MY,MYS,ASEAN,World Bank GEM,NYGDPMKTPSAKN,2017-07-01,327941
Malaysia,MY,MYS,ASEAN,World Bank GEM,NYGDPMKTPSAKN,2017-04-01,323144
Malaysia,MY,MYS,ASEAN,World Bank GEM,NYGDPMKTPSAKN,2017-01-01,318402
Malaysia,MY,MYS,ASEAN,World Bank GEM,NYGDPMKTPSAKN,2016-10-01,313215
Malaysia,MY,MYS,ASEAN,World Bank GEM,NYGDPMKTPSAKN,2016-07-01,308986
Malaysia,MY,MYS,ASEAN,World Bank GEM,NYGDPMKTPSAKN,2016-04-01,305570
Malaysia,MY,MYS,ASEAN,World Bank GEM,NYGDPMKTPSAKN,2016-01-01,301541
Malaysia,MY,MYS,ASEAN,World Bank GEM,NYGDPMKTPSAKN,2015-10-01,298775
Malaysia,MY,MYS,ASEAN,World Bank GEM,NYGDPMKTPSAKN,2015-07-01,295320
Malaysia,MY,MYS,ASEAN,World Bank GEM,NYGDPMKTPSAKN,2015-04-01,293440
Malaysia,MY,MYS,ASEAN,World Bank GEM,NYGDPMKTPSAKN,2015-01-01,289405
Malaysia,MY,MYS,ASEAN,World Bank GEM,NYGDPMKTPSAKN,2014-10-01,285164
Malaysia,MY,MYS,ASEAN,World Bank GEM,NYGDPMKTPSAKN,2014-07-01,281184
Malaysia,MY,MYS,ASEAN,World Bank GEM,NYGDPMKTPSAKN,2014-04-01,278385
Malaysia,MY,MYS,ASEAN,World Bank GEM,NYGDPMKTPSAKN,2014-01-01,273791
Malaysia,MY,MYS,ASEAN,World Bank GEM,NYGDPMKTPSAKN,2013-10-01,270006
Malaysia,MY,MYS,ASEAN,World Bank GEM,NYGDPMKTPSAKN,2013-07-01,265989
Malaysia,MY,MYS,ASEAN,World Bank GEM,NYGDPMKTPSAKN,2013-04-01,261414
Malaysia,MY,MYS,ASEAN,World Bank GEM,NYGDPMKTPSAKN,2013-01-01,257736
Malaysia,MY,MYS,ASEAN,World Bank GEM,NYGDPMKTPSAKN,2012-10-01,257800
Malaysia,MY,MYS,ASEAN,World Bank GEM,NYGDPMKTPSAKN,2012-07-01,253125
Malaysia,MY,MYS,ASEAN,World Bank GEM,NYGDPMKTPSAKN,2012-04-01,250187
Malaysia,MY,MYS,ASEAN,World Bank GEM,NYGDPMKTPSAKN,2012-01-01,246729
Malaysia,MY,MYS,ASEAN,World Bank GEM,NYGDPMKTPSAKN,2011-10-01,242250
Malaysia,MY,MYS,ASEAN,World Bank GEM,NYGDPMKTPSAKN,2011-07-01,240896
Malaysia,MY,MYS,ASEAN,World Bank GEM,NYGDPMKTPSAKN,2011-04-01,237967
Malaysia,MY,MYS,ASEAN,World Bank GEM,NYGDPMKTPSAKN,2011-01-01,234427
Malaysia,MY,MYS,ASEAN,World Bank GEM,NYGDPMKTPSAKN,2010-10-01,229740
Malaysia,MY,MYS,ASEAN,World Bank GEM,NYGDPMKTPSAKN,2010-07-01,227332
Malaysia,MY,MYS,ASEAN,World Bank GEM,NYGDPMKTPSAKN,2010-04-01,227350
Malaysia,MY,MYS,ASEAN,World Bank GEM,NYGDPMKTPSAKN,2010-01-01,223077
Malaysia,MY,MYS,ASEAN,World Bank GEM,NYGDPMKTPSAKN,2009-10-01,219376
Malaysia,MY,MYS,ASEAN,World Bank GEM,NYGDPMKTPSAKN,2009-07-01,213476
Malaysia,MY,MYS,ASEAN,World Bank GEM,NYGDPMKTPSAKN,2009-04-01,207665
Malaysia,MY,MYS,ASEAN,World Bank GEM,NYGDPMKTPSAKN,2009-01-01,202578
Malaysia,MY,MYS,ASEAN,World Bank GEM,NYGDPMKTPSAKN,2008-10-01,210000
Malaysia,MY,MYS,ASEAN,World Bank GEM,NYGDPMKTPSAKN,2008-07-01,215445
Malaysia,MY,MYS,ASEAN,World Bank GEM,NYGDPMKTPSAKN,2008-04-01,215800
Malaysia,MY,MYS,ASEAN,World Bank GEM,NYGDPMKTPSAKN,2008-01-01,214809
Malaysia,MY,MYS,ASEAN,World Bank GEM,NYGDPMKTPSAKN,2007-10-01,209794
Malaysia,MY,MYS,ASEAN,World Bank GEM,NYGDPMKTPSAKN,2007-07-01,204987
Malaysia,MY,MYS,ASEAN,World Bank GEM,NYGDPMKTPSAKN,2007-04-01,202501
Malaysia,MY,MYS,ASEAN,World Bank GEM,NYGDPMKTPSAKN,2007-01-01,199312
Malaysia,MY,MYS,ASEAN,World Bank GEM,NYGDPMKTPSAKN,2006-10-01,195272
Malaysia,MY,MYS,ASEAN,World Bank GEM,NYGDPMKTPSAKN,2006-07-01,192553
Malaysia,MY,MYS,ASEAN,World Bank GEM,NYGDPMKTPSAKN,2006-04-01,191070
Malaysia,MY,MYS,ASEAN,World Bank GEM,NYGDPMKTPSAKN,2006-01-01,189312
Malaysia,MY,MYS,ASEAN,World Bank GEM,NYGDPMKTPSAKN,2005-10-01,185400
Malaysia,MY,MYS,ASEAN,World Bank GEM,NYGDPMKTPSAKN,2005-07-01,182184
Malaysia,MY,MYS,ASEAN,World Bank GEM,NYGDPMKTPSAKN,2005-04-01,180723
Malaysia,MY,MYS,ASEAN,World Bank GEM,NYGDPMKTPSAKN,2005-01-01,179268
New Zealand,NZ,NZL,Asia-Pacific,World Bank GEM,NYGDPMKTPSAKN,2025-07-01,72607
New Zealand,NZ,NZL,Asia-Pacific,World Bank GEM,NYGDPMKTPSAKN,2025-04-01,71671
New Zealand,NZ,NZL,Asia-Pacific,World Bank GEM,NYGDPMKTPSAKN,2025-01-01,72271
New Zealand,NZ,NZL,Asia-Pacific,World Bank GEM,NYGDPMKTPSAKN,2024-10-01,71423
New Zealand,NZ,NZL,Asia-Pacific,World Bank GEM,NYGDPMKTPSAKN,2024-07-01,71288
New Zealand,NZ,NZL,Asia-Pacific,World Bank GEM,NYGDPMKTPSAKN,2024-04-01,72228
New Zealand,NZ,NZL,Asia-Pacific,World Bank GEM,NYGDPMKTPSAKN,2024-01-01,72522
New Zealand,NZ,NZL,Asia-Pacific,World Bank GEM,NYGDPMKTPSAKN,2023-10-01,72428
New Zealand,NZ,NZL,Asia-Pacific,World Bank GEM,NYGDPMKTPSAKN,2023-07-01,72110
New Zealand,NZ,NZL,Asia-Pacific,World Bank GEM,NYGDPMKTPSAKN,2023-04-01,72201
New Zealand,NZ,NZL,Asia-Pacific,World Bank GEM,NYGDPMKTPSAKN,2023-01-01,71675
New Zealand,NZ,NZL,Asia-Pacific,World Bank GEM,NYGDPMKTPSAKN,2022-10-01,71797
New Zealand,NZ,NZL,Asia-Pacific,World Bank GEM,NYGDPMKTPSAKN,2022-07-01,71582
New Zealand,NZ,NZL,Asia-Pacific,World Bank GEM,NYGDPMKTPSAKN,2022-04-01,70031
New Zealand,NZ,NZL,Asia-Pacific,World Bank GEM,NYGDPMKTPSAKN,2022-01-01,69143
New Zealand,NZ,NZL,Asia-Pacific,World Bank GEM,NYGDPMKTPSAKN,2021-10-01,69099
New Zealand,NZ,NZL,Asia-Pacific,World Bank GEM,NYGDPMKTPSAKN,2021-07-01,66392
New Zealand,NZ,NZL,Asia-Pacific,World Bank GEM,NYGDPMKTPSAKN,2021-04-01,69458
New Zealand,NZ,NZL,Asia-Pacific,World Bank GEM,NYGDPMKTPSAKN,2021-01-01,68916
New Zealand,NZ,NZL,Asia-Pacific,World Bank GEM,NYGDPMKTPSAKN,2020-10-01,67548
New Zealand,NZ,NZL,Asia-Pacific,World Bank GEM,NYGDPMKTPSAKN,2020-07-01,67227
New Zealand,NZ,NZL,Asia-Pacific,World Bank GEM,NYGDPMKTPSAKN,2020-04-01,58968
New Zealand,NZ,NZL,Asia-Pacific,World Bank GEM,NYGDPMKTPSAKN,2020-01-01,65502
New Zealand,NZ,NZL,Asia-Pacific,World Bank GEM,NYGDPMKTPSAKN,2019-10-01,66042
New Zealand,NZ,NZL,Asia-Pacific,World Bank GEM,NYGDPMKTPSAKN,2019-07-01,65577
New Zealand,NZ,NZL,Asia-Pacific,World Bank GEM,NYGDPMKTPSAKN,2019-04-01,65037
New Zealand,NZ,NZL,Asia-Pacific,World Bank GEM,NYGDPMKTPSAKN,2019-01-01,65042
New Zealand,NZ,NZL,Asia-Pacific,World Bank GEM,NYGDPMKTPSAKN,2018-10-01,64251
New Zealand,NZ,NZL,Asia-Pacific,World Bank GEM,NYGDPMKTPSAKN,2018-07-01,63234
New Zealand,NZ,NZL,Asia-Pacific,World Bank GEM,NYGDPMKTPSAKN,2018-04-01,63195
New Zealand,NZ,NZL,Asia-Pacific,World Bank GEM,NYGDPMKTPSAKN,2018-01-01,62646
New Zealand,NZ,NZL,Asia-Pacific,World Bank GEM,NYGDPMKTPSAKN,2017-10-01,61970
New Zealand,NZ,NZL,Asia-Pacific,World Bank GEM,NYGDPMKTPSAKN,2017-07-01,61183
New Zealand,NZ,NZL,Asia-Pacific,World Bank GEM,NYGDPMKTPSAKN,2017-04-01,60540
New Zealand,NZ,NZL,Asia-Pacific,World Bank GEM,NYGDPMKTPSAKN,2017-01-01,59894
New Zealand,NZ,NZL,Asia-Pacific,World Bank GEM,NYGDPMKTPSAKN,2016-10-01,59032
New Zealand,NZ,NZL,Asia-Pacific,World Bank GEM,NYGDPMKTPSAKN,2016-07-01,58927
New Zealand,NZ,NZL,Asia-Pacific,World Bank GEM,NYGDPMKTPSAKN,2016-04-01,58460
New Zealand,NZ,NZL,Asia-Pacific,World Bank GEM,NYGDPMKTPSAKN,2016-01-01,57781
New Zealand,NZ,NZL,Asia-Pacific,World Bank GEM,NYGDPMKTPSAKN,2015-10-01,57214
New Zealand,NZ,NZL,Asia-Pacific,World Bank GEM,NYGDPMKTPSAKN,2015-07-01,56655
New Zealand,NZ,NZL,Asia-Pacific,World Bank GEM,NYGDPMKTPSAKN,2015-04-01,55874
New Zealand,NZ,NZL,Asia-Pacific,World Bank GEM,NYGDPMKTPSAKN,2015-01-01,55422
New Zealand,NZ,NZL,Asia-Pacific,World Bank GEM,NYGDPMKTPSAKN,2014-10-01,54983
New Zealand,NZ,NZL,Asia-Pacific,World Bank GEM,NYGDPMKTPSAKN,2014-07-01,54273
New Zealand,NZ,NZL,Asia-Pacific,World Bank GEM,NYGDPMKTPSAKN,2014-04-01,53594
New Zealand,NZ,NZL,Asia-Pacific,World Bank GEM,NYGDPMKTPSAKN,2014-01-01,53345
New Zealand,NZ,NZL,Asia-Pacific,World Bank GEM,NYGDPMKTPSAKN,2013-10-01,52760
New Zealand,NZ,NZL,Asia-Pacific,World Bank GEM,NYGDPMKTPSAKN,2013-07-01,52465
New Zealand,NZ,NZL,Asia-Pacific,World Bank GEM,NYGDPMKTPSAKN,2013-04-01,51999
New Zealand,NZ,NZL,Asia-Pacific,World Bank GEM,NYGDPMKTPSAKN,2013-01-01,52239
New Zealand,NZ,NZL,Asia-Pacific,World Bank GEM,NYGDPMKTPSAKN,2012-10-01,51967
New Zealand,NZ,NZL,Asia-Pacific,World Bank GEM,NYGDPMKTPSAKN,2012-07-01,51392
New Zealand,NZ,NZL,Asia-Pacific,World Bank GEM,NYGDPMKTPSAKN,2012-04-01,51073
New Zealand,NZ,NZL,Asia-Pacific,World Bank GEM,NYGDPMKTPSAKN,2012-01-01,50746
New Zealand,NZ,NZL,Asia-Pacific,World Bank GEM,NYGDPMKTPSAKN,2011-10-01,50647
New Zealand,NZ,NZL,Asia-Pacific,World Bank GEM,NYGDPMKTPSAKN,2011-07-01,50230
New Zealand,NZ,NZL,Asia-Pacific,World Bank GEM,NYGDPMKTPSAKN,2011-04-01,49700
New Zealand,NZ,NZL,Asia-Pacific,World Bank GEM,NYGDPMKTPSAKN,2011-01-01,49282
New Zealand,NZ,NZL,Asia-Pacific,World Bank GEM,NYGDPMKTPSAKN,2010-10-01,48461
New Zealand,NZ,NZL,Asia-Pacific,World Bank GEM,NYGDPMKTPSAKN,2010-07-01,49043
New Zealand,NZ,NZL,Asia-Pacific,World Bank GEM,NYGDPMKTPSAKN,2010-04-01,49743
New Zealand,NZ,NZL,Asia-Pacific,World Bank GEM,NYGDPMKTPSAKN,2010-01-01,49469
New Zealand,NZ,NZL,Asia-Pacific,World Bank GEM,NYGDPMKTPSAKN,2009-10-01,48900
New Zealand,NZ,NZL,Asia-Pacific,World Bank GEM,NYGDPMKTPSAKN,2009-07-01,48321
New Zealand,NZ,NZL,Asia-Pacific,World Bank GEM,NYGDPMKTPSAKN,2009-04-01,48035
New Zealand,NZ,NZL,Asia-Pacific,World Bank GEM,NYGDPMKTPSAKN,2009-01-01,47446
New Zealand,NZ,NZL,Asia-Pacific,World Bank GEM,NYGDPMKTPSAKN,2008-10-01,47799
New Zealand,NZ,NZL,Asia-Pacific,World Bank GEM,NYGDPMKTPSAKN,2008-07-01,47804
New Zealand,NZ,NZL,Asia-Pacific,World Bank GEM,NYGDPMKTPSAKN,2008-04-01,47755
New Zealand,NZ,NZL,Asia-Pacific,World Bank GEM,NYGDPMKTPSAKN,2008-01-01,48425
New Zealand,NZ,NZL,Asia-Pacific,World Bank GEM,NYGDPMKTPSAKN,2007-10-01,48666
New Zealand,NZ,NZL,Asia-Pacific,World Bank GEM,NYGDPMKTPSAKN,2007-07-01,48416
New Zealand,NZ,NZL,Asia-Pacific,World Bank GEM,NYGDPMKTPSAKN,2007-04-01,47951
New Zealand,NZ,NZL,Asia-Pacific,World Bank GEM,NYGDPMKTPSAKN,2007-01-01,47283
New Zealand,NZ,NZL,Asia-Pacific,World Bank GEM,NYGDPMKTPSAKN,2006-10-01,46933
New Zealand,NZ,NZL,Asia-Pacific,World Bank GEM,NYGDPMKTPSAKN,2006-07-01,46586
New Zealand,NZ,NZL,Asia-Pacific,World Bank GEM,NYGDPMKTPSAKN,2006-04-01,45769
New Zealand,NZ,NZL,Asia-Pacific,World Bank GEM,NYGDPMKTPSAKN,2006-01-01,45961
New Zealand,NZ,NZL,Asia-Pacific,World Bank GEM,NYGDPMKTPSAKN,2005-10-01,45549
New Zealand,NZ,NZL,Asia-Pacific,World Bank GEM,NYGDPMKTPSAKN,2005-07-01,45557
New Zealand,NZ,NZL,Asia-Pacific,World Bank GEM,NYGDPMKTPSAKN,2005-04-01,45447
New Zealand,NZ,NZL,Asia-Pacific,World Bank GEM,NYGDPMKTPSAKN,2005-01-01,44325
New Zealand,NZ,NZL,Asia-Pacific,World Bank GEM,NYGDPMKTPSAKN,2004-10-01,44232
New Zealand,NZ,NZL,Asia-Pacific,World Bank GEM,NYGDPMKTPSAKN,2004-07-01,44189
New Zealand,NZ,NZL,Asia-Pacific,World Bank GEM,NYGDPMKTPSAKN,2004-04-01,44106
New Zealand,NZ,NZL,Asia-Pacific,World Bank GEM,NYGDPMKTPSAKN,2004-01-01,44088
New Zealand,NZ,NZL,Asia-Pacific,World Bank GEM,NYGDPMKTPSAKN,2003-10-01,42944
New Zealand,NZ,NZL,Asia-Pacific,World Bank GEM,NYGDPMKTPSAKN,2003-07-01,42432
New Zealand,NZ,NZL,Asia-Pacific,World Bank GEM,NYGDPMKTPSAKN,2003-04-01,41812
New Zealand,NZ,NZL,Asia-Pacific,World Bank GEM,NYGDPMKTPSAKN,2003-01-01,41625
New Zealand,NZ,NZL,Asia-Pacific,World Bank GEM,NYGDPMKTPSAKN,2002-10-01,41405
New Zealand,NZ,NZL,Asia-Pacific,World Bank GEM,NYGDPMKTPSAKN,2002-07-01,40707
New Zealand,NZ,NZL,Asia-Pacific,World Bank GEM,NYGDPMKTPSAKN,2002-04-01,39864
New Zealand,NZ,NZL,Asia-Pacific,World Bank GEM,NYGDPMKTPSAKN,2002-01-01,39486
New Zealand,NZ,NZL,Asia-Pacific,World Bank GEM,NYGDPMKTPSAKN,2001-10-01,39032
New Zealand,NZ,NZL,Asia-Pacific,World Bank GEM,NYGDPMKTPSAKN,2001-07-01,38616
New Zealand,NZ,NZL,Asia-Pacific,World Bank GEM,NYGDPMKTPSAKN,2001-04-01,38619
New Zealand,NZ,NZL,Asia-Pacific,World Bank GEM,NYGDPMKTPSAKN,2001-01-01,37355
New Zealand,NZ,NZL,Asia-Pacific,World Bank GEM,NYGDPMKTPSAKN,2000-10-01,37687
New Zealand,NZ,NZL,Asia-Pacific,World Bank GEM,NYGDPMKTPSAKN,2000-07-01,37510
New Zealand,NZ,NZL,Asia-Pacific,World Bank GEM,NYGDPMKTPSAKN,2000-04-01,37353
New Zealand,NZ,NZL,Asia-Pacific,World Bank GEM,NYGDPMKTPSAKN,2000-01-01,37571
New Zealand,NZ,NZL,Asia-Pacific,World Bank GEM,NYGDPMKTPSAKN,1999-10-01,36740
New Zealand,NZ,NZL,Asia-Pacific,World Bank GEM,NYGDPMKTPSAKN,1999-07-01,36384
New Zealand,NZ,NZL,Asia-Pacific,World Bank GEM,NYGDPMKTPSAKN,1999-04-01,35879
New Zealand,NZ,NZL,Asia-Pacific,World Bank GEM,NYGDPMKTPSAKN,1999-01-01,35497
New Zealand,NZ,NZL,Asia-Pacific,World Bank GEM,NYGDPMKTPSAKN,1998-10-01,35241
New Zealand,NZ,NZL,Asia-Pacific,World Bank GEM,NYGDPMKTPSAKN,1998-07-01,34372
New Zealand,NZ,NZL,Asia-Pacific,World Bank GEM,NYGDPMKTPSAKN,1998-04-01,34208
New Zealand,NZ,NZL,Asia-Pacific,World Bank GEM,NYGDPMKTPSAKN,1998-01-01,34249
New Zealand,NZ,NZL,Asia-Pacific,World Bank GEM,NYGDPMKTPSAKN,1997-10-01,34315
New Zealand,NZ,NZL,Asia-Pacific,World Bank GEM,NYGDPMKTPSAKN,1997-07-01,34891
New Zealand,NZ,NZL,Asia-Pacific,World Bank GEM,NYGDPMKTPSAKN,1997-04-01,34232
New Zealand,NZ,NZL,Asia-Pacific,World Bank GEM,NYGDPMKTPSAKN,1997-01-01,33389
New Zealand,NZ,NZL,Asia-Pacific,World Bank GEM,NYGDPMKTPSAKN,1996-10-01,33594
New Zealand,NZ,NZL,Asia-Pacific,World Bank GEM,NYGDPMKTPSAKN,1996-07-01,33431
New Zealand,NZ,NZL,Asia-Pacific,World Bank GEM,NYGDPMKTPSAKN,1996-04-01,33028
New Zealand,NZ,NZL,Asia-Pacific,World Bank GEM,NYGDPMKTPSAKN,1996-01-01,32584
New Zealand,NZ,NZL,Asia-Pacific,World Bank GEM,NYGDPMKTPSAKN,1995-10-01,32414
New Zealand,NZ,NZL,Asia-Pacific,World Bank GEM,NYGDPMKTPSAKN,1995-07-01,31989
New Zealand,NZ,NZL,Asia-Pacific,World Bank GEM,NYGDPMKTPSAKN,1995-04-01,32066
New Zealand,NZ,NZL,Asia-Pacific,World Bank GEM,NYGDPMKTPSAKN,1995-01-01,31503
New Zealand,NZ,NZL,Asia-Pacific,World Bank GEM,NYGDPMKTPSAKN,1994-10-01,31160
New Zealand,NZ,NZL,Asia-Pacific,World Bank GEM,NYGDPMKTPSAKN,1994-07-01,30734
New Zealand,NZ,NZL,Asia-Pacific,World Bank GEM,NYGDPMKTPSAKN,1994-04-01,30768
New Zealand,NZ,NZL,Asia-Pacific,World Bank GEM,NYGDPMKTPSAKN,1994-01-01,30495
New Zealand,NZ,NZL,Asia-Pacific,World Bank GEM,NYGDPMKTPSAKN,1993-10-01,29569
New Zealand,NZ,NZL,Asia-Pacific,World Bank GEM,NYGDPMKTPSAKN,1993-07-01,29031
New Zealand,NZ,NZL,Asia-Pacific,World Bank GEM,NYGDPMKTPSAKN,1993-04-01,28258
New Zealand,NZ,NZL,Asia-Pacific,World Bank GEM,NYGDPMKTPSAKN,1993-01-01,28037
New Zealand,NZ,NZL,Asia-Pacific,World Bank GEM,NYGDPMKTPSAKN,1992-10-01,27460
New Zealand,NZ,NZL,Asia-Pacific,World Bank GEM,NYGDPMKTPSAKN,1992-07-01,27103
New Zealand,NZ,NZL,Asia-Pacific,World Bank GEM,NYGDPMKTPSAKN,1992-04-01,27631
New Zealand,NZ,NZL,Asia-Pacific,World Bank GEM,NYGDPMKTPSAKN,1992-01-01,27387
New Zealand,NZ,NZL,Asia-Pacific,World Bank GEM,NYGDPMKTPSAKN,1991-10-01,27270
New Zealand,NZ,NZL,Asia-Pacific,World Bank GEM,NYGDPMKTPSAKN,1991-07-01,27280
New Zealand,NZ,NZL,Asia-Pacific,World Bank GEM,NYGDPMKTPSAKN,1991-04-01,26872
New Zealand,NZ,NZL,Asia-Pacific,World Bank GEM,NYGDPMKTPSAKN,1991-01-01,27136
New Zealand,NZ,NZL,Asia-Pacific,World Bank GEM,NYGDPMKTPSAKN,1990-10-01,28215
New Zealand,NZ,NZL,Asia-Pacific,World Bank GEM,NYGDPMKTPSAKN,1990-07-01,27751
New Zealand,NZ,NZL,Asia-Pacific,World Bank GEM,NYGDPMKTPSAKN,1990-04-01,27429
New Zealand,NZ,NZL,Asia-Pacific,World Bank GEM,NYGDPMKTPSAKN,1990-01-01,27540
New Zealand,NZ,NZL,Asia-Pacific,World Bank GEM,NYGDPMKTPSAKN,1989-10-01,27373
New Zealand,NZ,NZL,Asia-Pacific,World Bank GEM,NYGDPMKTPSAKN,1989-07-01,27107
New Zealand,NZ,NZL,Asia-Pacific,World Bank GEM,NYGDPMKTPSAKN,1989-04-01,27796
New Zealand,NZ,NZL,Asia-Pacific,World Bank GEM,NYGDPMKTPSAKN,1989-01-01,27720
New Zealand,NZ,NZL,Asia-Pacific,World Bank GEM,NYGDPMKTPSAKN,1988-10-01,27296
New Zealand,NZ,NZL,Asia-Pacific,World Bank GEM,NYGDPMKTPSAKN,1988-07-01,27491
New Zealand,NZ,NZL,Asia-Pacific,World Bank GEM,NYGDPMKTPSAKN,1988-04-01,26818
New Zealand,NZ,NZL,Asia-Pacific,World Bank GEM,NYGDPMKTPSAKN,1988-01-01,26882
New Zealand,NZ,NZL,Asia-Pacific,World Bank GEM,NYGDPMKTPSAKN,1987-10-01,26885
New Zealand,NZ,NZL,Asia-Pacific,World Bank GEM,NYGDPMKTPSAKN,1987-07-01,26830
New Zealand,NZ,NZL,Asia-Pacific,World Bank GEM,NYGDPMKTPSAKN,1987-04-01,26450
Philippines,PH,PHL,ASEAN,World Bank GEM,NYGDPMKTPSAKN,2025-10-01,5860599
Philippines,PH,PHL,ASEAN,World Bank GEM,NYGDPMKTPSAKN,2025-07-01,5824960
Philippines,PH,PHL,ASEAN,World Bank GEM,NYGDPMKTPSAKN,2025-04-01,5808177
Philippines,PH,PHL,ASEAN,World Bank GEM,NYGDPMKTPSAKN,2025-01-01,5728543
Philippines,PH,PHL,ASEAN,World Bank GEM,NYGDPMKTPSAKN,2024-10-01,5680355
Philippines,PH,PHL,ASEAN,World Bank GEM,NYGDPMKTPSAKN,2024-07-01,5589658
Philippines,PH,PHL,ASEAN,World Bank GEM,NYGDPMKTPSAKN,2024-04-01,5516390
Philippines,PH,PHL,ASEAN,World Bank GEM,NYGDPMKTPSAKN,2024-01-01,5442051
Philippines,PH,PHL,ASEAN,World Bank GEM,NYGDPMKTPSAKN,2023-10-01,5395268
Philippines,PH,PHL,ASEAN,World Bank GEM,NYGDPMKTPSAKN,2023-07-01,5315789
Philippines,PH,PHL,ASEAN,World Bank GEM,NYGDPMKTPSAKN,2023-04-01,5177840
Philippines,PH,PHL,ASEAN,World Bank GEM,NYGDPMKTPSAKN,2023-01-01,5152128
Philippines,PH,PHL,ASEAN,World Bank GEM,NYGDPMKTPSAKN,2022-10-01,5102029
Philippines,PH,PHL,ASEAN,World Bank GEM,NYGDPMKTPSAKN,2022-07-01,5027415
Philippines,PH,PHL,ASEAN,World Bank GEM,NYGDPMKTPSAKN,2022-04-01,4953347
Philippines,PH,PHL,ASEAN,World Bank GEM,NYGDPMKTPSAKN,2022-01-01,4848707
Philippines,PH,PHL,ASEAN,World Bank GEM,NYGDPMKTPSAKN,2021-10-01,4773308
Philippines,PH,PHL,ASEAN,World Bank GEM,NYGDPMKTPSAKN,2021-07-01,4656087
Philippines,PH,PHL,ASEAN,World Bank GEM,NYGDPMKTPSAKN,2021-04-01,4587449
Philippines,PH,PHL,ASEAN,World Bank GEM,NYGDPMKTPSAKN,2021-01-01,4492595
Philippines,PH,PHL,ASEAN,World Bank GEM,NYGDPMKTPSAKN,2020-10-01,4433969
Philippines,PH,PHL,ASEAN,World Bank GEM,NYGDPMKTPSAKN,2020-07-01,4340613
Philippines,PH,PHL,ASEAN,World Bank GEM,NYGDPMKTPSAKN,2020-04-01,4074491
Philippines,PH,PHL,ASEAN,World Bank GEM,NYGDPMKTPSAKN,2020-01-01,4691401
Philippines,PH,PHL,ASEAN,World Bank GEM,NYGDPMKTPSAKN,2019-10-01,4868465
Philippines,PH,PHL,ASEAN,World Bank GEM,NYGDPMKTPSAKN,2019-07-01,4902288
Philippines,PH,PHL,ASEAN,World Bank GEM,NYGDPMKTPSAKN,2019-04-01,4856100
Philippines,PH,PHL,ASEAN,World Bank GEM,NYGDPMKTPSAKN,2019-01-01,4724733
Philippines,PH,PHL,ASEAN,World Bank GEM,NYGDPMKTPSAKN,2018-10-01,4609272
Philippines,PH,PHL,ASEAN,World Bank GEM,NYGDPMKTPSAKN,2018-07-01,4612441
Philippines,PH,PHL,ASEAN,World Bank GEM,NYGDPMKTPSAKN,2018-04-01,4570566
Philippines,PH,PHL,ASEAN,World Bank GEM,NYGDPMKTPSAKN,2018-01-01,4453902
Philippines,PH,PHL,ASEAN,World Bank GEM,NYGDPMKTPSAKN,2017-10-01,4358305
Philippines,PH,PHL,ASEAN,World Bank GEM,NYGDPMKTPSAKN,2017-07-01,4350455
Philippines,PH,PHL,ASEAN,World Bank GEM,NYGDPMKTPSAKN,2017-04-01,4282515
Philippines,PH,PHL,ASEAN,World Bank GEM,NYGDPMKTPSAKN,2017-01-01,4177633
Philippines,PH,PHL,ASEAN,World Bank GEM,NYGDPMKTPSAKN,2016-10-01,4100781
Philippines,PH,PHL,ASEAN,World Bank GEM,NYGDPMKTPSAKN,2016-07-01,4039507
Philippines,PH,PHL,ASEAN,World Bank GEM,NYGDPMKTPSAKN,2016-04-01,3991669
Philippines,PH,PHL,ASEAN,World Bank GEM,NYGDPMKTPSAKN,2016-01-01,3911051
Philippines,PH,PHL,ASEAN,World Bank GEM,NYGDPMKTPSAKN,2015-10-01,3843904
Philippines,PH,PHL,ASEAN,World Bank GEM,NYGDPMKTPSAKN,2015-07-01,3757377
Philippines,PH,PHL,ASEAN,World Bank GEM,NYGDPMKTPSAKN,2015-04-01,3718159
Philippines,PH,PHL,ASEAN,World Bank GEM,NYGDPMKTPSAKN,2015-01-01,3650582
Philippines,PH,PHL,ASEAN,World Bank GEM,NYGDPMKTPSAKN,2014-10-01,3591961
Philippines,PH,PHL,ASEAN,World Bank GEM,NYGDPMKTPSAKN,2014-07-01,3539415
Philippines,PH,PHL,ASEAN,World Bank GEM,NYGDPMKTPSAKN,2014-04-01,3502396
Philippines,PH,PHL,ASEAN,World Bank GEM,NYGDPMKTPSAKN,2014-01-01,3456813
Philippines,PH,PHL,ASEAN,World Bank GEM,NYGDPMKTPSAKN,2013-10-01,3363539
Philippines,PH,PHL,ASEAN,World Bank GEM,NYGDPMKTPSAKN,2013-07-01,3336193
Philippines,PH,PHL,ASEAN,World Bank GEM,NYGDPMKTPSAKN,2013-04-01,3287336
Philippines,PH,PHL,ASEAN,World Bank GEM,NYGDPMKTPSAKN,2013-01-01,3265518
Philippines,PH,PHL,ASEAN,World Bank GEM,NYGDPMKTPSAKN,2012-10-01,3186669
Philippines,PH,PHL,ASEAN,World Bank GEM,NYGDPMKTPSAKN,2012-07-01,3117797
Philippines,PH,PHL,ASEAN,World Bank GEM,NYGDPMKTPSAKN,2012-04-01,3063902
Philippines,PH,PHL,ASEAN,World Bank GEM,NYGDPMKTPSAKN,2012-01-01,3031042
Philippines,PH,PHL,ASEAN,World Bank GEM,NYGDPMKTPSAKN,2011-10-01,2951994
Philippines,PH,PHL,ASEAN,World Bank GEM,NYGDPMKTPSAKN,2011-07-01,2894922
Philippines,PH,PHL,ASEAN,World Bank GEM,NYGDPMKTPSAKN,2011-04-01,2888555
Philippines,PH,PHL,ASEAN,World Bank GEM,NYGDPMKTPSAKN,2011-01-01,2861440
Philippines,PH,PHL,ASEAN,World Bank GEM,NYGDPMKTPSAKN,2010-10-01,2831840
Philippines,PH,PHL,ASEAN,World Bank GEM,NYGDPMKTPSAKN,2010-07-01,2808538
Philippines,PH,PHL,ASEAN,World Bank GEM,NYGDPMKTPSAKN,2010-04-01,2786207
Philippines,PH,PHL,ASEAN,World Bank GEM,NYGDPMKTPSAKN,2010-01-01,2739418
Philippines,PH,PHL,ASEAN,World Bank GEM,NYGDPMKTPSAKN,2009-10-01,2650712
Philippines,PH,PHL,ASEAN,World Bank GEM,NYGDPMKTPSAKN,2009-07-01,2633688
Philippines,PH,PHL,ASEAN,World Bank GEM,NYGDPMKTPSAKN,2009-04-01,2591381
Philippines,PH,PHL,ASEAN,World Bank GEM,NYGDPMKTPSAKN,2009-01-01,2542740
Philippines,PH,PHL,ASEAN,World Bank GEM,NYGDPMKTPSAKN,2008-10-01,2593324
Philippines,PH,PHL,ASEAN,World Bank GEM,NYGDPMKTPSAKN,2008-07-01,2603874
Philippines,PH,PHL,ASEAN,World Bank GEM,NYGDPMKTPSAKN,2008-04-01,2551918
Philippines,PH,PHL,ASEAN,World Bank GEM,NYGDPMKTPSAKN,2008-01-01,2516114
Philippines,PH,PHL,ASEAN,World Bank GEM,NYGDPMKTPSAKN,2007-10-01,2509865
Philippines,PH,PHL,ASEAN,World Bank GEM,NYGDPMKTPSAKN,2007-07-01,2465511
Philippines,PH,PHL,ASEAN,World Bank GEM,NYGDPMKTPSAKN,2007-04-01,2432916
Philippines,PH,PHL,ASEAN,World Bank GEM,NYGDPMKTPSAKN,2007-01-01,2415025
Philippines,PH,PHL,ASEAN,World Bank GEM,NYGDPMKTPSAKN,2006-10-01,2354907
Philippines,PH,PHL,ASEAN,World Bank GEM,NYGDPMKTPSAKN,2006-07-01,2312486
Philippines,PH,PHL,ASEAN,World Bank GEM,NYGDPMKTPSAKN,2006-04-01,2289808
Philippines,PH,PHL,ASEAN,World Bank GEM,NYGDPMKTPSAKN,2006-01-01,2266271
Philippines,PH,PHL,ASEAN,World Bank GEM,NYGDPMKTPSAKN,2005-10-01,2224586
Philippines,PH,PHL,ASEAN,World Bank GEM,NYGDPMKTPSAKN,2005-07-01,2203428
Philippines,PH,PHL,ASEAN,World Bank GEM,NYGDPMKTPSAKN,2005-04-01,2172199
Philippines,PH,PHL,ASEAN,World Bank GEM,NYGDPMKTPSAKN,2005-01-01,2159559
Philippines,PH,PHL,ASEAN,World Bank GEM,NYGDPMKTPSAKN,2004-10-01,2128266
Philippines,PH,PHL,ASEAN,World Bank GEM,NYGDPMKTPSAKN,2004-07-01,2099805
Philippines,PH,PHL,ASEAN,World Bank GEM,NYGDPMKTPSAKN,2004-04-01,2065992
Philippines,PH,PHL,ASEAN,World Bank GEM,NYGDPMKTPSAKN,2004-01-01,2052100
Philippines,PH,PHL,ASEAN,World Bank GEM,NYGDPMKTPSAKN,2003-10-01,2014422
Philippines,PH,PHL,ASEAN,World Bank GEM,NYGDPMKTPSAKN,2003-07-01,1973908
Philippines,PH,PHL,ASEAN,World Bank GEM,NYGDPMKTPSAKN,2003-04-01,1928520
Philippines,PH,PHL,ASEAN,World Bank GEM,NYGDPMKTPSAKN,2003-01-01,1916399
Philippines,PH,PHL,ASEAN,World Bank GEM,NYGDPMKTPSAKN,2002-10-01,1898519
Philippines,PH,PHL,ASEAN,World Bank GEM,NYGDPMKTPSAKN,2002-07-01,1865309
Philippines,PH,PHL,ASEAN,World Bank GEM,NYGDPMKTPSAKN,2002-04-01,1851874
Philippines,PH,PHL,ASEAN,World Bank GEM,NYGDPMKTPSAKN,2002-01-01,1833956
Philippines,PH,PHL,ASEAN,World Bank GEM,NYGDPMKTPSAKN,2001-10-01,1813243
Philippines,PH,PHL,ASEAN,World Bank GEM,NYGDPMKTPSAKN,2001-07-01,1819971
Philippines,PH,PHL,ASEAN,World Bank GEM,NYGDPMKTPSAKN,2001-04-01,1789849
Philippines,PH,PHL,ASEAN,World Bank GEM,NYGDPMKTPSAKN,2001-01-01,1772342
Philippines,PH,PHL,ASEAN,World Bank GEM,NYGDPMKTPSAKN,2000-10-01,1755679
Philippines,PH,PHL,ASEAN,World Bank GEM,NYGDPMKTPSAKN,2000-07-01,1762574
Philippines,PH,PHL,ASEAN,World Bank GEM,NYGDPMKTPSAKN,2000-04-01,1733378
Philippines,PH,PHL,ASEAN,World Bank GEM,NYGDPMKTPSAKN,2000-01-01,1731714
Philippines,PH,PHL,ASEAN,World Bank GEM,NYGDPMKTPSAKN,1999-10-01,1721427
Philippines,PH,PHL,ASEAN,World Bank GEM,NYGDPMKTPSAKN,1999-07-01,1700156
Philippines,PH,PHL,ASEAN,World Bank GEM,NYGDPMKTPSAKN,1999-04-01,1690424
Philippines,PH,PHL,ASEAN,World Bank GEM,NYGDPMKTPSAKN,1999-01-01,1676983
Philippines,PH,PHL,ASEAN,World Bank GEM,NYGDPMKTPSAKN,1998-10-01,1641874
Philippines,PH,PHL,ASEAN,World Bank GEM,NYGDPMKTPSAKN,1998-07-01,1634171
Philippines,PH,PHL,ASEAN,World Bank GEM,NYGDPMKTPSAKN,1998-04-01,1641114
Philippines,PH,PHL,ASEAN,World Bank GEM,NYGDPMKTPSAKN,1998-01-01,1668856
Philippines,PH,PHL,ASEAN,World Bank GEM,NYGDPMKTPSAKN,1997-10-01,1684556.749
Philippines,PH,PHL,ASEAN,World Bank GEM,NYGDPMKTPSAKN,1997-07-01,1634307.312
Philippines,PH,PHL,ASEAN,World Bank GEM,NYGDPMKTPSAKN,1997-04-01,1659829.004
Philippines,PH,PHL,ASEAN,World Bank GEM,NYGDPMKTPSAKN,1997-01-01,1635587.382
Philippines,PH,PHL,ASEAN,World Bank GEM,NYGDPMKTPSAKN,1996-10-01,1599041.813
Philippines,PH,PHL,ASEAN,World Bank GEM,NYGDPMKTPSAKN,1996-07-01,1566679.277
Philippines,PH,PHL,ASEAN,World Bank GEM,NYGDPMKTPSAKN,1996-04-01,1569739.061
Philippines,PH,PHL,ASEAN,World Bank GEM,NYGDPMKTPSAKN,1996-01-01,1553188.439
Philippines,PH,PHL,ASEAN,World Bank GEM,NYGDPMKTPSAKN,1995-10-01,1507433.099
Philippines,PH,PHL,ASEAN,World Bank GEM,NYGDPMKTPSAKN,1995-07-01,1483704.541
Philippines,PH,PHL,ASEAN,World Bank GEM,NYGDPMKTPSAKN,1995-04-01,1475897.151
Philippines,PH,PHL,ASEAN,World Bank GEM,NYGDPMKTPSAKN,1995-01-01,1474611.335
Philippines,PH,PHL,ASEAN,World Bank GEM,NYGDPMKTPSAKN,1994-10-01,1446248.459
Philippines,PH,PHL,ASEAN,World Bank GEM,NYGDPMKTPSAKN,1994-07-01,1406852.513
Philippines,PH,PHL,ASEAN,World Bank GEM,NYGDPMKTPSAKN,1994-04-01,1418963.035
Philippines,PH,PHL,ASEAN,World Bank GEM,NYGDPMKTPSAKN,1994-01-01,1407231.166
Philippines,PH,PHL,ASEAN,World Bank GEM,NYGDPMKTPSAKN,1993-10-01,1381167.75
Philippines,PH,PHL,ASEAN,World Bank GEM,NYGDPMKTPSAKN,1993-07-01,1344045.087
Philippines,PH,PHL,ASEAN,World Bank GEM,NYGDPMKTPSAKN,1993-04-01,1356284.756
Philippines,PH,PHL,ASEAN,World Bank GEM,NYGDPMKTPSAKN,1993-01-01,1360518.24
Philippines,PH,PHL,ASEAN,World Bank GEM,NYGDPMKTPSAKN,1992-10-01,1340671.185
Philippines,PH,PHL,ASEAN,World Bank GEM,NYGDPMKTPSAKN,1992-07-01,1312842.307
Philippines,PH,PHL,ASEAN,World Bank GEM,NYGDPMKTPSAKN,1992-04-01,1321751.769
Philippines,PH,PHL,ASEAN,World Bank GEM,NYGDPMKTPSAKN,1992-01-01,1352055.785
Philippines,PH,PHL,ASEAN,World Bank GEM,NYGDPMKTPSAKN,1991-10-01,1344252.757
Philippines,PH,PHL,ASEAN,World Bank GEM,NYGDPMKTPSAKN,1991-07-01,1308593.443
Philippines,PH,PHL,ASEAN,World Bank GEM,NYGDPMKTPSAKN,1991-04-01,1321522.699
Philippines,PH,PHL,ASEAN,World Bank GEM,NYGDPMKTPSAKN,1991-01-01,1327373.631
Philippines,PH,PHL,ASEAN,World Bank GEM,NYGDPMKTPSAKN,1990-10-01,1332922.426
Philippines,PH,PHL,ASEAN,World Bank GEM,NYGDPMKTPSAKN,1990-07-01,1332689.307
Philippines,PH,PHL,ASEAN,World Bank GEM,NYGDPMKTPSAKN,1990-04-01,1330741.436
Philippines,PH,PHL,ASEAN,World Bank GEM,NYGDPMKTPSAKN,1990-01-01,1327894.27
Philippines,PH,PHL,ASEAN,World Bank GEM,NYGDPMKTPSAKN,1989-10-01,1332061.708
Philippines,PH,PHL,ASEAN,World Bank GEM,NYGDPMKTPSAKN,1989-07-01,1285920.196
Philippines,PH,PHL,ASEAN,World Bank GEM,NYGDPMKTPSAKN,1989-04-01,1273898.28
Philippines,PH,PHL,ASEAN,World Bank GEM,NYGDPMKTPSAKN,1989-01-01,1262845.672
Philippines,PH,PHL,ASEAN,World Bank GEM,NYGDPMKTPSAKN,1988-10-01,1252125.49
Philippines,PH,PHL,ASEAN,World Bank GEM,NYGDPMKTPSAKN,1988-07-01,1221360.232
Philippines,PH,PHL,ASEAN,World Bank GEM,NYGDPMKTPSAKN,1988-04-01,1195802.399
Philippines,PH,PHL,ASEAN,World Bank GEM,NYGDPMKTPSAKN,1988-01-01,1184126.956
Philippines,PH,PHL,ASEAN,World Bank GEM,NYGDPMKTPSAKN,1987-10-01,1128323.056
Philippines,PH,PHL,ASEAN,World Bank GEM,NYGDPMKTPSAKN,1987-07-01,1156804.785
Philippines,PH,PHL,ASEAN,World Bank GEM,NYGDPMKTPSAKN,1987-04-01,1151745.703
Philippines,PH,PHL,ASEAN,World Bank GEM,NYGDPMKTPSAKN,1987-01-01,1117446.452
Singapore,SG,SGP,ASEAN,World Bank GEM,NYGDPMKTPSAKN,2025-10-01,153309.9
Singapore,SG,SGP,ASEAN,World Bank GEM,NYGDPMKTPSAKN,2025-07-01,150157.6
Singapore,SG,SGP,ASEAN,World Bank GEM,NYGDPMKTPSAKN,2025-04-01,146308
Singapore,SG,SGP,ASEAN,World Bank GEM,NYGDPMKTPSAKN,2025-01-01,143823.9
Singapore,SG,SGP,ASEAN,World Bank GEM,NYGDPMKTPSAKN,2024-10-01,143718.3
Singapore,SG,SGP,ASEAN,World Bank GEM,NYGDPMKTPSAKN,2024-07-01,143705.9
Singapore,SG,SGP,ASEAN,World Bank GEM,NYGDPMKTPSAKN,2024-04-01,139820.2
Singapore,SG,SGP,ASEAN,World Bank GEM,NYGDPMKTPSAKN,2024-01-01,138305.7
Singapore,SG,SGP,ASEAN,World Bank GEM,NYGDPMKTPSAKN,2023-10-01,136383.9
Singapore,SG,SGP,ASEAN,World Bank GEM,NYGDPMKTPSAKN,2023-07-01,134497.8
Singapore,SG,SGP,ASEAN,World Bank GEM,NYGDPMKTPSAKN,2023-04-01,133264
Singapore,SG,SGP,ASEAN,World Bank GEM,NYGDPMKTPSAKN,2023-01-01,132449.9
Singapore,SG,SGP,ASEAN,World Bank GEM,NYGDPMKTPSAKN,2022-10-01,132378.4
Singapore,SG,SGP,ASEAN,World Bank GEM,NYGDPMKTPSAKN,2022-07-01,132523.2
Singapore,SG,SGP,ASEAN,World Bank GEM,NYGDPMKTPSAKN,2022-04-01,132309.2
Singapore,SG,SGP,ASEAN,World Bank GEM,NYGDPMKTPSAKN,2022-01-01,131745.9
Singapore,SG,SGP,ASEAN,World Bank GEM,NYGDPMKTPSAKN,2021-10-01,129491.1
Singapore,SG,SGP,ASEAN,World Bank GEM,NYGDPMKTPSAKN,2021-07-01,127011.5
Singapore,SG,SGP,ASEAN,World Bank GEM,NYGDPMKTPSAKN,2021-04-01,125853.2
Singapore,SG,SGP,ASEAN,World Bank GEM,NYGDPMKTPSAKN,2021-01-01,126217.9
Singapore,SG,SGP,ASEAN,World Bank GEM,NYGDPMKTPSAKN,2020-10-01,120018
Singapore,SG,SGP,ASEAN,World Bank GEM,NYGDPMKTPSAKN,2020-07-01,115641.4
Singapore,SG,SGP,ASEAN,World Bank GEM,NYGDPMKTPSAKN,2020-04-01,105754.9
Singapore,SG,SGP,ASEAN,World Bank GEM,NYGDPMKTPSAKN,2020-01-01,120301.4
Singapore,SG,SGP,ASEAN,World Bank GEM,NYGDPMKTPSAKN,2019-10-01,120369.4
Singapore,SG,SGP,ASEAN,World Bank GEM,NYGDPMKTPSAKN,2019-07-01,120204.3
Singapore,SG,SGP,ASEAN,World Bank GEM,NYGDPMKTPSAKN,2019-04-01,119768.1
Singapore,SG,SGP,ASEAN,World Bank GEM,NYGDPMKTPSAKN,2019-01-01,118984.7
Singapore,SG,SGP,ASEAN,World Bank GEM,NYGDPMKTPSAKN,2018-10-01,118360.3
Singapore,SG,SGP,ASEAN,World Bank GEM,NYGDPMKTPSAKN,2018-07-01,119276.4
Singapore,SG,SGP,ASEAN,World Bank GEM,NYGDPMKTPSAKN,2018-04-01,118448.9
Singapore,SG,SGP,ASEAN,World Bank GEM,NYGDPMKTPSAKN,2018-01-01,117659.8
Singapore,SG,SGP,ASEAN,World Bank GEM,NYGDPMKTPSAKN,2017-10-01,117029.6
Singapore,SG,SGP,ASEAN,World Bank GEM,NYGDPMKTPSAKN,2017-07-01,115918.8
Singapore,SG,SGP,ASEAN,World Bank GEM,NYGDPMKTPSAKN,2017-04-01,113235.8
Singapore,SG,SGP,ASEAN,World Bank GEM,NYGDPMKTPSAKN,2017-01-01,112839.3
Singapore,SG,SGP,ASEAN,World Bank GEM,NYGDPMKTPSAKN,2016-10-01,112309.1
Singapore,SG,SGP,ASEAN,World Bank GEM,NYGDPMKTPSAKN,2016-07-01,110362.7
Singapore,SG,SGP,ASEAN,World Bank GEM,NYGDPMKTPSAKN,2016-04-01,109288.1
Singapore,SG,SGP,ASEAN,World Bank GEM,NYGDPMKTPSAKN,2016-01-01,107972.2
Singapore,SG,SGP,ASEAN,World Bank GEM,NYGDPMKTPSAKN,2015-10-01,106756.1
Singapore,SG,SGP,ASEAN,World Bank GEM,NYGDPMKTPSAKN,2015-07-01,106784.4
Singapore,SG,SGP,ASEAN,World Bank GEM,NYGDPMKTPSAKN,2015-04-01,105502.6
Singapore,SG,SGP,ASEAN,World Bank GEM,NYGDPMKTPSAKN,2015-01-01,104257
Singapore,SG,SGP,ASEAN,World Bank GEM,NYGDPMKTPSAKN,2014-10-01,104637.4
Singapore,SG,SGP,ASEAN,World Bank GEM,NYGDPMKTPSAKN,2014-07-01,103078.7
Singapore,SG,SGP,ASEAN,World Bank GEM,NYGDPMKTPSAKN,2014-04-01,102157.8
Singapore,SG,SGP,ASEAN,World Bank GEM,NYGDPMKTPSAKN,2014-01-01,101131.7
Singapore,SG,SGP,ASEAN,World Bank GEM,NYGDPMKTPSAKN,2013-10-01,100368.5
Singapore,SG,SGP,ASEAN,World Bank GEM,NYGDPMKTPSAKN,2013-07-01,99443.9
Singapore,SG,SGP,ASEAN,World Bank GEM,NYGDPMKTPSAKN,2013-04-01,98766.1
Singapore,SG,SGP,ASEAN,World Bank GEM,NYGDPMKTPSAKN,2013-01-01,96814.5
Singapore,SG,SGP,ASEAN,World Bank GEM,NYGDPMKTPSAKN,2012-10-01,95913.3
Singapore,SG,SGP,ASEAN,World Bank GEM,NYGDPMKTPSAKN,2012-07-01,93471.5
Singapore,SG,SGP,ASEAN,World Bank GEM,NYGDPMKTPSAKN,2012-04-01,94389.2
Singapore,SG,SGP,ASEAN,World Bank GEM,NYGDPMKTPSAKN,2012-01-01,93563.1
Singapore,SG,SGP,ASEAN,World Bank GEM,NYGDPMKTPSAKN,2011-10-01,91868.4
Singapore,SG,SGP,ASEAN,World Bank GEM,NYGDPMKTPSAKN,2011-07-01,91290.6
Singapore,SG,SGP,ASEAN,World Bank GEM,NYGDPMKTPSAKN,2011-04-01,88982.1
Singapore,SG,SGP,ASEAN,World Bank GEM,NYGDPMKTPSAKN,2011-01-01,89202.8
Singapore,SG,SGP,ASEAN,World Bank GEM,NYGDPMKTPSAKN,2010-10-01,87552.2
Singapore,SG,SGP,ASEAN,World Bank GEM,NYGDPMKTPSAKN,2010-07-01,84280.9
Singapore,SG,SGP,ASEAN,World Bank GEM,NYGDPMKTPSAKN,2010-04-01,86694.3
Singapore,SG,SGP,ASEAN,World Bank GEM,NYGDPMKTPSAKN,2010-01-01,81783.9
Singapore,SG,SGP,ASEAN,World Bank GEM,NYGDPMKTPSAKN,2009-10-01,77291
Singapore,SG,SGP,ASEAN,World Bank GEM,NYGDPMKTPSAKN,2009-07-01,76172.4
Singapore,SG,SGP,ASEAN,World Bank GEM,NYGDPMKTPSAKN,2009-04-01,73328.5
Singapore,SG,SGP,ASEAN,World Bank GEM,NYGDPMKTPSAKN,2009-01-01,70353.2
Singapore,SG,SGP,ASEAN,World Bank GEM,NYGDPMKTPSAKN,2008-10-01,72247.5
Singapore,SG,SGP,ASEAN,World Bank GEM,NYGDPMKTPSAKN,2008-07-01,73949.1
Singapore,SG,SGP,ASEAN,World Bank GEM,NYGDPMKTPSAKN,2008-04-01,74425.3
Singapore,SG,SGP,ASEAN,World Bank GEM,NYGDPMKTPSAKN,2008-01-01,76342.4
Singapore,SG,SGP,ASEAN,World Bank GEM,NYGDPMKTPSAKN,2007-10-01,74448.5
Singapore,SG,SGP,ASEAN,World Bank GEM,NYGDPMKTPSAKN,2007-07-01,74131
Singapore,SG,SGP,ASEAN,World Bank GEM,NYGDPMKTPSAKN,2007-04-01,72209.6
Singapore,SG,SGP,ASEAN,World Bank GEM,NYGDPMKTPSAKN,2007-01-01,70566.9
Singapore,SG,SGP,ASEAN,World Bank GEM,NYGDPMKTPSAKN,2006-10-01,69557.6
Singapore,SG,SGP,ASEAN,World Bank GEM,NYGDPMKTPSAKN,2006-07-01,66961.6
Singapore,SG,SGP,ASEAN,World Bank GEM,NYGDPMKTPSAKN,2006-04-01,65714.2
Singapore,SG,SGP,ASEAN,World Bank GEM,NYGDPMKTPSAKN,2006-01-01,64987.4
Singapore,SG,SGP,ASEAN,World Bank GEM,NYGDPMKTPSAKN,2005-10-01,63863.9
Singapore,SG,SGP,ASEAN,World Bank GEM,NYGDPMKTPSAKN,2005-07-01,61871.1
Singapore,SG,SGP,ASEAN,World Bank GEM,NYGDPMKTPSAKN,2005-04-01,60391.4
Singapore,SG,SGP,ASEAN,World Bank GEM,NYGDPMKTPSAKN,2005-01-01,58907.9
Singapore,SG,SGP,ASEAN,World Bank GEM,NYGDPMKTPSAKN,2004-10-01,58475.2
Singapore,SG,SGP,ASEAN,World Bank GEM,NYGDPMKTPSAKN,2004-07-01,57157
Singapore,SG,SGP,ASEAN,World Bank GEM,NYGDPMKTPSAKN,2004-04-01,56744
Singapore,SG,SGP,ASEAN,World Bank GEM,NYGDPMKTPSAKN,2004-01-01,55875.5
Singapore,SG,SGP,ASEAN,World Bank GEM,NYGDPMKTPSAKN,2003-10-01,54270.4
Singapore,SG,SGP,ASEAN,World Bank GEM,NYGDPMKTPSAKN,2003-07-01,52758.6
Singapore,SG,SGP,ASEAN,World Bank GEM,NYGDPMKTPSAKN,2003-04-01,49921.5
Singapore,SG,SGP,ASEAN,World Bank GEM,NYGDPMKTPSAKN,2003-01-01,50602
Singapore,SG,SGP,ASEAN,World Bank GEM,NYGDPMKTPSAKN,2002-10-01,49966.3
Singapore,SG,SGP,ASEAN,World Bank GEM,NYGDPMKTPSAKN,2002-07-01,50040.6
Singapore,SG,SGP,ASEAN,World Bank GEM,NYGDPMKTPSAKN,2002-04-01,50000
Singapore,SG,SGP,ASEAN,World Bank GEM,NYGDPMKTPSAKN,2002-01-01,48589.8
Singapore,SG,SGP,ASEAN,World Bank GEM,NYGDPMKTPSAKN,2001-10-01,47181.2
Singapore,SG,SGP,ASEAN,World Bank GEM,NYGDPMKTPSAKN,2001-07-01,46878.8
Singapore,SG,SGP,ASEAN,World Bank GEM,NYGDPMKTPSAKN,2001-04-01,47929.5
Singapore,SG,SGP,ASEAN,World Bank GEM,NYGDPMKTPSAKN,2001-01-01,49193.9
Singapore,SG,SGP,ASEAN,World Bank GEM,NYGDPMKTPSAKN,2000-10-01,49548.7
Singapore,SG,SGP,ASEAN,World Bank GEM,NYGDPMKTPSAKN,2000-07-01,49242.2
Singapore,SG,SGP,ASEAN,World Bank GEM,NYGDPMKTPSAKN,2000-04-01,47666.1
Singapore,SG,SGP,ASEAN,World Bank GEM,NYGDPMKTPSAKN,2000-01-01,46764
Singapore,SG,SGP,ASEAN,World Bank GEM,NYGDPMKTPSAKN,1999-10-01,45276.7
Singapore,SG,SGP,ASEAN,World Bank GEM,NYGDPMKTPSAKN,1999-07-01,44901.5
Singapore,SG,SGP,ASEAN,World Bank GEM,NYGDPMKTPSAKN,1999-04-01,44059.2
Singapore,SG,SGP,ASEAN,World Bank GEM,NYGDPMKTPSAKN,1999-01-01,42973.1
Singapore,SG,SGP,ASEAN,World Bank GEM,NYGDPMKTPSAKN,1998-10-01,42225.7
Singapore,SG,SGP,ASEAN,World Bank GEM,NYGDPMKTPSAKN,1998-07-01,41485.7
Singapore,SG,SGP,ASEAN,World Bank GEM,NYGDPMKTPSAKN,1998-04-01,41830.6
Singapore,SG,SGP,ASEAN,World Bank GEM,NYGDPMKTPSAKN,1998-01-01,42144.3
Singapore,SG,SGP,ASEAN,World Bank GEM,NYGDPMKTPSAKN,1997-10-01,43258.7
Singapore,SG,SGP,ASEAN,World Bank GEM,NYGDPMKTPSAKN,1997-07-01,43615.3
Singapore,SG,SGP,ASEAN,World Bank GEM,NYGDPMKTPSAKN,1997-04-01,42937.1
Singapore,SG,SGP,ASEAN,World Bank GEM,NYGDPMKTPSAKN,1997-01-01,41566.8
Singapore,SG,SGP,ASEAN,World Bank GEM,NYGDPMKTPSAKN,1996-10-01,40335
Singapore,SG,SGP,ASEAN,World Bank GEM,NYGDPMKTPSAKN,1996-07-01,39277
Singapore,SG,SGP,ASEAN,World Bank GEM,NYGDPMKTPSAKN,1996-04-01,39287.4
Singapore,SG,SGP,ASEAN,World Bank GEM,NYGDPMKTPSAKN,1996-01-01,39337.5
Singapore,SG,SGP,ASEAN,World Bank GEM,NYGDPMKTPSAKN,1995-10-01,38043.3
Singapore,SG,SGP,ASEAN,World Bank GEM,NYGDPMKTPSAKN,1995-07-01,37676.2
Singapore,SG,SGP,ASEAN,World Bank GEM,NYGDPMKTPSAKN,1995-04-01,36239.2
Singapore,SG,SGP,ASEAN,World Bank GEM,NYGDPMKTPSAKN,1995-01-01,35181.3
Singapore,SG,SGP,ASEAN,World Bank GEM,NYGDPMKTPSAKN,1994-10-01,35324.4
Singapore,SG,SGP,ASEAN,World Bank GEM,NYGDPMKTPSAKN,1994-07-01,34809.2
Singapore,SG,SGP,ASEAN,World Bank GEM,NYGDPMKTPSAKN,1994-04-01,33772.9
Singapore,SG,SGP,ASEAN,World Bank GEM,NYGDPMKTPSAKN,1994-01-01,33391.2
Singapore,SG,SGP,ASEAN,World Bank GEM,NYGDPMKTPSAKN,1993-10-01,32391.3
Singapore,SG,SGP,ASEAN,World Bank GEM,NYGDPMKTPSAKN,1993-07-01,31160.6
Singapore,SG,SGP,ASEAN,World Bank GEM,NYGDPMKTPSAKN,1993-04-01,30626.7
Singapore,SG,SGP,ASEAN,World Bank GEM,NYGDPMKTPSAKN,1993-01-01,29362.8
Singapore,SG,SGP,ASEAN,World Bank GEM,NYGDPMKTPSAKN,1992-10-01,28725.1
Singapore,SG,SGP,ASEAN,World Bank GEM,NYGDPMKTPSAKN,1992-07-01,27973.8
Singapore,SG,SGP,ASEAN,World Bank GEM,NYGDPMKTPSAKN,1992-04-01,27242.4
Singapore,SG,SGP,ASEAN,World Bank GEM,NYGDPMKTPSAKN,1992-01-01,26919.1
Singapore,SG,SGP,ASEAN,World Bank GEM,NYGDPMKTPSAKN,1991-10-01,26456.1
Singapore,SG,SGP,ASEAN,World Bank GEM,NYGDPMKTPSAKN,1991-07-01,26244.2
Singapore,SG,SGP,ASEAN,World Bank GEM,NYGDPMKTPSAKN,1991-04-01,25819.2
Singapore,SG,SGP,ASEAN,World Bank GEM,NYGDPMKTPSAKN,1991-01-01,25457.6
Singapore,SG,SGP,ASEAN,World Bank GEM,NYGDPMKTPSAKN,1990-10-01,24863.6
Singapore,SG,SGP,ASEAN,World Bank GEM,NYGDPMKTPSAKN,1990-07-01,24472.5
Singapore,SG,SGP,ASEAN,World Bank GEM,NYGDPMKTPSAKN,1990-04-01,24200.6
Singapore,SG,SGP,ASEAN,World Bank GEM,NYGDPMKTPSAKN,1990-01-01,23950
Singapore,SG,SGP,ASEAN,World Bank GEM,NYGDPMKTPSAKN,1989-10-01,23001.2
Singapore,SG,SGP,ASEAN,World Bank GEM,NYGDPMKTPSAKN,1989-07-01,22488.5
Singapore,SG,SGP,ASEAN,World Bank GEM,NYGDPMKTPSAKN,1989-04-01,22231.9
Singapore,SG,SGP,ASEAN,World Bank GEM,NYGDPMKTPSAKN,1989-01-01,21030.4
Singapore,SG,SGP,ASEAN,World Bank GEM,NYGDPMKTPSAKN,1988-10-01,21002.3
Singapore,SG,SGP,ASEAN,World Bank GEM,NYGDPMKTPSAKN,1988-07-01,20467.2
Singapore,SG,SGP,ASEAN,World Bank GEM,NYGDPMKTPSAKN,1988-04-01,19936
Singapore,SG,SGP,ASEAN,World Bank GEM,NYGDPMKTPSAKN,1988-01-01,19161.1
Singapore,SG,SGP,ASEAN,World Bank GEM,NYGDPMKTPSAKN,1987-10-01,18947.9
Singapore,SG,SGP,ASEAN,World Bank GEM,NYGDPMKTPSAKN,1987-07-01,18413.2
Singapore,SG,SGP,ASEAN,World Bank GEM,NYGDPMKTPSAKN,1987-04-01,17794.4
Singapore,SG,SGP,ASEAN,World Bank GEM,NYGDPMKTPSAKN,1987-01-01,17245.9
Thailand,TH,THA,ASEAN,World Bank GEM,NYGDPMKTPSAKN,2025-10-01,2921216
Thailand,TH,THA,ASEAN,World Bank GEM,NYGDPMKTPSAKN,2025-07-01,2866619
Thailand,TH,THA,ASEAN,World Bank GEM,NYGDPMKTPSAKN,2025-04-01,2875850
Thailand,TH,THA,ASEAN,World Bank GEM,NYGDPMKTPSAKN,2025-01-01,2862073
Thailand,TH,THA,ASEAN,World Bank GEM,NYGDPMKTPSAKN,2024-10-01,2846980
Thailand,TH,THA,ASEAN,World Bank GEM,NYGDPMKTPSAKN,2024-07-01,2833789
Thailand,TH,THA,ASEAN,World Bank GEM,NYGDPMKTPSAKN,2024-04-01,2796758
Thailand,TH,THA,ASEAN,World Bank GEM,NYGDPMKTPSAKN,2024-01-01,2776712
Thailand,TH,THA,ASEAN,World Bank GEM,NYGDPMKTPSAKN,2023-10-01,2741990
Thailand,TH,THA,ASEAN,World Bank GEM,NYGDPMKTPSAKN,2023-07-01,2742934
Thailand,TH,THA,ASEAN,World Bank GEM,NYGDPMKTPSAKN,2023-04-01,2725005
Thailand,TH,THA,ASEAN,World Bank GEM,NYGDPMKTPSAKN,2023-01-01,2722383
Thailand,TH,THA,ASEAN,World Bank GEM,NYGDPMKTPSAKN,2022-10-01,2682525
Thailand,TH,THA,ASEAN,World Bank GEM,NYGDPMKTPSAKN,2022-07-01,2695349
Thailand,TH,THA,ASEAN,World Bank GEM,NYGDPMKTPSAKN,2022-04-01,2667826
Thailand,TH,THA,ASEAN,World Bank GEM,NYGDPMKTPSAKN,2022-01-01,2647074
Thailand,TH,THA,ASEAN,World Bank GEM,NYGDPMKTPSAKN,2021-10-01,2641258
Thailand,TH,THA,ASEAN,World Bank GEM,NYGDPMKTPSAKN,2021-07-01,2576584
Thailand,TH,THA,ASEAN,World Bank GEM,NYGDPMKTPSAKN,2021-04-01,2603920
Thailand,TH,THA,ASEAN,World Bank GEM,NYGDPMKTPSAKN,2021-01-01,2591458
Thailand,TH,THA,ASEAN,World Bank GEM,NYGDPMKTPSAKN,2020-10-01,2590036
Thailand,TH,THA,ASEAN,World Bank GEM,NYGDPMKTPSAKN,2020-07-01,2579341
Thailand,TH,THA,ASEAN,World Bank GEM,NYGDPMKTPSAKN,2020-04-01,2414952
Thailand,TH,THA,ASEAN,World Bank GEM,NYGDPMKTPSAKN,2020-01-01,2660217
Thailand,TH,THA,ASEAN,World Bank GEM,NYGDPMKTPSAKN,2019-10-01,2704427
Thailand,TH,THA,ASEAN,World Bank GEM,NYGDPMKTPSAKN,2019-07-01,2749663
Thailand,TH,THA,ASEAN,World Bank GEM,NYGDPMKTPSAKN,2019-04-01,2746190
Thailand,TH,THA,ASEAN,World Bank GEM,NYGDPMKTPSAKN,2019-01-01,2720088
Thailand,TH,THA,ASEAN,World Bank GEM,NYGDPMKTPSAKN,2018-10-01,2680047
Thailand,TH,THA,ASEAN,World Bank GEM,NYGDPMKTPSAKN,2018-07-01,2678537
Thailand,TH,THA,ASEAN,World Bank GEM,NYGDPMKTPSAKN,2018-04-01,2682931
Thailand,TH,THA,ASEAN,World Bank GEM,NYGDPMKTPSAKN,2018-01-01,2650137
Thailand,TH,THA,ASEAN,World Bank GEM,NYGDPMKTPSAKN,2017-10-01,2587002
Thailand,TH,THA,ASEAN,World Bank GEM,NYGDPMKTPSAKN,2017-07-01,2588976
Thailand,TH,THA,ASEAN,World Bank GEM,NYGDPMKTPSAKN,2017-04-01,2561233
Thailand,TH,THA,ASEAN,World Bank GEM,NYGDPMKTPSAKN,2017-01-01,2523134
Thailand,TH,THA,ASEAN,World Bank GEM,NYGDPMKTPSAKN,2016-10-01,2490716
Thailand,TH,THA,ASEAN,World Bank GEM,NYGDPMKTPSAKN,2016-07-01,2474217
Thailand,TH,THA,ASEAN,World Bank GEM,NYGDPMKTPSAKN,2016-04-01,2453249
Thailand,TH,THA,ASEAN,World Bank GEM,NYGDPMKTPSAKN,2016-01-01,2430202
Thailand,TH,THA,ASEAN,World Bank GEM,NYGDPMKTPSAKN,2015-10-01,2411149
Thailand,TH,THA,ASEAN,World Bank GEM,NYGDPMKTPSAKN,2015-07-01,2396353
Thailand,TH,THA,ASEAN,World Bank GEM,NYGDPMKTPSAKN,2015-04-01,2361907
Thailand,TH,THA,ASEAN,World Bank GEM,NYGDPMKTPSAKN,2015-01-01,2351840
Thailand,TH,THA,ASEAN,World Bank GEM,NYGDPMKTPSAKN,2014-10-01,2340555
Thailand,TH,THA,ASEAN,World Bank GEM,NYGDPMKTPSAKN,2014-07-01,2315591
Thailand,TH,THA,ASEAN,World Bank GEM,NYGDPMKTPSAKN,2014-04-01,2294351
Thailand,TH,THA,ASEAN,World Bank GEM,NYGDPMKTPSAKN,2014-01-01,2280152
Thailand,TH,THA,ASEAN,World Bank GEM,NYGDPMKTPSAKN,2013-10-01,2288665
Thailand,TH,THA,ASEAN,World Bank GEM,NYGDPMKTPSAKN,2013-07-01,2289937
Thailand,TH,THA,ASEAN,World Bank GEM,NYGDPMKTPSAKN,2013-04-01,2273916
Thailand,TH,THA,ASEAN,World Bank GEM,NYGDPMKTPSAKN,2013-01-01,2287227
Thailand,TH,THA,ASEAN,World Bank GEM,NYGDPMKTPSAKN,2012-10-01,2288897
Thailand,TH,THA,ASEAN,World Bank GEM,NYGDPMKTPSAKN,2012-07-01,2230646
Thailand,TH,THA,ASEAN,World Bank GEM,NYGDPMKTPSAKN,2012-04-01,2212813
Thailand,TH,THA,ASEAN,World Bank GEM,NYGDPMKTPSAKN,2012-01-01,2171512
Thailand,TH,THA,ASEAN,World Bank GEM,NYGDPMKTPSAKN,2011-10-01,1985255
Thailand,TH,THA,ASEAN,World Bank GEM,NYGDPMKTPSAKN,2011-07-01,2118250
Thailand,TH,THA,ASEAN,World Bank GEM,NYGDPMKTPSAKN,2011-04-01,2086229
Thailand,TH,THA,ASEAN,World Bank GEM,NYGDPMKTPSAKN,2011-01-01,2116329
Thailand,TH,THA,ASEAN,World Bank GEM,NYGDPMKTPSAKN,2010-10-01,2069569
Thailand,TH,THA,ASEAN,World Bank GEM,NYGDPMKTPSAKN,2010-07-01,2061032
Thailand,TH,THA,ASEAN,World Bank GEM,NYGDPMKTPSAKN,2010-04-01,2050008
Thailand,TH,THA,ASEAN,World Bank GEM,NYGDPMKTPSAKN,2010-01-01,2056192
Thailand,TH,THA,ASEAN,World Bank GEM,NYGDPMKTPSAKN,2009-10-01,1998349
Thailand,TH,THA,ASEAN,World Bank GEM,NYGDPMKTPSAKN,2009-07-01,1942165
Thailand,TH,THA,ASEAN,World Bank GEM,NYGDPMKTPSAKN,2009-04-01,1882567
Thailand,TH,THA,ASEAN,World Bank GEM,NYGDPMKTPSAKN,2009-01-01,1840468
Thailand,TH,THA,ASEAN,World Bank GEM,NYGDPMKTPSAKN,2008-10-01,1896809
Thailand,TH,THA,ASEAN,World Bank GEM,NYGDPMKTPSAKN,2008-07-01,1947130
Thailand,TH,THA,ASEAN,World Bank GEM,NYGDPMKTPSAKN,2008-04-01,1943261
Thailand,TH,THA,ASEAN,World Bank GEM,NYGDPMKTPSAKN,2008-01-01,1929934
Thailand,TH,THA,ASEAN,World Bank GEM,NYGDPMKTPSAKN,2007-10-01,1930168
Thailand,TH,THA,ASEAN,World Bank GEM,NYGDPMKTPSAKN,2007-07-01,1902482
Thailand,TH,THA,ASEAN,World Bank GEM,NYGDPMKTPSAKN,2007-04-01,1876656
Thailand,TH,THA,ASEAN,World Bank GEM,NYGDPMKTPSAKN,2007-01-01,1872883
Thailand,TH,THA,ASEAN,World Bank GEM,NYGDPMKTPSAKN,2006-10-01,1843868
Thailand,TH,THA,ASEAN,World Bank GEM,NYGDPMKTPSAKN,2006-07-01,1803808
Thailand,TH,THA,ASEAN,World Bank GEM,NYGDPMKTPSAKN,2006-04-01,1782039
Thailand,TH,THA,ASEAN,World Bank GEM,NYGDPMKTPSAKN,2006-01-01,1759029
Thailand,TH,THA,ASEAN,World Bank GEM,NYGDPMKTPSAKN,2005-10-01,1750093
Thailand,TH,THA,ASEAN,World Bank GEM,NYGDPMKTPSAKN,2005-07-01,1727030
Thailand,TH,THA,ASEAN,World Bank GEM,NYGDPMKTPSAKN,2005-04-01,1703635
Thailand,TH,THA,ASEAN,World Bank GEM,NYGDPMKTPSAKN,2005-01-01,1667251
Thailand,TH,THA,ASEAN,World Bank GEM,NYGDPMKTPSAKN,2004-10-01,1687376
Thailand,TH,THA,ASEAN,World Bank GEM,NYGDPMKTPSAKN,2004-07-01,1648705
Thailand,TH,THA,ASEAN,World Bank GEM,NYGDPMKTPSAKN,2004-04-01,1630311
Thailand,TH,THA,ASEAN,World Bank GEM,NYGDPMKTPSAKN,2004-01-01,1605528
Thailand,TH,THA,ASEAN,World Bank GEM,NYGDPMKTPSAKN,2003-10-01,1585088
Thailand,TH,THA,ASEAN,World Bank GEM,NYGDPMKTPSAKN,2003-07-01,1559613
Thailand,TH,THA,ASEAN,World Bank GEM,NYGDPMKTPSAKN,2003-04-01,1531805
Thailand,TH,THA,ASEAN,World Bank GEM,NYGDPMKTPSAKN,2003-01-01,1507410
Thailand,TH,THA,ASEAN,World Bank GEM,NYGDPMKTPSAKN,2002-10-01,1470469
Thailand,TH,THA,ASEAN,World Bank GEM,NYGDPMKTPSAKN,2002-07-01,1457612
Thailand,TH,THA,ASEAN,World Bank GEM,NYGDPMKTPSAKN,2002-04-01,1441696
Thailand,TH,THA,ASEAN,World Bank GEM,NYGDPMKTPSAKN,2002-01-01,1401122
Thailand,TH,THA,ASEAN,World Bank GEM,NYGDPMKTPSAKN,2001-10-01,1377551
Thailand,TH,THA,ASEAN,World Bank GEM,NYGDPMKTPSAKN,2001-07-01,1361128
Thailand,TH,THA,ASEAN,World Bank GEM,NYGDPMKTPSAKN,2001-04-01,1357226
Thailand,TH,THA,ASEAN,World Bank GEM,NYGDPMKTPSAKN,2001-01-01,1340916
Thailand,TH,THA,ASEAN,World Bank GEM,NYGDPMKTPSAKN,2000-10-01,1322086
Thailand,TH,THA,ASEAN,World Bank GEM,NYGDPMKTPSAKN,2000-07-01,1311035
Thailand,TH,THA,ASEAN,World Bank GEM,NYGDPMKTPSAKN,2000-04-01,1310305
Thailand,TH,THA,ASEAN,World Bank GEM,NYGDPMKTPSAKN,2000-01-01,1312743
Thailand,TH,THA,ASEAN,World Bank GEM,NYGDPMKTPSAKN,1999-10-01,1286444
Thailand,TH,THA,ASEAN,World Bank GEM,NYGDPMKTPSAKN,1999-07-01,1278567
Thailand,TH,THA,ASEAN,World Bank GEM,NYGDPMKTPSAKN,1999-04-01,1235950
Thailand,TH,THA,ASEAN,World Bank GEM,NYGDPMKTPSAKN,1999-01-01,1231096
Thailand,TH,THA,ASEAN,World Bank GEM,NYGDPMKTPSAKN,1998-10-01,1234176
Thailand,TH,THA,ASEAN,World Bank GEM,NYGDPMKTPSAKN,1998-07-01,1185583
Thailand,TH,THA,ASEAN,World Bank GEM,NYGDPMKTPSAKN,1998-04-01,1169841
Thailand,TH,THA,ASEAN,World Bank GEM,NYGDPMKTPSAKN,1998-01-01,1219543
Thailand,TH,THA,ASEAN,World Bank GEM,NYGDPMKTPSAKN,1997-10-01,1264817
Thailand,TH,THA,ASEAN,World Bank GEM,NYGDPMKTPSAKN,1997-07-01,1316869
Thailand,TH,THA,ASEAN,World Bank GEM,NYGDPMKTPSAKN,1997-04-01,1332432
Thailand,TH,THA,ASEAN,World Bank GEM,NYGDPMKTPSAKN,1997-01-01,1295068
Thailand,TH,THA,ASEAN,World Bank GEM,NYGDPMKTPSAKN,1996-10-01,1350295
Thailand,TH,THA,ASEAN,World Bank GEM,NYGDPMKTPSAKN,1996-07-01,1358694
Thailand,TH,THA,ASEAN,World Bank GEM,NYGDPMKTPSAKN,1996-04-01,1355585
Thailand,TH,THA,ASEAN,World Bank GEM,NYGDPMKTPSAKN,1996-01-01,1290178
Thailand,TH,THA,ASEAN,World Bank GEM,NYGDPMKTPSAKN,1995-10-01,1287811
Thailand,TH,THA,ASEAN,World Bank GEM,NYGDPMKTPSAKN,1995-07-01,1266064
Thailand,TH,THA,ASEAN,World Bank GEM,NYGDPMKTPSAKN,1995-04-01,1271334
Thailand,TH,THA,ASEAN,World Bank GEM,NYGDPMKTPSAKN,1995-01-01,1241364
Thailand,TH,THA,ASEAN,World Bank GEM,NYGDPMKTPSAKN,1994-10-01,1204635
Thailand,TH,THA,ASEAN,World Bank GEM,NYGDPMKTPSAKN,1994-07-01,1167189
Thailand,TH,THA,ASEAN,World Bank GEM,NYGDPMKTPSAKN,1994-04-01,1159212
Thailand,TH,THA,ASEAN,World Bank GEM,NYGDPMKTPSAKN,1994-01-01,1155167
Thailand,TH,THA,ASEAN,World Bank GEM,NYGDPMKTPSAKN,1993-10-01,1128004
Thailand,TH,THA,ASEAN,World Bank GEM,NYGDPMKTPSAKN,1993-07-01,1117265
Thailand,TH,THA,ASEAN,World Bank GEM,NYGDPMKTPSAKN,1993-04-01,1051493
Thailand,TH,THA,ASEAN,World Bank GEM,NYGDPMKTPSAKN,1993-01-01,1043940
Vietnam,VN,VNM,ASEAN,World Bank GEM,NYGDPMKTPSAKN,2025-10-01,1742837241
Vietnam,VN,VNM,ASEAN,World Bank GEM,NYGDPMKTPSAKN,2025-07-01,1710415486
Vietnam,VN,VNM,ASEAN,World Bank GEM,NYGDPMKTPSAKN,2025-04-01,1672214324
Vietnam,VN,VNM,ASEAN,World Bank GEM,NYGDPMKTPSAKN,2025-01-01,1626143244
Vietnam,VN,VNM,ASEAN,World Bank GEM,NYGDPMKTPSAKN,2024-10-01,1607863724
Vietnam,VN,VNM,ASEAN,World Bank GEM,NYGDPMKTPSAKN,2024-07-01,1580849614
Vietnam,VN,VNM,ASEAN,World Bank GEM,NYGDPMKTPSAKN,2024-04-01,1546810174
Vietnam,VN,VNM,ASEAN,World Bank GEM,NYGDPMKTPSAKN,2024-01-01,1513236124
Vietnam,VN,VNM,ASEAN,World Bank GEM,NYGDPMKTPSAKN,2023-10-01,1499999168
Vietnam,VN,VNM,ASEAN,World Bank GEM,NYGDPMKTPSAKN,2023-07-01,1472292045
Vietnam,VN,VNM,ASEAN,World Bank GEM,NYGDPMKTPSAKN,2023-04-01,1444047441
Vietnam,VN,VNM,ASEAN,World Bank GEM,NYGDPMKTPSAKN,2023-01-01,1420183874
Vietnam,VN,VNM,ASEAN,World Bank GEM,NYGDPMKTPSAKN,2022-10-01,1413460201
Vietnam,VN,VNM,ASEAN,World Bank GEM,NYGDPMKTPSAKN,2022-07-01,1395169734
Vietnam,VN,VNM,ASEAN,World Bank GEM,NYGDPMKTPSAKN,2022-04-01,1389804917
Vietnam,VN,VNM,ASEAN,World Bank GEM,NYGDPMKTPSAKN,2022-01-01,1363435972
Vietnam,VN,VNM,ASEAN,World Bank GEM,NYGDPMKTPSAKN,2021-10-01,1341027077
Vietnam,VN,VNM,ASEAN,World Bank GEM,NYGDPMKTPSAKN,2021-07-01,1212016193
Vietnam,VN,VNM,ASEAN,World Bank GEM,NYGDPMKTPSAKN,2021-04-01,1284333554
Vietnam,VN,VNM,ASEAN,World Bank GEM,NYGDPMKTPSAKN,2021-01-01,1287307337
Vietnam,VN,VNM,ASEAN,World Bank GEM,NYGDPMKTPSAKN,2020-10-01,1284980967
Vietnam,VN,VNM,ASEAN,World Bank GEM,NYGDPMKTPSAKN,2020-07-01,1278605227
Vietnam,VN,VNM,ASEAN,World Bank GEM,NYGDPMKTPSAKN,2020-04-01,1209815643
Vietnam,VN,VNM,ASEAN,World Bank GEM,NYGDPMKTPSAKN,2020-01-01,1223607243
Vietnam,VN,VNM,ASEAN,World Bank GEM,NYGDPMKTPSAKN,2019-10-01,1236200420
Vietnam,VN,VNM,ASEAN,World Bank GEM,NYGDPMKTPSAKN,2019-07-01,1233954502
Vietnam,VN,VNM,ASEAN,World Bank GEM,NYGDPMKTPSAKN,2019-04-01,1206678883
Vietnam,VN,VNM,ASEAN,World Bank GEM,NYGDPMKTPSAKN,2019-01-01,1181635337
Vietnam,VN,VNM,ASEAN,World Bank GEM,NYGDPMKTPSAKN,2018-10-01,1157768210
Vietnam,VN,VNM,ASEAN,World Bank GEM,NYGDPMKTPSAKN,2018-07-01,1143439524
Vietnam,VN,VNM,ASEAN,World Bank GEM,NYGDPMKTPSAKN,2018-04-01,1124191327
Vietnam,VN,VNM,ASEAN,World Bank GEM,NYGDPMKTPSAKN,2018-01-01,1098774629
Vietnam,VN,VNM,ASEAN,World Bank GEM,NYGDPMKTPSAKN,2017-10-01,1081344098
Vietnam,VN,VNM,ASEAN,World Bank GEM,NYGDPMKTPSAKN,2017-07-01,1067150637
Vietnam,VN,VNM,ASEAN,World Bank GEM,NYGDPMKTPSAKN,2017-04-01,1046684505
Vietnam,VN,VNM,ASEAN,World Bank GEM,NYGDPMKTPSAKN,2017-01-01,1013627297
Vietnam,VN,VNM,ASEAN,World Bank GEM,NYGDPMKTPSAKN,2016-10-01,1006345372
Vietnam,VN,VNM,ASEAN,World Bank GEM,NYGDPMKTPSAKN,2016-07-01,993546837.5
Vietnam,VN,VNM,ASEAN,World Bank GEM,NYGDPMKTPSAKN,2016-04-01,979475694.9
Vietnam,VN,VNM,ASEAN,World Bank GEM,NYGDPMKTPSAKN,2016-01-01,957286759.2
Vietnam,VN,VNM,ASEAN,World Bank GEM,NYGDPMKTPSAKN,2015-10-01,942114948.5
Vietnam,VN,VNM,ASEAN,World Bank GEM,NYGDPMKTPSAKN,2015-07-01,930590488
Vietnam,VN,VNM,ASEAN,World Bank GEM,NYGDPMKTPSAKN,2015-04-01,916878495.6
Vietnam,VN,VNM,ASEAN,World Bank GEM,NYGDPMKTPSAKN,2015-01-01,900668816.2
Vietnam,VN,VNM,ASEAN,World Bank GEM,NYGDPMKTPSAKN,2014-10-01,882803813.2
Vietnam,VN,VNM,ASEAN,World Bank GEM,NYGDPMKTPSAKN,2014-07-01,869552408.7
Vietnam,VN,VNM,ASEAN,World Bank GEM,NYGDPMKTPSAKN,2014-04-01,855683417.9
Vietnam,VN,VNM,ASEAN,World Bank GEM,NYGDPMKTPSAKN,2014-01-01,841771426
Vietnam,VN,VNM,ASEAN,World Bank GEM,NYGDPMKTPSAKN,2013-10-01,827530257.3
Vietnam,VN,VNM,ASEAN,World Bank GEM,NYGDPMKTPSAKN,2013-07-01,816600530.3
Vietnam,VN,VNM,ASEAN,World Bank GEM,NYGDPMKTPSAKN,2013-04-01,805741211.3
Vietnam,VN,VNM,ASEAN,World Bank GEM,NYGDPMKTPSAKN,2013-01-01,792440873.1
Vietnam,VN,VNM,ASEAN,World Bank GEM,NYGDPMKTPSAKN,2012-10-01,782289123.5
Vietnam,VN,VNM,ASEAN,World Bank GEM,NYGDPMKTPSAKN,2012-07-01,772750079.7
Vietnam,VN,VNM,ASEAN,World Bank GEM,NYGDPMKTPSAKN,2012-04-01,764331711.8
Vietnam,VN,VNM,ASEAN,World Bank GEM,NYGDPMKTPSAKN,2012-01-01,753666756
Vietnam,VN,VNM,ASEAN,World Bank GEM,NYGDPMKTPSAKN,2011-10-01,740788584.6
Vietnam,VN,VNM,ASEAN,World Bank GEM,NYGDPMKTPSAKN,2011-07-01,733518001.3
Vietnam,VN,VNM,ASEAN,World Bank GEM,NYGDPMKTPSAKN,2011-04-01,722296941.2
Vietnam,VN,VNM,ASEAN,World Bank GEM,NYGDPMKTPSAKN,2011-01-01,717236216.5
Vietnam,VN,VNM,ASEAN,World Bank GEM,NYGDPMKTPSAKN,2010-10-01,693209936.4
Vietnam,VN,VNM,ASEAN,World Bank GEM,NYGDPMKTPSAKN,2010-07-01,691629937.6
Vietnam,VN,VNM,ASEAN,World Bank GEM,NYGDPMKTPSAKN,2010-04-01,676328101.4
Vietnam,VN,VNM,ASEAN,World Bank GEM,NYGDPMKTPSAKN,2010-01-01,677925273.4
Vietnam,VN,VNM,ASEAN,World Bank GEM,NYGDPMKTPSAKN,2009-10-01,683606639.3
Vietnam,VN,VNM,ASEAN,World Bank GEM,NYGDPMKTPSAKN,2009-07-01,669822811
Vietnam,VN,VNM,ASEAN,World Bank GEM,NYGDPMKTPSAKN,2009-04-01,663853679.5
Vietnam,VN,VNM,ASEAN,World Bank GEM,NYGDPMKTPSAKN,2009-01-01,641171425.6
Vietnam,VN,VNM,ASEAN,World Bank GEM,NYGDPMKTPSAKN,2008-10-01,640936018.1
Vietnam,VN,VNM,ASEAN,World Bank GEM,NYGDPMKTPSAKN,2008-07-01,633261109
Vietnam,VN,VNM,ASEAN,World Bank GEM,NYGDPMKTPSAKN,2008-04-01,632659088.7
Vietnam,VN,VNM,ASEAN,World Bank GEM,NYGDPMKTPSAKN,2008-01-01,620572009.6
Vietnam,VN,VNM,ASEAN,World Bank GEM,NYGDPMKTPSAKN,2007-10-01,609340874.8
Vietnam,VN,VNM,ASEAN,World Bank GEM,NYGDPMKTPSAKN,2007-07-01,605061788.7
Vietnam,VN,VNM,ASEAN,World Bank GEM,NYGDPMKTPSAKN,2007-04-01,594732280.1
Vietnam,VN,VNM,ASEAN,World Bank GEM,NYGDPMKTPSAKN,2007-01-01,586484937.5
Vietnam,VN,VNM,ASEAN,World Bank GEM,NYGDPMKTPSAKN,2006-10-01,571633411.8
Vietnam,VN,VNM,ASEAN,World Bank GEM,NYGDPMKTPSAKN,2006-07-01,564493466.8
Vietnam,VN,VNM,ASEAN,World Bank GEM,NYGDPMKTPSAKN,2006-04-01,555444008.6
Vietnam,VN,VNM,ASEAN,World Bank GEM,NYGDPMKTPSAKN,2006-01-01,546488559.9
Vietnam,VN,VNM,ASEAN,World Bank GEM,NYGDPMKTPSAKN,2005-10-01,535935074.8
Vietnam,VN,VNM,ASEAN,World Bank GEM,NYGDPMKTPSAKN,2005-07-01,526826603.5
Vietnam,VN,VNM,ASEAN,World Bank GEM,NYGDPMKTPSAKN,2005-04-01,517774071
Vietnam,VN,VNM,ASEAN,World Bank GEM,NYGDPMKTPSAKN,2005-01-01,508270957.7
Vietnam,VN,VNM,ASEAN,World Bank GEM,NYGDPMKTPSAKN,2004-10-01,498817968.1
Vietnam,VN,VNM,ASEAN,World Bank GEM,NYGDPMKTPSAKN,2004-07-01,489691373.1
Vietnam,VN,VNM,ASEAN,World Bank GEM,NYGDPMKTPSAKN,2004-04-01,480710988.4
Vietnam,VN,VNM,ASEAN,World Bank GEM,NYGDPMKTPSAKN,2004-01-01,471710992.4
Vietnam,VN,VNM,ASEAN,World Bank GEM,NYGDPMKTPSAKN,2003-10-01,462925267.3
Vietnam,VN,VNM,ASEAN,World Bank GEM,NYGDPMKTPSAKN,2003-07-01,454766338.7
Vietnam,VN,VNM,ASEAN,World Bank GEM,NYGDPMKTPSAKN,2003-04-01,446800941.6
Vietnam,VN,VNM,ASEAN,World Bank GEM,NYGDPMKTPSAKN,2003-01-01,438952732
Vietnam,VN,VNM,ASEAN,World Bank GEM,NYGDPMKTPSAKN,2002-10-01,431309829.3
Vietnam,VN,VNM,ASEAN,World Bank GEM,NYGDPMKTPSAKN,2002-07-01,423915632.5
Vietnam,VN,VNM,ASEAN,World Bank GEM,NYGDPMKTPSAKN,2002-04-01,416704011.7
Vietnam,VN,VNM,ASEAN,World Bank GEM,NYGDPMKTPSAKN,2002-01-01,409671101.9
Vietnam,VN,VNM,ASEAN,World Bank GEM,NYGDPMKTPSAKN,2001-10-01,402799407.6
Vietnam,VN,VNM,ASEAN,World Bank GEM,NYGDPMKTPSAKN,2001-07-01,396051766.7
Vietnam,VN,VNM,ASEAN,World Bank GEM,NYGDPMKTPSAKN,2001-04-01,389474104.4
Vietnam,VN,VNM,ASEAN,World Bank GEM,NYGDPMKTPSAKN,2001-01-01,383082746.9
Vietnam,VN,VNM,ASEAN,World Bank GEM,NYGDPMKTPSAKN,2000-10-01,376789683.3
Vietnam,VN,VNM,ASEAN,World Bank GEM,NYGDPMKTPSAKN,2000-07-01,370604806.9
Vietnam,VN,VNM,ASEAN,World Bank GEM,NYGDPMKTPSAKN,2000-04-01,364551512.2
Vietnam,VN,VNM,ASEAN,World Bank GEM,NYGDPMKTPSAKN,2000-01-01,358645589.9
Vietnam,VN,VNM,ASEAN,World Bank GEM,NYGDPMKTPSAKN,1999-10-01,352795734.1
Vietnam,VN,VNM,ASEAN,World Bank GEM,NYGDPMKTPSAKN,1999-07-01,348641367.9
Vietnam,VN,VNM,ASEAN,World Bank GEM,NYGDPMKTPSAKN,1999-04-01,344598216.8
Vietnam,VN,VNM,ASEAN,World Bank GEM,NYGDPMKTPSAKN,1999-01-01,340618451.4
Vietnam,VN,VNM,ASEAN,World Bank GEM,NYGDPMKTPSAKN,1998-10-01,336659815.3
Vietnam,VN,VNM,ASEAN,World Bank GEM,NYGDPMKTPSAKN,1998-07-01,332012241.2
Vietnam,VN,VNM,ASEAN,World Bank GEM,NYGDPMKTPSAKN,1998-04-01,327431929
Vietnam,VN,VNM,ASEAN,World Bank GEM,NYGDPMKTPSAKN,1998-01-01,322842457.3
Vietnam,VN,VNM,ASEAN,World Bank GEM,NYGDPMKTPSAKN,1997-10-01,318284164.3
Vietnam,VN,VNM,ASEAN,World Bank GEM,NYGDPMKTPSAKN,1997-07-01,312254856.8
Vietnam,VN,VNM,ASEAN,World Bank GEM,NYGDPMKTPSAKN,1997-04-01,306269309.8
Vietnam,VN,VNM,ASEAN,World Bank GEM,NYGDPMKTPSAKN,1997-01-01,300262929
Vietnam,VN,VNM,ASEAN,World Bank GEM,NYGDPMKTPSAKN,1996-10-01,294315095.5
Vietnam,VN,VNM,ASEAN,World Bank GEM,NYGDPMKTPSAKN,1996-07-01,287976914.3
Vietnam,VN,VNM,ASEAN,World Bank GEM,NYGDPMKTPSAKN,1996-04-01,281675389.5
Vietnam,VN,VNM,ASEAN,World Bank GEM,NYGDPMKTPSAKN,1996-01-01,275400472.9
Vietnam,VN,VNM,ASEAN,World Bank GEM,NYGDPMKTPSAKN,1995-10-01,269239916.2
Vietnam,VN,VNM,ASEAN,World Bank GEM,NYGDPMKTPSAKN,1995-07-01,263249721.2
Vietnam,VN,VNM,ASEAN,World Bank GEM,NYGDPMKTPSAKN,1995-04-01,257347545.5
Vietnam,VN,VNM,ASEAN,World Bank GEM,NYGDPMKTPSAKN,1995-01-01,251532200.5
Vietnam,VN,VNM,ASEAN,World Bank GEM,NYGDPMKTPSAKN,1994-10-01,245842354.2
Vietnam,VN,VNM,ASEAN,World Bank GEM,NYGDPMKTPSAKN,1994-07-01,240679841.9
Vietnam,VN,VNM,ASEAN,World Bank GEM,NYGDPMKTPSAKN,1994-04-01,235626899
Vietnam,VN,VNM,ASEAN,World Bank GEM,NYGDPMKTPSAKN,1994-01-01,230714670.6
Vietnam,VN,VNM,ASEAN,World Bank GEM,NYGDPMKTPSAKN,1993-10-01,225924250.2
Vietnam,VN,VNM,ASEAN,World Bank GEM,NYGDPMKTPSAKN,1993-07-01,221501084.6
Vietnam,VN,VNM,ASEAN,World Bank GEM,NYGDPMKTPSAKN,1993-04-01,217204152.9
Vietnam,VN,VNM,ASEAN,World Bank GEM,NYGDPMKTPSAKN,1993-01-01,213084248.5
Vietnam,VN,VNM,ASEAN,World Bank GEM,NYGDPMKTPSAKN,1992-10-01,209045262.4
Vietnam,VN,VNM,ASEAN,World Bank GEM,NYGDPMKTPSAKN,1992-07-01,204672869.3
Vietnam,VN,VNM,ASEAN,World Bank GEM,NYGDPMKTPSAKN,1992-04-01,200402662.6
Vietnam,VN,VNM,ASEAN,World Bank GEM,NYGDPMKTPSAKN,1992-01-01,196331079.9
Vietnam,VN,VNM,ASEAN,World Bank GEM,NYGDPMKTPSAKN,1991-10-01,192323872.1
Vietnam,VN,VNM,ASEAN,World Bank GEM,NYGDPMKTPSAKN,1991-07-01,189497731.5
Vietnam,VN,VNM,ASEAN,World Bank GEM,NYGDPMKTPSAKN,1991-04-01,186769914.7
Vietnam,VN,VNM,ASEAN,World Bank GEM,NYGDPMKTPSAKN,1991-01-01,184242611.6
Vietnam,VN,VNM,ASEAN,World Bank GEM,NYGDPMKTPSAKN,1990-10-01,181768192.4
