country,iso2,iso3,group,component,source,series_id,source_adjustment,adjustment_method,date,real_value
Australia,AU,AUS,Asia-Pacific,Consumption,IMF IFS via DBnomics,Q.AU.NCP_R_SA_XDC,SA,Source seasonally adjusted,1959-07-01,38156
Australia,AU,AUS,Asia-Pacific,Consumption,IMF IFS via DBnomics,Q.AU.NCP_R_SA_XDC,SA,Source seasonally adjusted,1959-10-01,39207
Australia,AU,AUS,Asia-Pacific,Consumption,IMF IFS via DBnomics,Q.AU.NCP_R_SA_XDC,SA,Source seasonally adjusted,1960-01-01,39584
Australia,AU,AUS,Asia-Pacific,Consumption,IMF IFS via DBnomics,Q.AU.NCP_R_SA_XDC,SA,Source seasonally adjusted,1960-04-01,40081
Australia,AU,AUS,Asia-Pacific,Consumption,IMF IFS via DBnomics,Q.AU.NCP_R_SA_XDC,SA,Source seasonally adjusted,1960-07-01,40597
Australia,AU,AUS,Asia-Pacific,Consumption,IMF IFS via DBnomics,Q.AU.NCP_R_SA_XDC,SA,Source seasonally adjusted,1960-10-01,40278
Australia,AU,AUS,Asia-Pacific,Consumption,IMF IFS via DBnomics,Q.AU.NCP_R_SA_XDC,SA,Source seasonally adjusted,1961-01-01,39754
Australia,AU,AUS,Asia-Pacific,Consumption,IMF IFS via DBnomics,Q.AU.NCP_R_SA_XDC,SA,Source seasonally adjusted,1961-04-01,39874
Australia,AU,AUS,Asia-Pacific,Consumption,IMF IFS via DBnomics,Q.AU.NCP_R_SA_XDC,SA,Source seasonally adjusted,1961-07-01,40129
Australia,AU,AUS,Asia-Pacific,Consumption,IMF IFS via DBnomics,Q.AU.NCP_R_SA_XDC,SA,Source seasonally adjusted,1961-10-01,40397
Australia,AU,AUS,Asia-Pacific,Consumption,IMF IFS via DBnomics,Q.AU.NCP_R_SA_XDC,SA,Source seasonally adjusted,1962-01-01,41735
Australia,AU,AUS,Asia-Pacific,Consumption,IMF IFS via DBnomics,Q.AU.NCP_R_SA_XDC,SA,Source seasonally adjusted,1962-04-01,42267
Australia,AU,AUS,Asia-Pacific,Consumption,IMF IFS via DBnomics,Q.AU.NCP_R_SA_XDC,SA,Source seasonally adjusted,1962-07-01,42601
Australia,AU,AUS,Asia-Pacific,Consumption,IMF IFS via DBnomics,Q.AU.NCP_R_SA_XDC,SA,Source seasonally adjusted,1962-10-01,42983
Australia,AU,AUS,Asia-Pacific,Consumption,IMF IFS via DBnomics,Q.AU.NCP_R_SA_XDC,SA,Source seasonally adjusted,1963-01-01,43785
Australia,AU,AUS,Asia-Pacific,Consumption,IMF IFS via DBnomics,Q.AU.NCP_R_SA_XDC,SA,Source seasonally adjusted,1963-04-01,44129
Australia,AU,AUS,Asia-Pacific,Consumption,IMF IFS via DBnomics,Q.AU.NCP_R_SA_XDC,SA,Source seasonally adjusted,1963-07-01,45447
Australia,AU,AUS,Asia-Pacific,Consumption,IMF IFS via DBnomics,Q.AU.NCP_R_SA_XDC,SA,Source seasonally adjusted,1963-10-01,46345
Australia,AU,AUS,Asia-Pacific,Consumption,IMF IFS via DBnomics,Q.AU.NCP_R_SA_XDC,SA,Source seasonally adjusted,1964-01-01,46593
Australia,AU,AUS,Asia-Pacific,Consumption,IMF IFS via DBnomics,Q.AU.NCP_R_SA_XDC,SA,Source seasonally adjusted,1964-04-01,47339
Australia,AU,AUS,Asia-Pacific,Consumption,IMF IFS via DBnomics,Q.AU.NCP_R_SA_XDC,SA,Source seasonally adjusted,1964-07-01,48201
Australia,AU,AUS,Asia-Pacific,Consumption,IMF IFS via DBnomics,Q.AU.NCP_R_SA_XDC,SA,Source seasonally adjusted,1964-10-01,48590
Australia,AU,AUS,Asia-Pacific,Consumption,IMF IFS via DBnomics,Q.AU.NCP_R_SA_XDC,SA,Source seasonally adjusted,1965-01-01,48809
Australia,AU,AUS,Asia-Pacific,Consumption,IMF IFS via DBnomics,Q.AU.NCP_R_SA_XDC,SA,Source seasonally adjusted,1965-04-01,49405
Australia,AU,AUS,Asia-Pacific,Consumption,IMF IFS via DBnomics,Q.AU.NCP_R_SA_XDC,SA,Source seasonally adjusted,1965-07-01,49735
Australia,AU,AUS,Asia-Pacific,Consumption,IMF IFS via DBnomics,Q.AU.NCP_R_SA_XDC,SA,Source seasonally adjusted,1965-10-01,50014
Australia,AU,AUS,Asia-Pacific,Consumption,IMF IFS via DBnomics,Q.AU.NCP_R_SA_XDC,SA,Source seasonally adjusted,1966-01-01,50182
Australia,AU,AUS,Asia-Pacific,Consumption,IMF IFS via DBnomics,Q.AU.NCP_R_SA_XDC,SA,Source seasonally adjusted,1966-04-01,50792
Australia,AU,AUS,Asia-Pacific,Consumption,IMF IFS via DBnomics,Q.AU.NCP_R_SA_XDC,SA,Source seasonally adjusted,1966-07-01,51693
Australia,AU,AUS,Asia-Pacific,Consumption,IMF IFS via DBnomics,Q.AU.NCP_R_SA_XDC,SA,Source seasonally adjusted,1966-10-01,52513
Australia,AU,AUS,Asia-Pacific,Consumption,IMF IFS via DBnomics,Q.AU.NCP_R_SA_XDC,SA,Source seasonally adjusted,1967-01-01,53307
Australia,AU,AUS,Asia-Pacific,Consumption,IMF IFS via DBnomics,Q.AU.NCP_R_SA_XDC,SA,Source seasonally adjusted,1967-04-01,53478
Australia,AU,AUS,Asia-Pacific,Consumption,IMF IFS via DBnomics,Q.AU.NCP_R_SA_XDC,SA,Source seasonally adjusted,1967-07-01,54383
Australia,AU,AUS,Asia-Pacific,Consumption,IMF IFS via DBnomics,Q.AU.NCP_R_SA_XDC,SA,Source seasonally adjusted,1967-10-01,54889
Australia,AU,AUS,Asia-Pacific,Consumption,IMF IFS via DBnomics,Q.AU.NCP_R_SA_XDC,SA,Source seasonally adjusted,1968-01-01,56151
Australia,AU,AUS,Asia-Pacific,Consumption,IMF IFS via DBnomics,Q.AU.NCP_R_SA_XDC,SA,Source seasonally adjusted,1968-04-01,56040
Australia,AU,AUS,Asia-Pacific,Consumption,IMF IFS via DBnomics,Q.AU.NCP_R_SA_XDC,SA,Source seasonally adjusted,1968-07-01,56843
Australia,AU,AUS,Asia-Pacific,Consumption,IMF IFS via DBnomics,Q.AU.NCP_R_SA_XDC,SA,Source seasonally adjusted,1968-10-01,57727
Australia,AU,AUS,Asia-Pacific,Consumption,IMF IFS via DBnomics,Q.AU.NCP_R_SA_XDC,SA,Source seasonally adjusted,1969-01-01,58984
Australia,AU,AUS,Asia-Pacific,Consumption,IMF IFS via DBnomics,Q.AU.NCP_R_SA_XDC,SA,Source seasonally adjusted,1969-04-01,59689
Australia,AU,AUS,Asia-Pacific,Consumption,IMF IFS via DBnomics,Q.AU.NCP_R_SA_XDC,SA,Source seasonally adjusted,1969-07-01,60834
Australia,AU,AUS,Asia-Pacific,Consumption,IMF IFS via DBnomics,Q.AU.NCP_R_SA_XDC,SA,Source seasonally adjusted,1969-10-01,61695
Australia,AU,AUS,Asia-Pacific,Consumption,IMF IFS via DBnomics,Q.AU.NCP_R_SA_XDC,SA,Source seasonally adjusted,1970-01-01,62125
Australia,AU,AUS,Asia-Pacific,Consumption,IMF IFS via DBnomics,Q.AU.NCP_R_SA_XDC,SA,Source seasonally adjusted,1970-04-01,62866
Australia,AU,AUS,Asia-Pacific,Consumption,IMF IFS via DBnomics,Q.AU.NCP_R_SA_XDC,SA,Source seasonally adjusted,1970-07-01,63663
Australia,AU,AUS,Asia-Pacific,Consumption,IMF IFS via DBnomics,Q.AU.NCP_R_SA_XDC,SA,Source seasonally adjusted,1970-10-01,64355
Australia,AU,AUS,Asia-Pacific,Consumption,IMF IFS via DBnomics,Q.AU.NCP_R_SA_XDC,SA,Source seasonally adjusted,1971-01-01,64301
Australia,AU,AUS,Asia-Pacific,Consumption,IMF IFS via DBnomics,Q.AU.NCP_R_SA_XDC,SA,Source seasonally adjusted,1971-04-01,64814
Australia,AU,AUS,Asia-Pacific,Consumption,IMF IFS via DBnomics,Q.AU.NCP_R_SA_XDC,SA,Source seasonally adjusted,1971-07-01,66451
Australia,AU,AUS,Asia-Pacific,Consumption,IMF IFS via DBnomics,Q.AU.NCP_R_SA_XDC,SA,Source seasonally adjusted,1971-10-01,66128
Australia,AU,AUS,Asia-Pacific,Consumption,IMF IFS via DBnomics,Q.AU.NCP_R_SA_XDC,SA,Source seasonally adjusted,1972-01-01,66454
Australia,AU,AUS,Asia-Pacific,Consumption,IMF IFS via DBnomics,Q.AU.NCP_R_SA_XDC,SA,Source seasonally adjusted,1972-04-01,67363
Australia,AU,AUS,Asia-Pacific,Consumption,IMF IFS via DBnomics,Q.AU.NCP_R_SA_XDC,SA,Source seasonally adjusted,1972-07-01,68079
Australia,AU,AUS,Asia-Pacific,Consumption,IMF IFS via DBnomics,Q.AU.NCP_R_SA_XDC,SA,Source seasonally adjusted,1972-10-01,68844
Australia,AU,AUS,Asia-Pacific,Consumption,IMF IFS via DBnomics,Q.AU.NCP_R_SA_XDC,SA,Source seasonally adjusted,1973-01-01,70485
Australia,AU,AUS,Asia-Pacific,Consumption,IMF IFS via DBnomics,Q.AU.NCP_R_SA_XDC,SA,Source seasonally adjusted,1973-04-01,71504
Australia,AU,AUS,Asia-Pacific,Consumption,IMF IFS via DBnomics,Q.AU.NCP_R_SA_XDC,SA,Source seasonally adjusted,1973-07-01,72317
Australia,AU,AUS,Asia-Pacific,Consumption,IMF IFS via DBnomics,Q.AU.NCP_R_SA_XDC,SA,Source seasonally adjusted,1973-10-01,73365
Australia,AU,AUS,Asia-Pacific,Consumption,IMF IFS via DBnomics,Q.AU.NCP_R_SA_XDC,SA,Source seasonally adjusted,1974-01-01,75140
Australia,AU,AUS,Asia-Pacific,Consumption,IMF IFS via DBnomics,Q.AU.NCP_R_SA_XDC,SA,Source seasonally adjusted,1974-04-01,75631
Australia,AU,AUS,Asia-Pacific,Consumption,IMF IFS via DBnomics,Q.AU.NCP_R_SA_XDC,SA,Source seasonally adjusted,1974-07-01,77054
Australia,AU,AUS,Asia-Pacific,Consumption,IMF IFS via DBnomics,Q.AU.NCP_R_SA_XDC,SA,Source seasonally adjusted,1974-10-01,76547
Australia,AU,AUS,Asia-Pacific,Consumption,IMF IFS via DBnomics,Q.AU.NCP_R_SA_XDC,SA,Source seasonally adjusted,1975-01-01,78264
Australia,AU,AUS,Asia-Pacific,Consumption,IMF IFS via DBnomics,Q.AU.NCP_R_SA_XDC,SA,Source seasonally adjusted,1975-04-01,78932
Australia,AU,AUS,Asia-Pacific,Consumption,IMF IFS via DBnomics,Q.AU.NCP_R_SA_XDC,SA,Source seasonally adjusted,1975-07-01,78359
Australia,AU,AUS,Asia-Pacific,Consumption,IMF IFS via DBnomics,Q.AU.NCP_R_SA_XDC,SA,Source seasonally adjusted,1975-10-01,76834
Australia,AU,AUS,Asia-Pacific,Consumption,IMF IFS via DBnomics,Q.AU.NCP_R_SA_XDC,SA,Source seasonally adjusted,1976-01-01,78218
Australia,AU,AUS,Asia-Pacific,Consumption,IMF IFS via DBnomics,Q.AU.NCP_R_SA_XDC,SA,Source seasonally adjusted,1976-04-01,79777
Australia,AU,AUS,Asia-Pacific,Consumption,IMF IFS via DBnomics,Q.AU.NCP_R_SA_XDC,SA,Source seasonally adjusted,1976-07-01,81647
Australia,AU,AUS,Asia-Pacific,Consumption,IMF IFS via DBnomics,Q.AU.NCP_R_SA_XDC,SA,Source seasonally adjusted,1976-10-01,82531
Australia,AU,AUS,Asia-Pacific,Consumption,IMF IFS via DBnomics,Q.AU.NCP_R_SA_XDC,SA,Source seasonally adjusted,1977-01-01,82404
Australia,AU,AUS,Asia-Pacific,Consumption,IMF IFS via DBnomics,Q.AU.NCP_R_SA_XDC,SA,Source seasonally adjusted,1977-04-01,83229
Australia,AU,AUS,Asia-Pacific,Consumption,IMF IFS via DBnomics,Q.AU.NCP_R_SA_XDC,SA,Source seasonally adjusted,1977-07-01,83410
Australia,AU,AUS,Asia-Pacific,Consumption,IMF IFS via DBnomics,Q.AU.NCP_R_SA_XDC,SA,Source seasonally adjusted,1977-10-01,83474
Australia,AU,AUS,Asia-Pacific,Consumption,IMF IFS via DBnomics,Q.AU.NCP_R_SA_XDC,SA,Source seasonally adjusted,1978-01-01,83762
Australia,AU,AUS,Asia-Pacific,Consumption,IMF IFS via DBnomics,Q.AU.NCP_R_SA_XDC,SA,Source seasonally adjusted,1978-04-01,85634
Australia,AU,AUS,Asia-Pacific,Consumption,IMF IFS via DBnomics,Q.AU.NCP_R_SA_XDC,SA,Source seasonally adjusted,1978-07-01,85440
Australia,AU,AUS,Asia-Pacific,Consumption,IMF IFS via DBnomics,Q.AU.NCP_R_SA_XDC,SA,Source seasonally adjusted,1978-10-01,84561
Australia,AU,AUS,Asia-Pacific,Consumption,IMF IFS via DBnomics,Q.AU.NCP_R_SA_XDC,SA,Source seasonally adjusted,1979-01-01,85473
Australia,AU,AUS,Asia-Pacific,Consumption,IMF IFS via DBnomics,Q.AU.NCP_R_SA_XDC,SA,Source seasonally adjusted,1979-04-01,85859
Australia,AU,AUS,Asia-Pacific,Consumption,IMF IFS via DBnomics,Q.AU.NCP_R_SA_XDC,SA,Source seasonally adjusted,1979-07-01,85983
Australia,AU,AUS,Asia-Pacific,Consumption,IMF IFS via DBnomics,Q.AU.NCP_R_SA_XDC,SA,Source seasonally adjusted,1979-10-01,86340
Australia,AU,AUS,Asia-Pacific,Consumption,IMF IFS via DBnomics,Q.AU.NCP_R_SA_XDC,SA,Source seasonally adjusted,1980-01-01,87415
Australia,AU,AUS,Asia-Pacific,Consumption,IMF IFS via DBnomics,Q.AU.NCP_R_SA_XDC,SA,Source seasonally adjusted,1980-04-01,87709
Australia,AU,AUS,Asia-Pacific,Consumption,IMF IFS via DBnomics,Q.AU.NCP_R_SA_XDC,SA,Source seasonally adjusted,1980-07-01,88389
Australia,AU,AUS,Asia-Pacific,Consumption,IMF IFS via DBnomics,Q.AU.NCP_R_SA_XDC,SA,Source seasonally adjusted,1980-10-01,89236
Australia,AU,AUS,Asia-Pacific,Consumption,IMF IFS via DBnomics,Q.AU.NCP_R_SA_XDC,SA,Source seasonally adjusted,1981-01-01,89682
Australia,AU,AUS,Asia-Pacific,Consumption,IMF IFS via DBnomics,Q.AU.NCP_R_SA_XDC,SA,Source seasonally adjusted,1981-04-01,91460
Australia,AU,AUS,Asia-Pacific,Consumption,IMF IFS via DBnomics,Q.AU.NCP_R_SA_XDC,SA,Source seasonally adjusted,1981-07-01,93638
Australia,AU,AUS,Asia-Pacific,Consumption,IMF IFS via DBnomics,Q.AU.NCP_R_SA_XDC,SA,Source seasonally adjusted,1981-10-01,93889
Australia,AU,AUS,Asia-Pacific,Consumption,IMF IFS via DBnomics,Q.AU.NCP_R_SA_XDC,SA,Source seasonally adjusted,1982-01-01,94584
Australia,AU,AUS,Asia-Pacific,Consumption,IMF IFS via DBnomics,Q.AU.NCP_R_SA_XDC,SA,Source seasonally adjusted,1982-04-01,96639
Australia,AU,AUS,Asia-Pacific,Consumption,IMF IFS via DBnomics,Q.AU.NCP_R_SA_XDC,SA,Source seasonally adjusted,1982-07-01,96437
Australia,AU,AUS,Asia-Pacific,Consumption,IMF IFS via DBnomics,Q.AU.NCP_R_SA_XDC,SA,Source seasonally adjusted,1982-10-01,97352
Australia,AU,AUS,Asia-Pacific,Consumption,IMF IFS via DBnomics,Q.AU.NCP_R_SA_XDC,SA,Source seasonally adjusted,1983-01-01,97371
Australia,AU,AUS,Asia-Pacific,Consumption,IMF IFS via DBnomics,Q.AU.NCP_R_SA_XDC,SA,Source seasonally adjusted,1983-04-01,96705
Australia,AU,AUS,Asia-Pacific,Consumption,IMF IFS via DBnomics,Q.AU.NCP_R_SA_XDC,SA,Source seasonally adjusted,1983-07-01,97437
Australia,AU,AUS,Asia-Pacific,Consumption,IMF IFS via DBnomics,Q.AU.NCP_R_SA_XDC,SA,Source seasonally adjusted,1983-10-01,97561
Australia,AU,AUS,Asia-Pacific,Consumption,IMF IFS via DBnomics,Q.AU.NCP_R_SA_XDC,SA,Source seasonally adjusted,1984-01-01,98804
Australia,AU,AUS,Asia-Pacific,Consumption,IMF IFS via DBnomics,Q.AU.NCP_R_SA_XDC,SA,Source seasonally adjusted,1984-04-01,98277
Australia,AU,AUS,Asia-Pacific,Consumption,IMF IFS via DBnomics,Q.AU.NCP_R_SA_XDC,SA,Source seasonally adjusted,1984-07-01,96876
Australia,AU,AUS,Asia-Pacific,Consumption,IMF IFS via DBnomics,Q.AU.NCP_R_SA_XDC,SA,Source seasonally adjusted,1984-10-01,97240
Australia,AU,AUS,Asia-Pacific,Consumption,IMF IFS via DBnomics,Q.AU.NCP_R_SA_XDC,SA,Source seasonally adjusted,1985-01-01,99249
Australia,AU,AUS,Asia-Pacific,Consumption,IMF IFS via DBnomics,Q.AU.NCP_R_SA_XDC,SA,Source seasonally adjusted,1985-04-01,100263
Australia,AU,AUS,Asia-Pacific,Consumption,IMF IFS via DBnomics,Q.AU.NCP_R_SA_XDC,SA,Source seasonally adjusted,1985-07-01,102445
Australia,AU,AUS,Asia-Pacific,Consumption,IMF IFS via DBnomics,Q.AU.NCP_R_SA_XDC,SA,Source seasonally adjusted,1985-10-01,103791
Australia,AU,AUS,Asia-Pacific,Consumption,IMF IFS via DBnomics,Q.AU.NCP_R_SA_XDC,SA,Source seasonally adjusted,1986-01-01,102426
Australia,AU,AUS,Asia-Pacific,Consumption,IMF IFS via DBnomics,Q.AU.NCP_R_SA_XDC,SA,Source seasonally adjusted,1986-04-01,104456
Australia,AU,AUS,Asia-Pacific,Consumption,IMF IFS via DBnomics,Q.AU.NCP_R_SA_XDC,SA,Source seasonally adjusted,1986-07-01,105191
Australia,AU,AUS,Asia-Pacific,Consumption,IMF IFS via DBnomics,Q.AU.NCP_R_SA_XDC,SA,Source seasonally adjusted,1986-10-01,105005
Australia,AU,AUS,Asia-Pacific,Consumption,IMF IFS via DBnomics,Q.AU.NCP_R_SA_XDC,SA,Source seasonally adjusted,1987-01-01,105346
Australia,AU,AUS,Asia-Pacific,Consumption,IMF IFS via DBnomics,Q.AU.NCP_R_SA_XDC,SA,Source seasonally adjusted,1987-04-01,105932
Australia,AU,AUS,Asia-Pacific,Consumption,IMF IFS via DBnomics,Q.AU.NCP_R_SA_XDC,SA,Source seasonally adjusted,1987-07-01,107509
Australia,AU,AUS,Asia-Pacific,Consumption,IMF IFS via DBnomics,Q.AU.NCP_R_SA_XDC,SA,Source seasonally adjusted,1987-10-01,108582
Australia,AU,AUS,Asia-Pacific,Consumption,IMF IFS via DBnomics,Q.AU.NCP_R_SA_XDC,SA,Source seasonally adjusted,1988-01-01,109511
Australia,AU,AUS,Asia-Pacific,Consumption,IMF IFS via DBnomics,Q.AU.NCP_R_SA_XDC,SA,Source seasonally adjusted,1988-04-01,109373
Australia,AU,AUS,Asia-Pacific,Consumption,IMF IFS via DBnomics,Q.AU.NCP_R_SA_XDC,SA,Source seasonally adjusted,1988-07-01,110944
Australia,AU,AUS,Asia-Pacific,Consumption,IMF IFS via DBnomics,Q.AU.NCP_R_SA_XDC,SA,Source seasonally adjusted,1988-10-01,112707
Australia,AU,AUS,Asia-Pacific,Consumption,IMF IFS via DBnomics,Q.AU.NCP_R_SA_XDC,SA,Source seasonally adjusted,1989-01-01,115182
Australia,AU,AUS,Asia-Pacific,Consumption,IMF IFS via DBnomics,Q.AU.NCP_R_SA_XDC,SA,Source seasonally adjusted,1989-04-01,116337
Australia,AU,AUS,Asia-Pacific,Consumption,IMF IFS via DBnomics,Q.AU.NCP_R_SA_XDC,SA,Source seasonally adjusted,1989-07-01,117297
Australia,AU,AUS,Asia-Pacific,Consumption,IMF IFS via DBnomics,Q.AU.NCP_R_SA_XDC,SA,Source seasonally adjusted,1989-10-01,118134
Australia,AU,AUS,Asia-Pacific,Consumption,IMF IFS via DBnomics,Q.AU.NCP_R_SA_XDC,SA,Source seasonally adjusted,1990-01-01,119446
Australia,AU,AUS,Asia-Pacific,Consumption,IMF IFS via DBnomics,Q.AU.NCP_R_SA_XDC,SA,Source seasonally adjusted,1990-04-01,119991
Australia,AU,AUS,Asia-Pacific,Consumption,IMF IFS via DBnomics,Q.AU.NCP_R_SA_XDC,SA,Source seasonally adjusted,1990-07-01,120195
Australia,AU,AUS,Asia-Pacific,Consumption,IMF IFS via DBnomics,Q.AU.NCP_R_SA_XDC,SA,Source seasonally adjusted,1990-10-01,119511
Australia,AU,AUS,Asia-Pacific,Consumption,IMF IFS via DBnomics,Q.AU.NCP_R_SA_XDC,SA,Source seasonally adjusted,1991-01-01,119687
Australia,AU,AUS,Asia-Pacific,Consumption,IMF IFS via DBnomics,Q.AU.NCP_R_SA_XDC,SA,Source seasonally adjusted,1991-04-01,120208
Australia,AU,AUS,Asia-Pacific,Consumption,IMF IFS via DBnomics,Q.AU.NCP_R_SA_XDC,SA,Source seasonally adjusted,1991-07-01,121665
Australia,AU,AUS,Asia-Pacific,Consumption,IMF IFS via DBnomics,Q.AU.NCP_R_SA_XDC,SA,Source seasonally adjusted,1991-10-01,121808
Australia,AU,AUS,Asia-Pacific,Consumption,IMF IFS via DBnomics,Q.AU.NCP_R_SA_XDC,SA,Source seasonally adjusted,1992-01-01,123222
Australia,AU,AUS,Asia-Pacific,Consumption,IMF IFS via DBnomics,Q.AU.NCP_R_SA_XDC,SA,Source seasonally adjusted,1992-04-01,124267
Australia,AU,AUS,Asia-Pacific,Consumption,IMF IFS via DBnomics,Q.AU.NCP_R_SA_XDC,SA,Source seasonally adjusted,1992-07-01,124547
Australia,AU,AUS,Asia-Pacific,Consumption,IMF IFS via DBnomics,Q.AU.NCP_R_SA_XDC,SA,Source seasonally adjusted,1992-10-01,125010
Australia,AU,AUS,Asia-Pacific,Consumption,IMF IFS via DBnomics,Q.AU.NCP_R_SA_XDC,SA,Source seasonally adjusted,1993-01-01,124861
Australia,AU,AUS,Asia-Pacific,Consumption,IMF IFS via DBnomics,Q.AU.NCP_R_SA_XDC,SA,Source seasonally adjusted,1993-04-01,125895
Australia,AU,AUS,Asia-Pacific,Consumption,IMF IFS via DBnomics,Q.AU.NCP_R_SA_XDC,SA,Source seasonally adjusted,1993-07-01,125609
Australia,AU,AUS,Asia-Pacific,Consumption,IMF IFS via DBnomics,Q.AU.NCP_R_SA_XDC,SA,Source seasonally adjusted,1993-10-01,127736
Australia,AU,AUS,Asia-Pacific,Consumption,IMF IFS via DBnomics,Q.AU.NCP_R_SA_XDC,SA,Source seasonally adjusted,1994-01-01,128525
Australia,AU,AUS,Asia-Pacific,Consumption,IMF IFS via DBnomics,Q.AU.NCP_R_SA_XDC,SA,Source seasonally adjusted,1994-04-01,129224
Australia,AU,AUS,Asia-Pacific,Consumption,IMF IFS via DBnomics,Q.AU.NCP_R_SA_XDC,SA,Source seasonally adjusted,1994-07-01,131663
Australia,AU,AUS,Asia-Pacific,Consumption,IMF IFS via DBnomics,Q.AU.NCP_R_SA_XDC,SA,Source seasonally adjusted,1994-10-01,132413
Australia,AU,AUS,Asia-Pacific,Consumption,IMF IFS via DBnomics,Q.AU.NCP_R_SA_XDC,SA,Source seasonally adjusted,1995-01-01,133939
Australia,AU,AUS,Asia-Pacific,Consumption,IMF IFS via DBnomics,Q.AU.NCP_R_SA_XDC,SA,Source seasonally adjusted,1995-04-01,135597
Australia,AU,AUS,Asia-Pacific,Consumption,IMF IFS via DBnomics,Q.AU.NCP_R_SA_XDC,SA,Source seasonally adjusted,1995-07-01,135948
Australia,AU,AUS,Asia-Pacific,Consumption,IMF IFS via DBnomics,Q.AU.NCP_R_SA_XDC,SA,Source seasonally adjusted,1995-10-01,137456
Australia,AU,AUS,Asia-Pacific,Consumption,IMF IFS via DBnomics,Q.AU.NCP_R_SA_XDC,SA,Source seasonally adjusted,1996-01-01,138686
Australia,AU,AUS,Asia-Pacific,Consumption,IMF IFS via DBnomics,Q.AU.NCP_R_SA_XDC,SA,Source seasonally adjusted,1996-04-01,139546
Australia,AU,AUS,Asia-Pacific,Consumption,IMF IFS via DBnomics,Q.AU.NCP_R_SA_XDC,SA,Source seasonally adjusted,1996-07-01,139780
Australia,AU,AUS,Asia-Pacific,Consumption,IMF IFS via DBnomics,Q.AU.NCP_R_SA_XDC,SA,Source seasonally adjusted,1996-10-01,140830
Australia,AU,AUS,Asia-Pacific,Consumption,IMF IFS via DBnomics,Q.AU.NCP_R_SA_XDC,SA,Source seasonally adjusted,1997-01-01,142226
Australia,AU,AUS,Asia-Pacific,Consumption,IMF IFS via DBnomics,Q.AU.NCP_R_SA_XDC,SA,Source seasonally adjusted,1997-04-01,144579
Australia,AU,AUS,Asia-Pacific,Consumption,IMF IFS via DBnomics,Q.AU.NCP_R_SA_XDC,SA,Source seasonally adjusted,1997-07-01,146745
Australia,AU,AUS,Asia-Pacific,Consumption,IMF IFS via DBnomics,Q.AU.NCP_R_SA_XDC,SA,Source seasonally adjusted,1997-10-01,148772
Australia,AU,AUS,Asia-Pacific,Consumption,IMF IFS via DBnomics,Q.AU.NCP_R_SA_XDC,SA,Source seasonally adjusted,1998-01-01,149234
Australia,AU,AUS,Asia-Pacific,Consumption,IMF IFS via DBnomics,Q.AU.NCP_R_SA_XDC,SA,Source seasonally adjusted,1998-04-01,151628
Australia,AU,AUS,Asia-Pacific,Consumption,IMF IFS via DBnomics,Q.AU.NCP_R_SA_XDC,SA,Source seasonally adjusted,1998-07-01,154615
Australia,AU,AUS,Asia-Pacific,Consumption,IMF IFS via DBnomics,Q.AU.NCP_R_SA_XDC,SA,Source seasonally adjusted,1998-10-01,156076
Australia,AU,AUS,Asia-Pacific,Consumption,IMF IFS via DBnomics,Q.AU.NCP_R_SA_XDC,SA,Source seasonally adjusted,1999-01-01,158921
Australia,AU,AUS,Asia-Pacific,Consumption,IMF IFS via DBnomics,Q.AU.NCP_R_SA_XDC,SA,Source seasonally adjusted,1999-04-01,159942
Australia,AU,AUS,Asia-Pacific,Consumption,IMF IFS via DBnomics,Q.AU.NCP_R_SA_XDC,SA,Source seasonally adjusted,1999-07-01,161760
Australia,AU,AUS,Asia-Pacific,Consumption,IMF IFS via DBnomics,Q.AU.NCP_R_SA_XDC,SA,Source seasonally adjusted,1999-10-01,163978
Australia,AU,AUS,Asia-Pacific,Consumption,IMF IFS via DBnomics,Q.AU.NCP_R_SA_XDC,SA,Source seasonally adjusted,2000-01-01,164449
Australia,AU,AUS,Asia-Pacific,Consumption,IMF IFS via DBnomics,Q.AU.NCP_R_SA_XDC,SA,Source seasonally adjusted,2000-04-01,165850
Australia,AU,AUS,Asia-Pacific,Consumption,IMF IFS via DBnomics,Q.AU.NCP_R_SA_XDC,SA,Source seasonally adjusted,2000-07-01,167638
Australia,AU,AUS,Asia-Pacific,Consumption,IMF IFS via DBnomics,Q.AU.NCP_R_SA_XDC,SA,Source seasonally adjusted,2000-10-01,168704
Australia,AU,AUS,Asia-Pacific,Consumption,IMF IFS via DBnomics,Q.AU.NCP_R_SA_XDC,SA,Source seasonally adjusted,2001-01-01,170196
Australia,AU,AUS,Asia-Pacific,Consumption,IMF IFS via DBnomics,Q.AU.NCP_R_SA_XDC,SA,Source seasonally adjusted,2001-04-01,171269
Australia,AU,AUS,Asia-Pacific,Consumption,IMF IFS via DBnomics,Q.AU.NCP_R_SA_XDC,SA,Source seasonally adjusted,2001-07-01,171698
Australia,AU,AUS,Asia-Pacific,Consumption,IMF IFS via DBnomics,Q.AU.NCP_R_SA_XDC,SA,Source seasonally adjusted,2001-10-01,173036
Australia,AU,AUS,Asia-Pacific,Consumption,IMF IFS via DBnomics,Q.AU.NCP_R_SA_XDC,SA,Source seasonally adjusted,2002-01-01,175226
Australia,AU,AUS,Asia-Pacific,Consumption,IMF IFS via DBnomics,Q.AU.NCP_R_SA_XDC,SA,Source seasonally adjusted,2002-04-01,177998
Australia,AU,AUS,Asia-Pacific,Consumption,IMF IFS via DBnomics,Q.AU.NCP_R_SA_XDC,SA,Source seasonally adjusted,2002-07-01,180440
Australia,AU,AUS,Asia-Pacific,Consumption,IMF IFS via DBnomics,Q.AU.NCP_R_SA_XDC,SA,Source seasonally adjusted,2002-10-01,181293
Australia,AU,AUS,Asia-Pacific,Consumption,IMF IFS via DBnomics,Q.AU.NCP_R_SA_XDC,SA,Source seasonally adjusted,2003-01-01,182349
Australia,AU,AUS,Asia-Pacific,Consumption,IMF IFS via DBnomics,Q.AU.NCP_R_SA_XDC,SA,Source seasonally adjusted,2003-04-01,183776
Australia,AU,AUS,Asia-Pacific,Consumption,IMF IFS via DBnomics,Q.AU.NCP_R_SA_XDC,SA,Source seasonally adjusted,2003-07-01,186239
Australia,AU,AUS,Asia-Pacific,Consumption,IMF IFS via DBnomics,Q.AU.NCP_R_SA_XDC,SA,Source seasonally adjusted,2003-10-01,190539
Australia,AU,AUS,Asia-Pacific,Consumption,IMF IFS via DBnomics,Q.AU.NCP_R_SA_XDC,SA,Source seasonally adjusted,2004-01-01,194305
Australia,AU,AUS,Asia-Pacific,Consumption,IMF IFS via DBnomics,Q.AU.NCP_R_SA_XDC,SA,Source seasonally adjusted,2004-04-01,195437
Australia,AU,AUS,Asia-Pacific,Consumption,IMF IFS via DBnomics,Q.AU.NCP_R_SA_XDC,SA,Source seasonally adjusted,2004-07-01,197737
Australia,AU,AUS,Asia-Pacific,Consumption,IMF IFS via DBnomics,Q.AU.NCP_R_SA_XDC,SA,Source seasonally adjusted,2004-10-01,200446
Australia,AU,AUS,Asia-Pacific,Consumption,IMF IFS via DBnomics,Q.AU.NCP_R_SA_XDC,SA,Source seasonally adjusted,2005-01-01,199784
Australia,AU,AUS,Asia-Pacific,Consumption,IMF IFS via DBnomics,Q.AU.NCP_R_SA_XDC,SA,Source seasonally adjusted,2005-04-01,203354
Australia,AU,AUS,Asia-Pacific,Consumption,IMF IFS via DBnomics,Q.AU.NCP_R_SA_XDC,SA,Source seasonally adjusted,2005-07-01,204570
Australia,AU,AUS,Asia-Pacific,Consumption,IMF IFS via DBnomics,Q.AU.NCP_R_SA_XDC,SA,Source seasonally adjusted,2005-10-01,205054
Australia,AU,AUS,Asia-Pacific,Consumption,IMF IFS via DBnomics,Q.AU.NCP_R_SA_XDC,SA,Source seasonally adjusted,2006-01-01,207395
Australia,AU,AUS,Asia-Pacific,Consumption,IMF IFS via DBnomics,Q.AU.NCP_R_SA_XDC,SA,Source seasonally adjusted,2006-04-01,210649
Australia,AU,AUS,Asia-Pacific,Consumption,IMF IFS via DBnomics,Q.AU.NCP_R_SA_XDC,SA,Source seasonally adjusted,2006-07-01,213027
Australia,AU,AUS,Asia-Pacific,Consumption,IMF IFS via DBnomics,Q.AU.NCP_R_SA_XDC,SA,Source seasonally adjusted,2006-10-01,215779
Australia,AU,AUS,Asia-Pacific,Consumption,IMF IFS via DBnomics,Q.AU.NCP_R_SA_XDC,SA,Source seasonally adjusted,2007-01-01,220380
Australia,AU,AUS,Asia-Pacific,Consumption,IMF IFS via DBnomics,Q.AU.NCP_R_SA_XDC,SA,Source seasonally adjusted,2007-04-01,222197
Australia,AU,AUS,Asia-Pacific,Consumption,IMF IFS via DBnomics,Q.AU.NCP_R_SA_XDC,SA,Source seasonally adjusted,2007-07-01,226015
Australia,AU,AUS,Asia-Pacific,Consumption,IMF IFS via DBnomics,Q.AU.NCP_R_SA_XDC,SA,Source seasonally adjusted,2007-10-01,228680
Australia,AU,AUS,Asia-Pacific,Consumption,IMF IFS via DBnomics,Q.AU.NCP_R_SA_XDC,SA,Source seasonally adjusted,2008-01-01,229798
Australia,AU,AUS,Asia-Pacific,Consumption,IMF IFS via DBnomics,Q.AU.NCP_R_SA_XDC,SA,Source seasonally adjusted,2008-04-01,228749
Australia,AU,AUS,Asia-Pacific,Consumption,IMF IFS via DBnomics,Q.AU.NCP_R_SA_XDC,SA,Source seasonally adjusted,2008-07-01,227977
Australia,AU,AUS,Asia-Pacific,Consumption,IMF IFS via DBnomics,Q.AU.NCP_R_SA_XDC,SA,Source seasonally adjusted,2008-10-01,227477
Australia,AU,AUS,Asia-Pacific,Consumption,IMF IFS via DBnomics,Q.AU.NCP_R_SA_XDC,SA,Source seasonally adjusted,2009-01-01,228452
Australia,AU,AUS,Asia-Pacific,Consumption,IMF IFS via DBnomics,Q.AU.NCP_R_SA_XDC,SA,Source seasonally adjusted,2009-04-01,232102
Australia,AU,AUS,Asia-Pacific,Consumption,IMF IFS via DBnomics,Q.AU.NCP_R_SA_XDC,SA,Source seasonally adjusted,2009-07-01,233164
Australia,AU,AUS,Asia-Pacific,Consumption,IMF IFS via DBnomics,Q.AU.NCP_R_SA_XDC,SA,Source seasonally adjusted,2009-10-01,236378
Australia,AU,AUS,Asia-Pacific,Consumption,IMF IFS via DBnomics,Q.AU.NCP_R_SA_XDC,SA,Source seasonally adjusted,2010-01-01,237581
Australia,AU,AUS,Asia-Pacific,Consumption,IMF IFS via DBnomics,Q.AU.NCP_R_SA_XDC,SA,Source seasonally adjusted,2010-04-01,241039
Australia,AU,AUS,Asia-Pacific,Consumption,IMF IFS via DBnomics,Q.AU.NCP_R_SA_XDC,SA,Source seasonally adjusted,2010-07-01,243483
Australia,AU,AUS,Asia-Pacific,Consumption,IMF IFS via DBnomics,Q.AU.NCP_R_SA_XDC,SA,Source seasonally adjusted,2010-10-01,246167
Australia,AU,AUS,Asia-Pacific,Consumption,IMF IFS via DBnomics,Q.AU.NCP_R_SA_XDC,SA,Source seasonally adjusted,2011-01-01,247637
Australia,AU,AUS,Asia-Pacific,Consumption,IMF IFS via DBnomics,Q.AU.NCP_R_SA_XDC,SA,Source seasonally adjusted,2011-04-01,249299
Australia,AU,AUS,Asia-Pacific,Consumption,IMF IFS via DBnomics,Q.AU.NCP_R_SA_XDC,SA,Source seasonally adjusted,2011-07-01,250920
Australia,AU,AUS,Asia-Pacific,Consumption,IMF IFS via DBnomics,Q.AU.NCP_R_SA_XDC,SA,Source seasonally adjusted,2011-10-01,251914
Australia,AU,AUS,Asia-Pacific,Consumption,IMF IFS via DBnomics,Q.AU.NCP_R_SA_XDC,SA,Source seasonally adjusted,2012-01-01,255525
Australia,AU,AUS,Asia-Pacific,Consumption,IMF IFS via DBnomics,Q.AU.NCP_R_SA_XDC,SA,Source seasonally adjusted,2012-04-01,256646
Australia,AU,AUS,Asia-Pacific,Consumption,IMF IFS via DBnomics,Q.AU.NCP_R_SA_XDC,SA,Source seasonally adjusted,2012-07-01,257374
Australia,AU,AUS,Asia-Pacific,Consumption,IMF IFS via DBnomics,Q.AU.NCP_R_SA_XDC,SA,Source seasonally adjusted,2012-10-01,257819
Australia,AU,AUS,Asia-Pacific,Consumption,IMF IFS via DBnomics,Q.AU.NCP_R_SA_XDC,SA,Source seasonally adjusted,2013-01-01,259288
Australia,AU,AUS,Asia-Pacific,Consumption,IMF IFS via DBnomics,Q.AU.NCP_R_SA_XDC,SA,Source seasonally adjusted,2013-04-01,259993
Australia,AU,AUS,Asia-Pacific,Consumption,IMF IFS via DBnomics,Q.AU.NCP_R_SA_XDC,SA,Source seasonally adjusted,2013-07-01,262271
Australia,AU,AUS,Asia-Pacific,Consumption,IMF IFS via DBnomics,Q.AU.NCP_R_SA_XDC,SA,Source seasonally adjusted,2013-10-01,263575
Australia,AU,AUS,Asia-Pacific,Consumption,IMF IFS via DBnomics,Q.AU.NCP_R_SA_XDC,SA,Source seasonally adjusted,2014-01-01,265581
Australia,AU,AUS,Asia-Pacific,Consumption,IMF IFS via DBnomics,Q.AU.NCP_R_SA_XDC,SA,Source seasonally adjusted,2014-04-01,266696
Australia,AU,AUS,Asia-Pacific,Consumption,IMF IFS via DBnomics,Q.AU.NCP_R_SA_XDC,SA,Source seasonally adjusted,2014-07-01,269207
Australia,AU,AUS,Asia-Pacific,Consumption,IMF IFS via DBnomics,Q.AU.NCP_R_SA_XDC,SA,Source seasonally adjusted,2014-10-01,270985
Australia,AU,AUS,Asia-Pacific,Consumption,IMF IFS via DBnomics,Q.AU.NCP_R_SA_XDC,SA,Source seasonally adjusted,2015-01-01,272125
Australia,AU,AUS,Asia-Pacific,Consumption,IMF IFS via DBnomics,Q.AU.NCP_R_SA_XDC,SA,Source seasonally adjusted,2015-04-01,273832
Australia,AU,AUS,Asia-Pacific,Consumption,IMF IFS via DBnomics,Q.AU.NCP_R_SA_XDC,SA,Source seasonally adjusted,2015-07-01,276319
Australia,AU,AUS,Asia-Pacific,Consumption,IMF IFS via DBnomics,Q.AU.NCP_R_SA_XDC,SA,Source seasonally adjusted,2015-10-01,277664
Australia,AU,AUS,Asia-Pacific,Consumption,IMF IFS via DBnomics,Q.AU.NCP_R_SA_XDC,SA,Source seasonally adjusted,2016-01-01,280001
Australia,AU,AUS,Asia-Pacific,Consumption,IMF IFS via DBnomics,Q.AU.NCP_R_SA_XDC,SA,Source seasonally adjusted,2016-04-01,281223
Australia,AU,AUS,Asia-Pacific,Consumption,IMF IFS via DBnomics,Q.AU.NCP_R_SA_XDC,SA,Source seasonally adjusted,2016-07-01,282921
Australia,AU,AUS,Asia-Pacific,Consumption,IMF IFS via DBnomics,Q.AU.NCP_R_SA_XDC,SA,Source seasonally adjusted,2016-10-01,285001
Australia,AU,AUS,Asia-Pacific,Consumption,IMF IFS via DBnomics,Q.AU.NCP_R_SA_XDC,SA,Source seasonally adjusted,2017-01-01,286438
Australia,AU,AUS,Asia-Pacific,Consumption,IMF IFS via DBnomics,Q.AU.NCP_R_SA_XDC,SA,Source seasonally adjusted,2017-04-01,288164
Australia,AU,AUS,Asia-Pacific,Consumption,IMF IFS via DBnomics,Q.AU.NCP_R_SA_XDC,SA,Source seasonally adjusted,2017-07-01,290136
Australia,AU,AUS,Asia-Pacific,Consumption,IMF IFS via DBnomics,Q.AU.NCP_R_SA_XDC,SA,Source seasonally adjusted,2017-10-01,292996
Australia,AU,AUS,Asia-Pacific,Consumption,IMF IFS via DBnomics,Q.AU.NCP_R_SA_XDC,SA,Source seasonally adjusted,2018-01-01,294838
Australia,AU,AUS,Asia-Pacific,Consumption,IMF IFS via DBnomics,Q.AU.NCP_R_SA_XDC,SA,Source seasonally adjusted,2018-04-01,296875
Australia,AU,AUS,Asia-Pacific,Consumption,IMF IFS via DBnomics,Q.AU.NCP_R_SA_XDC,SA,Source seasonally adjusted,2018-07-01,297342
Australia,AU,AUS,Asia-Pacific,Consumption,IMF IFS via DBnomics,Q.AU.NCP_R_SA_XDC,SA,Source seasonally adjusted,2018-10-01,298127
Australia,AU,AUS,Asia-Pacific,Consumption,IMF IFS via DBnomics,Q.AU.NCP_R_SA_XDC,SA,Source seasonally adjusted,2019-01-01,298929
Australia,AU,AUS,Asia-Pacific,Consumption,IMF IFS via DBnomics,Q.AU.NCP_R_SA_XDC,SA,Source seasonally adjusted,2019-04-01,299834
Australia,AU,AUS,Asia-Pacific,Consumption,IMF IFS via DBnomics,Q.AU.NCP_R_SA_XDC,SA,Source seasonally adjusted,2019-07-01,299269
Australia,AU,AUS,Asia-Pacific,Consumption,IMF IFS via DBnomics,Q.AU.NCP_R_SA_XDC,SA,Source seasonally adjusted,2019-10-01,300257
Australia,AU,AUS,Asia-Pacific,Consumption,IMF IFS via DBnomics,Q.AU.NCP_R_SA_XDC,SA,Source seasonally adjusted,2020-01-01,296552
Australia,AU,AUS,Asia-Pacific,Consumption,IMF IFS via DBnomics,Q.AU.NCP_R_SA_XDC,SA,Source seasonally adjusted,2020-04-01,259081
Australia,AU,AUS,Asia-Pacific,Consumption,IMF IFS via DBnomics,Q.AU.NCP_R_SA_XDC,SA,Source seasonally adjusted,2020-07-01,278821
Australia,AU,AUS,Asia-Pacific,Consumption,IMF IFS via DBnomics,Q.AU.NCP_R_SA_XDC,SA,Source seasonally adjusted,2020-10-01,291897
Australia,AU,AUS,Asia-Pacific,Consumption,IMF IFS via DBnomics,Q.AU.NCP_R_SA_XDC,SA,Source seasonally adjusted,2021-01-01,296170
Australia,AU,AUS,Asia-Pacific,Consumption,IMF IFS via DBnomics,Q.AU.NCP_R_SA_XDC,SA,Source seasonally adjusted,2021-04-01,298791
Australia,AU,AUS,Asia-Pacific,Consumption,IMF IFS via DBnomics,Q.AU.NCP_R_SA_XDC,SA,Source seasonally adjusted,2021-07-01,284960
Australia,AU,AUS,Asia-Pacific,Consumption,IMF IFS via DBnomics,Q.AU.NCP_R_SA_XDC,SA,Source seasonally adjusted,2021-10-01,303048
Australia,AU,AUS,Asia-Pacific,Consumption,IMF IFS via DBnomics,Q.AU.NCP_R_SA_XDC,SA,Source seasonally adjusted,2022-01-01,310360
Australia,AU,AUS,Asia-Pacific,Consumption,IMF IFS via DBnomics,Q.AU.NCP_R_SA_XDC,SA,Source seasonally adjusted,2022-04-01,317277
Australia,AU,AUS,Asia-Pacific,Consumption,IMF IFS via DBnomics,Q.AU.NCP_R_SA_XDC,SA,Source seasonally adjusted,2022-07-01,319721
Australia,AU,AUS,Asia-Pacific,Consumption,IMF IFS via DBnomics,Q.AU.NCP_R_SA_XDC,SA,Source seasonally adjusted,2022-10-01,322716
Australia,AU,AUS,Asia-Pacific,Consumption,IMF IFS via DBnomics,Q.AU.NCP_R_SA_XDC,SA,Source seasonally adjusted,2023-01-01,324184
Australia,AU,AUS,Asia-Pacific,Consumption,IMF IFS via DBnomics,Q.AU.NCP_R_SA_XDC,SA,Source seasonally adjusted,2023-04-01,325833
Australia,AU,AUS,Asia-Pacific,Consumption,IMF IFS via DBnomics,Q.AU.NCP_R_SA_XDC,SA,Source seasonally adjusted,2023-07-01,325513
Australia,AU,AUS,Asia-Pacific,Consumption,IMF IFS via DBnomics,Q.AU.NCP_R_SA_XDC,SA,Source seasonally adjusted,2023-10-01,325871
Australia,AU,AUS,Asia-Pacific,Consumption,IMF IFS via DBnomics,Q.AU.NCP_R_SA_XDC,SA,Source seasonally adjusted,2024-01-01,327387
Australia,AU,AUS,Asia-Pacific,Consumption,IMF IFS via DBnomics,Q.AU.NCP_R_SA_XDC,SA,Source seasonally adjusted,2024-04-01,326813
Australia,AU,AUS,Asia-Pacific,Consumption,IMF IFS via DBnomics,Q.AU.NCP_R_SA_XDC,SA,Source seasonally adjusted,2024-07-01,326437
Australia,AU,AUS,Asia-Pacific,Consumption,IMF IFS via DBnomics,Q.AU.NCP_R_SA_XDC,SA,Source seasonally adjusted,2024-10-01,328660
Australia,AU,AUS,Asia-Pacific,Consumption,IMF IFS via DBnomics,Q.AU.NCP_R_SA_XDC,SA,Source seasonally adjusted,2025-01-01,329830
Australia,AU,AUS,Asia-Pacific,Investment,IMF IFS via DBnomics,Q.AU.NFI_R_SA_XDC,SA,Source seasonally adjusted,1959-07-01,12637
Australia,AU,AUS,Asia-Pacific,Investment,IMF IFS via DBnomics,Q.AU.NFI_R_SA_XDC,SA,Source seasonally adjusted,1959-10-01,12276
Australia,AU,AUS,Asia-Pacific,Investment,IMF IFS via DBnomics,Q.AU.NFI_R_SA_XDC,SA,Source seasonally adjusted,1960-01-01,12321
Australia,AU,AUS,Asia-Pacific,Investment,IMF IFS via DBnomics,Q.AU.NFI_R_SA_XDC,SA,Source seasonally adjusted,1960-04-01,12568
Australia,AU,AUS,Asia-Pacific,Investment,IMF IFS via DBnomics,Q.AU.NFI_R_SA_XDC,SA,Source seasonally adjusted,1960-07-01,12607
Australia,AU,AUS,Asia-Pacific,Investment,IMF IFS via DBnomics,Q.AU.NFI_R_SA_XDC,SA,Source seasonally adjusted,1960-10-01,13173
Australia,AU,AUS,Asia-Pacific,Investment,IMF IFS via DBnomics,Q.AU.NFI_R_SA_XDC,SA,Source seasonally adjusted,1961-01-01,13339
Australia,AU,AUS,Asia-Pacific,Investment,IMF IFS via DBnomics,Q.AU.NFI_R_SA_XDC,SA,Source seasonally adjusted,1961-04-01,13509
Australia,AU,AUS,Asia-Pacific,Investment,IMF IFS via DBnomics,Q.AU.NFI_R_SA_XDC,SA,Source seasonally adjusted,1961-07-01,13787
Australia,AU,AUS,Asia-Pacific,Investment,IMF IFS via DBnomics,Q.AU.NFI_R_SA_XDC,SA,Source seasonally adjusted,1961-10-01,13140
Australia,AU,AUS,Asia-Pacific,Investment,IMF IFS via DBnomics,Q.AU.NFI_R_SA_XDC,SA,Source seasonally adjusted,1962-01-01,13406
Australia,AU,AUS,Asia-Pacific,Investment,IMF IFS via DBnomics,Q.AU.NFI_R_SA_XDC,SA,Source seasonally adjusted,1962-04-01,13230
Australia,AU,AUS,Asia-Pacific,Investment,IMF IFS via DBnomics,Q.AU.NFI_R_SA_XDC,SA,Source seasonally adjusted,1962-07-01,13862
Australia,AU,AUS,Asia-Pacific,Investment,IMF IFS via DBnomics,Q.AU.NFI_R_SA_XDC,SA,Source seasonally adjusted,1962-10-01,13876
Australia,AU,AUS,Asia-Pacific,Investment,IMF IFS via DBnomics,Q.AU.NFI_R_SA_XDC,SA,Source seasonally adjusted,1963-01-01,14554
Australia,AU,AUS,Asia-Pacific,Investment,IMF IFS via DBnomics,Q.AU.NFI_R_SA_XDC,SA,Source seasonally adjusted,1963-04-01,14620
Australia,AU,AUS,Asia-Pacific,Investment,IMF IFS via DBnomics,Q.AU.NFI_R_SA_XDC,SA,Source seasonally adjusted,1963-07-01,14987
Australia,AU,AUS,Asia-Pacific,Investment,IMF IFS via DBnomics,Q.AU.NFI_R_SA_XDC,SA,Source seasonally adjusted,1963-10-01,15433
Australia,AU,AUS,Asia-Pacific,Investment,IMF IFS via DBnomics,Q.AU.NFI_R_SA_XDC,SA,Source seasonally adjusted,1964-01-01,15508
Australia,AU,AUS,Asia-Pacific,Investment,IMF IFS via DBnomics,Q.AU.NFI_R_SA_XDC,SA,Source seasonally adjusted,1964-04-01,16315
Australia,AU,AUS,Asia-Pacific,Investment,IMF IFS via DBnomics,Q.AU.NFI_R_SA_XDC,SA,Source seasonally adjusted,1964-07-01,16211
Australia,AU,AUS,Asia-Pacific,Investment,IMF IFS via DBnomics,Q.AU.NFI_R_SA_XDC,SA,Source seasonally adjusted,1964-10-01,16464
Australia,AU,AUS,Asia-Pacific,Investment,IMF IFS via DBnomics,Q.AU.NFI_R_SA_XDC,SA,Source seasonally adjusted,1965-01-01,16753
Australia,AU,AUS,Asia-Pacific,Investment,IMF IFS via DBnomics,Q.AU.NFI_R_SA_XDC,SA,Source seasonally adjusted,1965-04-01,17472
Australia,AU,AUS,Asia-Pacific,Investment,IMF IFS via DBnomics,Q.AU.NFI_R_SA_XDC,SA,Source seasonally adjusted,1965-07-01,17765
Australia,AU,AUS,Asia-Pacific,Investment,IMF IFS via DBnomics,Q.AU.NFI_R_SA_XDC,SA,Source seasonally adjusted,1965-10-01,18011
Australia,AU,AUS,Asia-Pacific,Investment,IMF IFS via DBnomics,Q.AU.NFI_R_SA_XDC,SA,Source seasonally adjusted,1966-01-01,18453
Australia,AU,AUS,Asia-Pacific,Investment,IMF IFS via DBnomics,Q.AU.NFI_R_SA_XDC,SA,Source seasonally adjusted,1966-04-01,18113
Australia,AU,AUS,Asia-Pacific,Investment,IMF IFS via DBnomics,Q.AU.NFI_R_SA_XDC,SA,Source seasonally adjusted,1966-07-01,18810
Australia,AU,AUS,Asia-Pacific,Investment,IMF IFS via DBnomics,Q.AU.NFI_R_SA_XDC,SA,Source seasonally adjusted,1966-10-01,18789
Australia,AU,AUS,Asia-Pacific,Investment,IMF IFS via DBnomics,Q.AU.NFI_R_SA_XDC,SA,Source seasonally adjusted,1967-01-01,19096
Australia,AU,AUS,Asia-Pacific,Investment,IMF IFS via DBnomics,Q.AU.NFI_R_SA_XDC,SA,Source seasonally adjusted,1967-04-01,19334
Australia,AU,AUS,Asia-Pacific,Investment,IMF IFS via DBnomics,Q.AU.NFI_R_SA_XDC,SA,Source seasonally adjusted,1967-07-01,19915
Australia,AU,AUS,Asia-Pacific,Investment,IMF IFS via DBnomics,Q.AU.NFI_R_SA_XDC,SA,Source seasonally adjusted,1967-10-01,20009
Australia,AU,AUS,Asia-Pacific,Investment,IMF IFS via DBnomics,Q.AU.NFI_R_SA_XDC,SA,Source seasonally adjusted,1968-01-01,20692
Australia,AU,AUS,Asia-Pacific,Investment,IMF IFS via DBnomics,Q.AU.NFI_R_SA_XDC,SA,Source seasonally adjusted,1968-04-01,21019
Australia,AU,AUS,Asia-Pacific,Investment,IMF IFS via DBnomics,Q.AU.NFI_R_SA_XDC,SA,Source seasonally adjusted,1968-07-01,21199
Australia,AU,AUS,Asia-Pacific,Investment,IMF IFS via DBnomics,Q.AU.NFI_R_SA_XDC,SA,Source seasonally adjusted,1968-10-01,21726
Australia,AU,AUS,Asia-Pacific,Investment,IMF IFS via DBnomics,Q.AU.NFI_R_SA_XDC,SA,Source seasonally adjusted,1969-01-01,21649
Australia,AU,AUS,Asia-Pacific,Investment,IMF IFS via DBnomics,Q.AU.NFI_R_SA_XDC,SA,Source seasonally adjusted,1969-04-01,22279
Australia,AU,AUS,Asia-Pacific,Investment,IMF IFS via DBnomics,Q.AU.NFI_R_SA_XDC,SA,Source seasonally adjusted,1969-07-01,22164
Australia,AU,AUS,Asia-Pacific,Investment,IMF IFS via DBnomics,Q.AU.NFI_R_SA_XDC,SA,Source seasonally adjusted,1969-10-01,22542
Australia,AU,AUS,Asia-Pacific,Investment,IMF IFS via DBnomics,Q.AU.NFI_R_SA_XDC,SA,Source seasonally adjusted,1970-01-01,22247
Australia,AU,AUS,Asia-Pacific,Investment,IMF IFS via DBnomics,Q.AU.NFI_R_SA_XDC,SA,Source seasonally adjusted,1970-04-01,22749
Australia,AU,AUS,Asia-Pacific,Investment,IMF IFS via DBnomics,Q.AU.NFI_R_SA_XDC,SA,Source seasonally adjusted,1970-07-01,22530
Australia,AU,AUS,Asia-Pacific,Investment,IMF IFS via DBnomics,Q.AU.NFI_R_SA_XDC,SA,Source seasonally adjusted,1970-10-01,22942
Australia,AU,AUS,Asia-Pacific,Investment,IMF IFS via DBnomics,Q.AU.NFI_R_SA_XDC,SA,Source seasonally adjusted,1971-01-01,23670
Australia,AU,AUS,Asia-Pacific,Investment,IMF IFS via DBnomics,Q.AU.NFI_R_SA_XDC,SA,Source seasonally adjusted,1971-04-01,23449
Australia,AU,AUS,Asia-Pacific,Investment,IMF IFS via DBnomics,Q.AU.NFI_R_SA_XDC,SA,Source seasonally adjusted,1971-07-01,24414
Australia,AU,AUS,Asia-Pacific,Investment,IMF IFS via DBnomics,Q.AU.NFI_R_SA_XDC,SA,Source seasonally adjusted,1971-10-01,23640
Australia,AU,AUS,Asia-Pacific,Investment,IMF IFS via DBnomics,Q.AU.NFI_R_SA_XDC,SA,Source seasonally adjusted,1972-01-01,23475
Australia,AU,AUS,Asia-Pacific,Investment,IMF IFS via DBnomics,Q.AU.NFI_R_SA_XDC,SA,Source seasonally adjusted,1972-04-01,23662
Australia,AU,AUS,Asia-Pacific,Investment,IMF IFS via DBnomics,Q.AU.NFI_R_SA_XDC,SA,Source seasonally adjusted,1972-07-01,24094
Australia,AU,AUS,Asia-Pacific,Investment,IMF IFS via DBnomics,Q.AU.NFI_R_SA_XDC,SA,Source seasonally adjusted,1972-10-01,24269
Australia,AU,AUS,Asia-Pacific,Investment,IMF IFS via DBnomics,Q.AU.NFI_R_SA_XDC,SA,Source seasonally adjusted,1973-01-01,24818
Australia,AU,AUS,Asia-Pacific,Investment,IMF IFS via DBnomics,Q.AU.NFI_R_SA_XDC,SA,Source seasonally adjusted,1973-04-01,24922
Australia,AU,AUS,Asia-Pacific,Investment,IMF IFS via DBnomics,Q.AU.NFI_R_SA_XDC,SA,Source seasonally adjusted,1973-07-01,25329
Australia,AU,AUS,Asia-Pacific,Investment,IMF IFS via DBnomics,Q.AU.NFI_R_SA_XDC,SA,Source seasonally adjusted,1973-10-01,26140
Australia,AU,AUS,Asia-Pacific,Investment,IMF IFS via DBnomics,Q.AU.NFI_R_SA_XDC,SA,Source seasonally adjusted,1974-01-01,26196
Australia,AU,AUS,Asia-Pacific,Investment,IMF IFS via DBnomics,Q.AU.NFI_R_SA_XDC,SA,Source seasonally adjusted,1974-04-01,24624
Australia,AU,AUS,Asia-Pacific,Investment,IMF IFS via DBnomics,Q.AU.NFI_R_SA_XDC,SA,Source seasonally adjusted,1974-07-01,23950
Australia,AU,AUS,Asia-Pacific,Investment,IMF IFS via DBnomics,Q.AU.NFI_R_SA_XDC,SA,Source seasonally adjusted,1974-10-01,23711
Australia,AU,AUS,Asia-Pacific,Investment,IMF IFS via DBnomics,Q.AU.NFI_R_SA_XDC,SA,Source seasonally adjusted,1975-01-01,23893
Australia,AU,AUS,Asia-Pacific,Investment,IMF IFS via DBnomics,Q.AU.NFI_R_SA_XDC,SA,Source seasonally adjusted,1975-04-01,24180
Australia,AU,AUS,Asia-Pacific,Investment,IMF IFS via DBnomics,Q.AU.NFI_R_SA_XDC,SA,Source seasonally adjusted,1975-07-01,24473
Australia,AU,AUS,Asia-Pacific,Investment,IMF IFS via DBnomics,Q.AU.NFI_R_SA_XDC,SA,Source seasonally adjusted,1975-10-01,24287
Australia,AU,AUS,Asia-Pacific,Investment,IMF IFS via DBnomics,Q.AU.NFI_R_SA_XDC,SA,Source seasonally adjusted,1976-01-01,24803
Australia,AU,AUS,Asia-Pacific,Investment,IMF IFS via DBnomics,Q.AU.NFI_R_SA_XDC,SA,Source seasonally adjusted,1976-04-01,25458
Australia,AU,AUS,Asia-Pacific,Investment,IMF IFS via DBnomics,Q.AU.NFI_R_SA_XDC,SA,Source seasonally adjusted,1976-07-01,25007
Australia,AU,AUS,Asia-Pacific,Investment,IMF IFS via DBnomics,Q.AU.NFI_R_SA_XDC,SA,Source seasonally adjusted,1976-10-01,26266
Australia,AU,AUS,Asia-Pacific,Investment,IMF IFS via DBnomics,Q.AU.NFI_R_SA_XDC,SA,Source seasonally adjusted,1977-01-01,25994
Australia,AU,AUS,Asia-Pacific,Investment,IMF IFS via DBnomics,Q.AU.NFI_R_SA_XDC,SA,Source seasonally adjusted,1977-04-01,25606
Australia,AU,AUS,Asia-Pacific,Investment,IMF IFS via DBnomics,Q.AU.NFI_R_SA_XDC,SA,Source seasonally adjusted,1977-07-01,26417
Australia,AU,AUS,Asia-Pacific,Investment,IMF IFS via DBnomics,Q.AU.NFI_R_SA_XDC,SA,Source seasonally adjusted,1977-10-01,26018
Australia,AU,AUS,Asia-Pacific,Investment,IMF IFS via DBnomics,Q.AU.NFI_R_SA_XDC,SA,Source seasonally adjusted,1978-01-01,26682
Australia,AU,AUS,Asia-Pacific,Investment,IMF IFS via DBnomics,Q.AU.NFI_R_SA_XDC,SA,Source seasonally adjusted,1978-04-01,27702
Australia,AU,AUS,Asia-Pacific,Investment,IMF IFS via DBnomics,Q.AU.NFI_R_SA_XDC,SA,Source seasonally adjusted,1978-07-01,28272
Australia,AU,AUS,Asia-Pacific,Investment,IMF IFS via DBnomics,Q.AU.NFI_R_SA_XDC,SA,Source seasonally adjusted,1978-10-01,29273
Australia,AU,AUS,Asia-Pacific,Investment,IMF IFS via DBnomics,Q.AU.NFI_R_SA_XDC,SA,Source seasonally adjusted,1979-01-01,29755
Australia,AU,AUS,Asia-Pacific,Investment,IMF IFS via DBnomics,Q.AU.NFI_R_SA_XDC,SA,Source seasonally adjusted,1979-04-01,29959
Australia,AU,AUS,Asia-Pacific,Investment,IMF IFS via DBnomics,Q.AU.NFI_R_SA_XDC,SA,Source seasonally adjusted,1979-07-01,29275
Australia,AU,AUS,Asia-Pacific,Investment,IMF IFS via DBnomics,Q.AU.NFI_R_SA_XDC,SA,Source seasonally adjusted,1979-10-01,30040
Australia,AU,AUS,Asia-Pacific,Investment,IMF IFS via DBnomics,Q.AU.NFI_R_SA_XDC,SA,Source seasonally adjusted,1980-01-01,30304
Australia,AU,AUS,Asia-Pacific,Investment,IMF IFS via DBnomics,Q.AU.NFI_R_SA_XDC,SA,Source seasonally adjusted,1980-04-01,31009
Australia,AU,AUS,Asia-Pacific,Investment,IMF IFS via DBnomics,Q.AU.NFI_R_SA_XDC,SA,Source seasonally adjusted,1980-07-01,33256
Australia,AU,AUS,Asia-Pacific,Investment,IMF IFS via DBnomics,Q.AU.NFI_R_SA_XDC,SA,Source seasonally adjusted,1980-10-01,33456
Australia,AU,AUS,Asia-Pacific,Investment,IMF IFS via DBnomics,Q.AU.NFI_R_SA_XDC,SA,Source seasonally adjusted,1981-01-01,34545
Australia,AU,AUS,Asia-Pacific,Investment,IMF IFS via DBnomics,Q.AU.NFI_R_SA_XDC,SA,Source seasonally adjusted,1981-04-01,34799
Australia,AU,AUS,Asia-Pacific,Investment,IMF IFS via DBnomics,Q.AU.NFI_R_SA_XDC,SA,Source seasonally adjusted,1981-07-01,36293
Australia,AU,AUS,Asia-Pacific,Investment,IMF IFS via DBnomics,Q.AU.NFI_R_SA_XDC,SA,Source seasonally adjusted,1981-10-01,37110
Australia,AU,AUS,Asia-Pacific,Investment,IMF IFS via DBnomics,Q.AU.NFI_R_SA_XDC,SA,Source seasonally adjusted,1982-01-01,36856
Australia,AU,AUS,Asia-Pacific,Investment,IMF IFS via DBnomics,Q.AU.NFI_R_SA_XDC,SA,Source seasonally adjusted,1982-04-01,35662
Australia,AU,AUS,Asia-Pacific,Investment,IMF IFS via DBnomics,Q.AU.NFI_R_SA_XDC,SA,Source seasonally adjusted,1982-07-01,34728
Australia,AU,AUS,Asia-Pacific,Investment,IMF IFS via DBnomics,Q.AU.NFI_R_SA_XDC,SA,Source seasonally adjusted,1982-10-01,33656
Australia,AU,AUS,Asia-Pacific,Investment,IMF IFS via DBnomics,Q.AU.NFI_R_SA_XDC,SA,Source seasonally adjusted,1983-01-01,31882
Australia,AU,AUS,Asia-Pacific,Investment,IMF IFS via DBnomics,Q.AU.NFI_R_SA_XDC,SA,Source seasonally adjusted,1983-04-01,31835
Australia,AU,AUS,Asia-Pacific,Investment,IMF IFS via DBnomics,Q.AU.NFI_R_SA_XDC,SA,Source seasonally adjusted,1983-07-01,33290
Australia,AU,AUS,Asia-Pacific,Investment,IMF IFS via DBnomics,Q.AU.NFI_R_SA_XDC,SA,Source seasonally adjusted,1983-10-01,34161
Australia,AU,AUS,Asia-Pacific,Investment,IMF IFS via DBnomics,Q.AU.NFI_R_SA_XDC,SA,Source seasonally adjusted,1984-01-01,34681
Australia,AU,AUS,Asia-Pacific,Investment,IMF IFS via DBnomics,Q.AU.NFI_R_SA_XDC,SA,Source seasonally adjusted,1984-04-01,36681
Australia,AU,AUS,Asia-Pacific,Investment,IMF IFS via DBnomics,Q.AU.NFI_R_SA_XDC,SA,Source seasonally adjusted,1984-07-01,36038
Australia,AU,AUS,Asia-Pacific,Investment,IMF IFS via DBnomics,Q.AU.NFI_R_SA_XDC,SA,Source seasonally adjusted,1984-10-01,36946
Australia,AU,AUS,Asia-Pacific,Investment,IMF IFS via DBnomics,Q.AU.NFI_R_SA_XDC,SA,Source seasonally adjusted,1985-01-01,39445
Australia,AU,AUS,Asia-Pacific,Investment,IMF IFS via DBnomics,Q.AU.NFI_R_SA_XDC,SA,Source seasonally adjusted,1985-04-01,39725
Australia,AU,AUS,Asia-Pacific,Investment,IMF IFS via DBnomics,Q.AU.NFI_R_SA_XDC,SA,Source seasonally adjusted,1985-07-01,41353
Australia,AU,AUS,Asia-Pacific,Investment,IMF IFS via DBnomics,Q.AU.NFI_R_SA_XDC,SA,Source seasonally adjusted,1985-10-01,40055
Australia,AU,AUS,Asia-Pacific,Investment,IMF IFS via DBnomics,Q.AU.NFI_R_SA_XDC,SA,Source seasonally adjusted,1986-01-01,39795
Australia,AU,AUS,Asia-Pacific,Investment,IMF IFS via DBnomics,Q.AU.NFI_R_SA_XDC,SA,Source seasonally adjusted,1986-04-01,39974
Australia,AU,AUS,Asia-Pacific,Investment,IMF IFS via DBnomics,Q.AU.NFI_R_SA_XDC,SA,Source seasonally adjusted,1986-07-01,39156
Australia,AU,AUS,Asia-Pacific,Investment,IMF IFS via DBnomics,Q.AU.NFI_R_SA_XDC,SA,Source seasonally adjusted,1986-10-01,41126
Australia,AU,AUS,Asia-Pacific,Investment,IMF IFS via DBnomics,Q.AU.NFI_R_SA_XDC,SA,Source seasonally adjusted,1987-01-01,39615
Australia,AU,AUS,Asia-Pacific,Investment,IMF IFS via DBnomics,Q.AU.NFI_R_SA_XDC,SA,Source seasonally adjusted,1987-04-01,41902
Australia,AU,AUS,Asia-Pacific,Investment,IMF IFS via DBnomics,Q.AU.NFI_R_SA_XDC,SA,Source seasonally adjusted,1987-07-01,41363
Australia,AU,AUS,Asia-Pacific,Investment,IMF IFS via DBnomics,Q.AU.NFI_R_SA_XDC,SA,Source seasonally adjusted,1987-10-01,43866
Australia,AU,AUS,Asia-Pacific,Investment,IMF IFS via DBnomics,Q.AU.NFI_R_SA_XDC,SA,Source seasonally adjusted,1988-01-01,44221
Australia,AU,AUS,Asia-Pacific,Investment,IMF IFS via DBnomics,Q.AU.NFI_R_SA_XDC,SA,Source seasonally adjusted,1988-04-01,44469
Australia,AU,AUS,Asia-Pacific,Investment,IMF IFS via DBnomics,Q.AU.NFI_R_SA_XDC,SA,Source seasonally adjusted,1988-07-01,45077
Australia,AU,AUS,Asia-Pacific,Investment,IMF IFS via DBnomics,Q.AU.NFI_R_SA_XDC,SA,Source seasonally adjusted,1988-10-01,47779
Australia,AU,AUS,Asia-Pacific,Investment,IMF IFS via DBnomics,Q.AU.NFI_R_SA_XDC,SA,Source seasonally adjusted,1989-01-01,49425
Australia,AU,AUS,Asia-Pacific,Investment,IMF IFS via DBnomics,Q.AU.NFI_R_SA_XDC,SA,Source seasonally adjusted,1989-04-01,50285
Australia,AU,AUS,Asia-Pacific,Investment,IMF IFS via DBnomics,Q.AU.NFI_R_SA_XDC,SA,Source seasonally adjusted,1989-07-01,50349
Australia,AU,AUS,Asia-Pacific,Investment,IMF IFS via DBnomics,Q.AU.NFI_R_SA_XDC,SA,Source seasonally adjusted,1989-10-01,48834
Australia,AU,AUS,Asia-Pacific,Investment,IMF IFS via DBnomics,Q.AU.NFI_R_SA_XDC,SA,Source seasonally adjusted,1990-01-01,48512
Australia,AU,AUS,Asia-Pacific,Investment,IMF IFS via DBnomics,Q.AU.NFI_R_SA_XDC,SA,Source seasonally adjusted,1990-04-01,46616
Australia,AU,AUS,Asia-Pacific,Investment,IMF IFS via DBnomics,Q.AU.NFI_R_SA_XDC,SA,Source seasonally adjusted,1990-07-01,46434
Australia,AU,AUS,Asia-Pacific,Investment,IMF IFS via DBnomics,Q.AU.NFI_R_SA_XDC,SA,Source seasonally adjusted,1990-10-01,44781
Australia,AU,AUS,Asia-Pacific,Investment,IMF IFS via DBnomics,Q.AU.NFI_R_SA_XDC,SA,Source seasonally adjusted,1991-01-01,42934
Australia,AU,AUS,Asia-Pacific,Investment,IMF IFS via DBnomics,Q.AU.NFI_R_SA_XDC,SA,Source seasonally adjusted,1991-04-01,41741
Australia,AU,AUS,Asia-Pacific,Investment,IMF IFS via DBnomics,Q.AU.NFI_R_SA_XDC,SA,Source seasonally adjusted,1991-07-01,42129
Australia,AU,AUS,Asia-Pacific,Investment,IMF IFS via DBnomics,Q.AU.NFI_R_SA_XDC,SA,Source seasonally adjusted,1991-10-01,42131
Australia,AU,AUS,Asia-Pacific,Investment,IMF IFS via DBnomics,Q.AU.NFI_R_SA_XDC,SA,Source seasonally adjusted,1992-01-01,42154
Australia,AU,AUS,Asia-Pacific,Investment,IMF IFS via DBnomics,Q.AU.NFI_R_SA_XDC,SA,Source seasonally adjusted,1992-04-01,42446
Australia,AU,AUS,Asia-Pacific,Investment,IMF IFS via DBnomics,Q.AU.NFI_R_SA_XDC,SA,Source seasonally adjusted,1992-07-01,42797
Australia,AU,AUS,Asia-Pacific,Investment,IMF IFS via DBnomics,Q.AU.NFI_R_SA_XDC,SA,Source seasonally adjusted,1992-10-01,46423
Australia,AU,AUS,Asia-Pacific,Investment,IMF IFS via DBnomics,Q.AU.NFI_R_SA_XDC,SA,Source seasonally adjusted,1993-01-01,45191
Australia,AU,AUS,Asia-Pacific,Investment,IMF IFS via DBnomics,Q.AU.NFI_R_SA_XDC,SA,Source seasonally adjusted,1993-04-01,45653
Australia,AU,AUS,Asia-Pacific,Investment,IMF IFS via DBnomics,Q.AU.NFI_R_SA_XDC,SA,Source seasonally adjusted,1993-07-01,45176
Australia,AU,AUS,Asia-Pacific,Investment,IMF IFS via DBnomics,Q.AU.NFI_R_SA_XDC,SA,Source seasonally adjusted,1993-10-01,46532
Australia,AU,AUS,Asia-Pacific,Investment,IMF IFS via DBnomics,Q.AU.NFI_R_SA_XDC,SA,Source seasonally adjusted,1994-01-01,47997
Australia,AU,AUS,Asia-Pacific,Investment,IMF IFS via DBnomics,Q.AU.NFI_R_SA_XDC,SA,Source seasonally adjusted,1994-04-01,50791
Australia,AU,AUS,Asia-Pacific,Investment,IMF IFS via DBnomics,Q.AU.NFI_R_SA_XDC,SA,Source seasonally adjusted,1994-07-01,53078
Australia,AU,AUS,Asia-Pacific,Investment,IMF IFS via DBnomics,Q.AU.NFI_R_SA_XDC,SA,Source seasonally adjusted,1994-10-01,54490
Australia,AU,AUS,Asia-Pacific,Investment,IMF IFS via DBnomics,Q.AU.NFI_R_SA_XDC,SA,Source seasonally adjusted,1995-01-01,52638
Australia,AU,AUS,Asia-Pacific,Investment,IMF IFS via DBnomics,Q.AU.NFI_R_SA_XDC,SA,Source seasonally adjusted,1995-04-01,51292
Australia,AU,AUS,Asia-Pacific,Investment,IMF IFS via DBnomics,Q.AU.NFI_R_SA_XDC,SA,Source seasonally adjusted,1995-07-01,54967
Australia,AU,AUS,Asia-Pacific,Investment,IMF IFS via DBnomics,Q.AU.NFI_R_SA_XDC,SA,Source seasonally adjusted,1995-10-01,51861
Australia,AU,AUS,Asia-Pacific,Investment,IMF IFS via DBnomics,Q.AU.NFI_R_SA_XDC,SA,Source seasonally adjusted,1996-01-01,53736
Australia,AU,AUS,Asia-Pacific,Investment,IMF IFS via DBnomics,Q.AU.NFI_R_SA_XDC,SA,Source seasonally adjusted,1996-04-01,56721
Australia,AU,AUS,Asia-Pacific,Investment,IMF IFS via DBnomics,Q.AU.NFI_R_SA_XDC,SA,Source seasonally adjusted,1996-07-01,53935
Australia,AU,AUS,Asia-Pacific,Investment,IMF IFS via DBnomics,Q.AU.NFI_R_SA_XDC,SA,Source seasonally adjusted,1996-10-01,55972
Australia,AU,AUS,Asia-Pacific,Investment,IMF IFS via DBnomics,Q.AU.NFI_R_SA_XDC,SA,Source seasonally adjusted,1997-01-01,59866
Australia,AU,AUS,Asia-Pacific,Investment,IMF IFS via DBnomics,Q.AU.NFI_R_SA_XDC,SA,Source seasonally adjusted,1997-04-01,61937
Australia,AU,AUS,Asia-Pacific,Investment,IMF IFS via DBnomics,Q.AU.NFI_R_SA_XDC,SA,Source seasonally adjusted,1997-07-01,61755
Australia,AU,AUS,Asia-Pacific,Investment,IMF IFS via DBnomics,Q.AU.NFI_R_SA_XDC,SA,Source seasonally adjusted,1997-10-01,64385
Australia,AU,AUS,Asia-Pacific,Investment,IMF IFS via DBnomics,Q.AU.NFI_R_SA_XDC,SA,Source seasonally adjusted,1998-01-01,64881
Australia,AU,AUS,Asia-Pacific,Investment,IMF IFS via DBnomics,Q.AU.NFI_R_SA_XDC,SA,Source seasonally adjusted,1998-04-01,63247
Australia,AU,AUS,Asia-Pacific,Investment,IMF IFS via DBnomics,Q.AU.NFI_R_SA_XDC,SA,Source seasonally adjusted,1998-07-01,65072
Australia,AU,AUS,Asia-Pacific,Investment,IMF IFS via DBnomics,Q.AU.NFI_R_SA_XDC,SA,Source seasonally adjusted,1998-10-01,67408
Australia,AU,AUS,Asia-Pacific,Investment,IMF IFS via DBnomics,Q.AU.NFI_R_SA_XDC,SA,Source seasonally adjusted,1999-01-01,66058
Australia,AU,AUS,Asia-Pacific,Investment,IMF IFS via DBnomics,Q.AU.NFI_R_SA_XDC,SA,Source seasonally adjusted,1999-04-01,67021
Australia,AU,AUS,Asia-Pacific,Investment,IMF IFS via DBnomics,Q.AU.NFI_R_SA_XDC,SA,Source seasonally adjusted,1999-07-01,70047
Australia,AU,AUS,Asia-Pacific,Investment,IMF IFS via DBnomics,Q.AU.NFI_R_SA_XDC,SA,Source seasonally adjusted,1999-10-01,70825
Australia,AU,AUS,Asia-Pacific,Investment,IMF IFS via DBnomics,Q.AU.NFI_R_SA_XDC,SA,Source seasonally adjusted,2000-01-01,71890
Australia,AU,AUS,Asia-Pacific,Investment,IMF IFS via DBnomics,Q.AU.NFI_R_SA_XDC,SA,Source seasonally adjusted,2000-04-01,74290
Australia,AU,AUS,Asia-Pacific,Investment,IMF IFS via DBnomics,Q.AU.NFI_R_SA_XDC,SA,Source seasonally adjusted,2000-07-01,70289
Australia,AU,AUS,Asia-Pacific,Investment,IMF IFS via DBnomics,Q.AU.NFI_R_SA_XDC,SA,Source seasonally adjusted,2000-10-01,63681
Australia,AU,AUS,Asia-Pacific,Investment,IMF IFS via DBnomics,Q.AU.NFI_R_SA_XDC,SA,Source seasonally adjusted,2001-01-01,64741
Australia,AU,AUS,Asia-Pacific,Investment,IMF IFS via DBnomics,Q.AU.NFI_R_SA_XDC,SA,Source seasonally adjusted,2001-04-01,65539
Australia,AU,AUS,Asia-Pacific,Investment,IMF IFS via DBnomics,Q.AU.NFI_R_SA_XDC,SA,Source seasonally adjusted,2001-07-01,68158
Australia,AU,AUS,Asia-Pacific,Investment,IMF IFS via DBnomics,Q.AU.NFI_R_SA_XDC,SA,Source seasonally adjusted,2001-10-01,70876
Australia,AU,AUS,Asia-Pacific,Investment,IMF IFS via DBnomics,Q.AU.NFI_R_SA_XDC,SA,Source seasonally adjusted,2002-01-01,72674
Australia,AU,AUS,Asia-Pacific,Investment,IMF IFS via DBnomics,Q.AU.NFI_R_SA_XDC,SA,Source seasonally adjusted,2002-04-01,76654
Australia,AU,AUS,Asia-Pacific,Investment,IMF IFS via DBnomics,Q.AU.NFI_R_SA_XDC,SA,Source seasonally adjusted,2002-07-01,77826
Australia,AU,AUS,Asia-Pacific,Investment,IMF IFS via DBnomics,Q.AU.NFI_R_SA_XDC,SA,Source seasonally adjusted,2002-10-01,82420
Australia,AU,AUS,Asia-Pacific,Investment,IMF IFS via DBnomics,Q.AU.NFI_R_SA_XDC,SA,Source seasonally adjusted,2003-01-01,82876
Australia,AU,AUS,Asia-Pacific,Investment,IMF IFS via DBnomics,Q.AU.NFI_R_SA_XDC,SA,Source seasonally adjusted,2003-04-01,81481
Australia,AU,AUS,Asia-Pacific,Investment,IMF IFS via DBnomics,Q.AU.NFI_R_SA_XDC,SA,Source seasonally adjusted,2003-07-01,84363
Australia,AU,AUS,Asia-Pacific,Investment,IMF IFS via DBnomics,Q.AU.NFI_R_SA_XDC,SA,Source seasonally adjusted,2003-10-01,88994
Australia,AU,AUS,Asia-Pacific,Investment,IMF IFS via DBnomics,Q.AU.NFI_R_SA_XDC,SA,Source seasonally adjusted,2004-01-01,89734
Australia,AU,AUS,Asia-Pacific,Investment,IMF IFS via DBnomics,Q.AU.NFI_R_SA_XDC,SA,Source seasonally adjusted,2004-04-01,89866
Australia,AU,AUS,Asia-Pacific,Investment,IMF IFS via DBnomics,Q.AU.NFI_R_SA_XDC,SA,Source seasonally adjusted,2004-07-01,90255
Australia,AU,AUS,Asia-Pacific,Investment,IMF IFS via DBnomics,Q.AU.NFI_R_SA_XDC,SA,Source seasonally adjusted,2004-10-01,93331
Australia,AU,AUS,Asia-Pacific,Investment,IMF IFS via DBnomics,Q.AU.NFI_R_SA_XDC,SA,Source seasonally adjusted,2005-01-01,92984
Australia,AU,AUS,Asia-Pacific,Investment,IMF IFS via DBnomics,Q.AU.NFI_R_SA_XDC,SA,Source seasonally adjusted,2005-04-01,97899
Australia,AU,AUS,Asia-Pacific,Investment,IMF IFS via DBnomics,Q.AU.NFI_R_SA_XDC,SA,Source seasonally adjusted,2005-07-01,99837
Australia,AU,AUS,Asia-Pacific,Investment,IMF IFS via DBnomics,Q.AU.NFI_R_SA_XDC,SA,Source seasonally adjusted,2005-10-01,102200
Australia,AU,AUS,Asia-Pacific,Investment,IMF IFS via DBnomics,Q.AU.NFI_R_SA_XDC,SA,Source seasonally adjusted,2006-01-01,101467
Australia,AU,AUS,Asia-Pacific,Investment,IMF IFS via DBnomics,Q.AU.NFI_R_SA_XDC,SA,Source seasonally adjusted,2006-04-01,101946
Australia,AU,AUS,Asia-Pacific,Investment,IMF IFS via DBnomics,Q.AU.NFI_R_SA_XDC,SA,Source seasonally adjusted,2006-07-01,102802
Australia,AU,AUS,Asia-Pacific,Investment,IMF IFS via DBnomics,Q.AU.NFI_R_SA_XDC,SA,Source seasonally adjusted,2006-10-01,102921
Australia,AU,AUS,Asia-Pacific,Investment,IMF IFS via DBnomics,Q.AU.NFI_R_SA_XDC,SA,Source seasonally adjusted,2007-01-01,106828
Australia,AU,AUS,Asia-Pacific,Investment,IMF IFS via DBnomics,Q.AU.NFI_R_SA_XDC,SA,Source seasonally adjusted,2007-04-01,111223
Australia,AU,AUS,Asia-Pacific,Investment,IMF IFS via DBnomics,Q.AU.NFI_R_SA_XDC,SA,Source seasonally adjusted,2007-07-01,110955
Australia,AU,AUS,Asia-Pacific,Investment,IMF IFS via DBnomics,Q.AU.NFI_R_SA_XDC,SA,Source seasonally adjusted,2007-10-01,113803
Australia,AU,AUS,Asia-Pacific,Investment,IMF IFS via DBnomics,Q.AU.NFI_R_SA_XDC,SA,Source seasonally adjusted,2008-01-01,116606
Australia,AU,AUS,Asia-Pacific,Investment,IMF IFS via DBnomics,Q.AU.NFI_R_SA_XDC,SA,Source seasonally adjusted,2008-04-01,119544
Australia,AU,AUS,Asia-Pacific,Investment,IMF IFS via DBnomics,Q.AU.NFI_R_SA_XDC,SA,Source seasonally adjusted,2008-07-01,120101
Australia,AU,AUS,Asia-Pacific,Investment,IMF IFS via DBnomics,Q.AU.NFI_R_SA_XDC,SA,Source seasonally adjusted,2008-10-01,118752
Australia,AU,AUS,Asia-Pacific,Investment,IMF IFS via DBnomics,Q.AU.NFI_R_SA_XDC,SA,Source seasonally adjusted,2009-01-01,115002
Australia,AU,AUS,Asia-Pacific,Investment,IMF IFS via DBnomics,Q.AU.NFI_R_SA_XDC,SA,Source seasonally adjusted,2009-04-01,114077
Australia,AU,AUS,Asia-Pacific,Investment,IMF IFS via DBnomics,Q.AU.NFI_R_SA_XDC,SA,Source seasonally adjusted,2009-07-01,114805
Australia,AU,AUS,Asia-Pacific,Investment,IMF IFS via DBnomics,Q.AU.NFI_R_SA_XDC,SA,Source seasonally adjusted,2009-10-01,120865
Australia,AU,AUS,Asia-Pacific,Investment,IMF IFS via DBnomics,Q.AU.NFI_R_SA_XDC,SA,Source seasonally adjusted,2010-01-01,120393
Australia,AU,AUS,Asia-Pacific,Investment,IMF IFS via DBnomics,Q.AU.NFI_R_SA_XDC,SA,Source seasonally adjusted,2010-04-01,120105
Australia,AU,AUS,Asia-Pacific,Investment,IMF IFS via DBnomics,Q.AU.NFI_R_SA_XDC,SA,Source seasonally adjusted,2010-07-01,121039
Australia,AU,AUS,Asia-Pacific,Investment,IMF IFS via DBnomics,Q.AU.NFI_R_SA_XDC,SA,Source seasonally adjusted,2010-10-01,121191
Australia,AU,AUS,Asia-Pacific,Investment,IMF IFS via DBnomics,Q.AU.NFI_R_SA_XDC,SA,Source seasonally adjusted,2011-01-01,125740
Australia,AU,AUS,Asia-Pacific,Investment,IMF IFS via DBnomics,Q.AU.NFI_R_SA_XDC,SA,Source seasonally adjusted,2011-04-01,125360
Australia,AU,AUS,Asia-Pacific,Investment,IMF IFS via DBnomics,Q.AU.NFI_R_SA_XDC,SA,Source seasonally adjusted,2011-07-01,134550
Australia,AU,AUS,Asia-Pacific,Investment,IMF IFS via DBnomics,Q.AU.NFI_R_SA_XDC,SA,Source seasonally adjusted,2011-10-01,134257
Australia,AU,AUS,Asia-Pacific,Investment,IMF IFS via DBnomics,Q.AU.NFI_R_SA_XDC,SA,Source seasonally adjusted,2012-01-01,138646
Australia,AU,AUS,Asia-Pacific,Investment,IMF IFS via DBnomics,Q.AU.NFI_R_SA_XDC,SA,Source seasonally adjusted,2012-04-01,143124
Australia,AU,AUS,Asia-Pacific,Investment,IMF IFS via DBnomics,Q.AU.NFI_R_SA_XDC,SA,Source seasonally adjusted,2012-07-01,143518
Australia,AU,AUS,Asia-Pacific,Investment,IMF IFS via DBnomics,Q.AU.NFI_R_SA_XDC,SA,Source seasonally adjusted,2012-10-01,143798
Australia,AU,AUS,Asia-Pacific,Investment,IMF IFS via DBnomics,Q.AU.NFI_R_SA_XDC,SA,Source seasonally adjusted,2013-01-01,141001
Australia,AU,AUS,Asia-Pacific,Investment,IMF IFS via DBnomics,Q.AU.NFI_R_SA_XDC,SA,Source seasonally adjusted,2013-04-01,138201
Australia,AU,AUS,Asia-Pacific,Investment,IMF IFS via DBnomics,Q.AU.NFI_R_SA_XDC,SA,Source seasonally adjusted,2013-07-01,140323
Australia,AU,AUS,Asia-Pacific,Investment,IMF IFS via DBnomics,Q.AU.NFI_R_SA_XDC,SA,Source seasonally adjusted,2013-10-01,139126
Australia,AU,AUS,Asia-Pacific,Investment,IMF IFS via DBnomics,Q.AU.NFI_R_SA_XDC,SA,Source seasonally adjusted,2014-01-01,138962
Australia,AU,AUS,Asia-Pacific,Investment,IMF IFS via DBnomics,Q.AU.NFI_R_SA_XDC,SA,Source seasonally adjusted,2014-04-01,137432
Australia,AU,AUS,Asia-Pacific,Investment,IMF IFS via DBnomics,Q.AU.NFI_R_SA_XDC,SA,Source seasonally adjusted,2014-07-01,135279
Australia,AU,AUS,Asia-Pacific,Investment,IMF IFS via DBnomics,Q.AU.NFI_R_SA_XDC,SA,Source seasonally adjusted,2014-10-01,134361
Australia,AU,AUS,Asia-Pacific,Investment,IMF IFS via DBnomics,Q.AU.NFI_R_SA_XDC,SA,Source seasonally adjusted,2015-01-01,133661
Australia,AU,AUS,Asia-Pacific,Investment,IMF IFS via DBnomics,Q.AU.NFI_R_SA_XDC,SA,Source seasonally adjusted,2015-04-01,132075
Australia,AU,AUS,Asia-Pacific,Investment,IMF IFS via DBnomics,Q.AU.NFI_R_SA_XDC,SA,Source seasonally adjusted,2015-07-01,129963
Australia,AU,AUS,Asia-Pacific,Investment,IMF IFS via DBnomics,Q.AU.NFI_R_SA_XDC,SA,Source seasonally adjusted,2015-10-01,129066
Australia,AU,AUS,Asia-Pacific,Investment,IMF IFS via DBnomics,Q.AU.NFI_R_SA_XDC,SA,Source seasonally adjusted,2016-01-01,129507
Australia,AU,AUS,Asia-Pacific,Investment,IMF IFS via DBnomics,Q.AU.NFI_R_SA_XDC,SA,Source seasonally adjusted,2016-04-01,127994
Australia,AU,AUS,Asia-Pacific,Investment,IMF IFS via DBnomics,Q.AU.NFI_R_SA_XDC,SA,Source seasonally adjusted,2016-07-01,125609
Australia,AU,AUS,Asia-Pacific,Investment,IMF IFS via DBnomics,Q.AU.NFI_R_SA_XDC,SA,Source seasonally adjusted,2016-10-01,129663
Australia,AU,AUS,Asia-Pacific,Investment,IMF IFS via DBnomics,Q.AU.NFI_R_SA_XDC,SA,Source seasonally adjusted,2017-01-01,130270
Australia,AU,AUS,Asia-Pacific,Investment,IMF IFS via DBnomics,Q.AU.NFI_R_SA_XDC,SA,Source seasonally adjusted,2017-04-01,131156
Australia,AU,AUS,Asia-Pacific,Investment,IMF IFS via DBnomics,Q.AU.NFI_R_SA_XDC,SA,Source seasonally adjusted,2017-07-01,134831
Australia,AU,AUS,Asia-Pacific,Investment,IMF IFS via DBnomics,Q.AU.NFI_R_SA_XDC,SA,Source seasonally adjusted,2017-10-01,134824
Australia,AU,AUS,Asia-Pacific,Investment,IMF IFS via DBnomics,Q.AU.NFI_R_SA_XDC,SA,Source seasonally adjusted,2018-01-01,136793
Australia,AU,AUS,Asia-Pacific,Investment,IMF IFS via DBnomics,Q.AU.NFI_R_SA_XDC,SA,Source seasonally adjusted,2018-04-01,135826
Australia,AU,AUS,Asia-Pacific,Investment,IMF IFS via DBnomics,Q.AU.NFI_R_SA_XDC,SA,Source seasonally adjusted,2018-07-01,136706
Australia,AU,AUS,Asia-Pacific,Investment,IMF IFS via DBnomics,Q.AU.NFI_R_SA_XDC,SA,Source seasonally adjusted,2018-10-01,134408
Australia,AU,AUS,Asia-Pacific,Investment,IMF IFS via DBnomics,Q.AU.NFI_R_SA_XDC,SA,Source seasonally adjusted,2019-01-01,133834
Australia,AU,AUS,Asia-Pacific,Investment,IMF IFS via DBnomics,Q.AU.NFI_R_SA_XDC,SA,Source seasonally adjusted,2019-04-01,131080
Australia,AU,AUS,Asia-Pacific,Investment,IMF IFS via DBnomics,Q.AU.NFI_R_SA_XDC,SA,Source seasonally adjusted,2019-07-01,133322
Australia,AU,AUS,Asia-Pacific,Investment,IMF IFS via DBnomics,Q.AU.NFI_R_SA_XDC,SA,Source seasonally adjusted,2019-10-01,133059
Australia,AU,AUS,Asia-Pacific,Investment,IMF IFS via DBnomics,Q.AU.NFI_R_SA_XDC,SA,Source seasonally adjusted,2020-01-01,132575
Australia,AU,AUS,Asia-Pacific,Investment,IMF IFS via DBnomics,Q.AU.NFI_R_SA_XDC,SA,Source seasonally adjusted,2020-04-01,125322
Australia,AU,AUS,Asia-Pacific,Investment,IMF IFS via DBnomics,Q.AU.NFI_R_SA_XDC,SA,Source seasonally adjusted,2020-07-01,127668
Australia,AU,AUS,Asia-Pacific,Investment,IMF IFS via DBnomics,Q.AU.NFI_R_SA_XDC,SA,Source seasonally adjusted,2020-10-01,133609
Australia,AU,AUS,Asia-Pacific,Investment,IMF IFS via DBnomics,Q.AU.NFI_R_SA_XDC,SA,Source seasonally adjusted,2021-01-01,140345
Australia,AU,AUS,Asia-Pacific,Investment,IMF IFS via DBnomics,Q.AU.NFI_R_SA_XDC,SA,Source seasonally adjusted,2021-04-01,143746
Australia,AU,AUS,Asia-Pacific,Investment,IMF IFS via DBnomics,Q.AU.NFI_R_SA_XDC,SA,Source seasonally adjusted,2021-07-01,144766
Australia,AU,AUS,Asia-Pacific,Investment,IMF IFS via DBnomics,Q.AU.NFI_R_SA_XDC,SA,Source seasonally adjusted,2021-10-01,145293
Australia,AU,AUS,Asia-Pacific,Investment,IMF IFS via DBnomics,Q.AU.NFI_R_SA_XDC,SA,Source seasonally adjusted,2022-01-01,146524
Australia,AU,AUS,Asia-Pacific,Investment,IMF IFS via DBnomics,Q.AU.NFI_R_SA_XDC,SA,Source seasonally adjusted,2022-04-01,146752
Australia,AU,AUS,Asia-Pacific,Investment,IMF IFS via DBnomics,Q.AU.NFI_R_SA_XDC,SA,Source seasonally adjusted,2022-07-01,147251
Australia,AU,AUS,Asia-Pacific,Investment,IMF IFS via DBnomics,Q.AU.NFI_R_SA_XDC,SA,Source seasonally adjusted,2022-10-01,146895
Australia,AU,AUS,Asia-Pacific,Investment,IMF IFS via DBnomics,Q.AU.NFI_R_SA_XDC,SA,Source seasonally adjusted,2023-01-01,149987
Australia,AU,AUS,Asia-Pacific,Investment,IMF IFS via DBnomics,Q.AU.NFI_R_SA_XDC,SA,Source seasonally adjusted,2023-04-01,153928
Australia,AU,AUS,Asia-Pacific,Investment,IMF IFS via DBnomics,Q.AU.NFI_R_SA_XDC,SA,Source seasonally adjusted,2023-07-01,155450
Australia,AU,AUS,Asia-Pacific,Investment,IMF IFS via DBnomics,Q.AU.NFI_R_SA_XDC,SA,Source seasonally adjusted,2023-10-01,155923
Australia,AU,AUS,Asia-Pacific,Investment,IMF IFS via DBnomics,Q.AU.NFI_R_SA_XDC,SA,Source seasonally adjusted,2024-01-01,155105
Australia,AU,AUS,Asia-Pacific,Investment,IMF IFS via DBnomics,Q.AU.NFI_R_SA_XDC,SA,Source seasonally adjusted,2024-04-01,156035
Australia,AU,AUS,Asia-Pacific,Investment,IMF IFS via DBnomics,Q.AU.NFI_R_SA_XDC,SA,Source seasonally adjusted,2024-07-01,158383
Australia,AU,AUS,Asia-Pacific,Investment,IMF IFS via DBnomics,Q.AU.NFI_R_SA_XDC,SA,Source seasonally adjusted,2024-10-01,159501
Australia,AU,AUS,Asia-Pacific,Investment,IMF IFS via DBnomics,Q.AU.NFI_R_SA_XDC,SA,Source seasonally adjusted,2025-01-01,159593
India,IN,IND,Asia-Pacific,Consumption,IMF IFS via DBnomics,Q.IN.NCP_R_SA_XDC,SA,Source seasonally adjusted,1996-04-01,4806488.4
India,IN,IND,Asia-Pacific,Consumption,IMF IFS via DBnomics,Q.IN.NCP_R_SA_XDC,SA,Source seasonally adjusted,1996-07-01,4816724.1
India,IN,IND,Asia-Pacific,Consumption,IMF IFS via DBnomics,Q.IN.NCP_R_SA_XDC,SA,Source seasonally adjusted,1996-10-01,4845776.7
India,IN,IND,Asia-Pacific,Consumption,IMF IFS via DBnomics,Q.IN.NCP_R_SA_XDC,SA,Source seasonally adjusted,1997-01-01,4891808.5
India,IN,IND,Asia-Pacific,Consumption,IMF IFS via DBnomics,Q.IN.NCP_R_SA_XDC,SA,Source seasonally adjusted,1997-04-01,4922471
India,IN,IND,Asia-Pacific,Consumption,IMF IFS via DBnomics,Q.IN.NCP_R_SA_XDC,SA,Source seasonally adjusted,1997-07-01,4994892
India,IN,IND,Asia-Pacific,Consumption,IMF IFS via DBnomics,Q.IN.NCP_R_SA_XDC,SA,Source seasonally adjusted,1997-10-01,4985029.4
India,IN,IND,Asia-Pacific,Consumption,IMF IFS via DBnomics,Q.IN.NCP_R_SA_XDC,SA,Source seasonally adjusted,1998-01-01,5037209.7
India,IN,IND,Asia-Pacific,Consumption,IMF IFS via DBnomics,Q.IN.NCP_R_SA_XDC,SA,Source seasonally adjusted,1998-04-01,5422096.9
India,IN,IND,Asia-Pacific,Consumption,IMF IFS via DBnomics,Q.IN.NCP_R_SA_XDC,SA,Source seasonally adjusted,1998-07-01,5461248.5
India,IN,IND,Asia-Pacific,Consumption,IMF IFS via DBnomics,Q.IN.NCP_R_SA_XDC,SA,Source seasonally adjusted,1998-10-01,4836368.5
India,IN,IND,Asia-Pacific,Consumption,IMF IFS via DBnomics,Q.IN.NCP_R_SA_XDC,SA,Source seasonally adjusted,1999-01-01,5516201.3
India,IN,IND,Asia-Pacific,Consumption,IMF IFS via DBnomics,Q.IN.NCP_R_SA_XDC,SA,Source seasonally adjusted,1999-04-01,5565333
India,IN,IND,Asia-Pacific,Consumption,IMF IFS via DBnomics,Q.IN.NCP_R_SA_XDC,SA,Source seasonally adjusted,1999-07-01,5580817.5
India,IN,IND,Asia-Pacific,Consumption,IMF IFS via DBnomics,Q.IN.NCP_R_SA_XDC,SA,Source seasonally adjusted,1999-10-01,5679899.6
India,IN,IND,Asia-Pacific,Consumption,IMF IFS via DBnomics,Q.IN.NCP_R_SA_XDC,SA,Source seasonally adjusted,2000-01-01,5700859.4
India,IN,IND,Asia-Pacific,Consumption,IMF IFS via DBnomics,Q.IN.NCP_R_SA_XDC,SA,Source seasonally adjusted,2000-04-01,5722597.3
India,IN,IND,Asia-Pacific,Consumption,IMF IFS via DBnomics,Q.IN.NCP_R_SA_XDC,SA,Source seasonally adjusted,2000-07-01,5791574.8
India,IN,IND,Asia-Pacific,Consumption,IMF IFS via DBnomics,Q.IN.NCP_R_SA_XDC,SA,Source seasonally adjusted,2000-10-01,5850863.2
India,IN,IND,Asia-Pacific,Consumption,IMF IFS via DBnomics,Q.IN.NCP_R_SA_XDC,SA,Source seasonally adjusted,2001-01-01,5936704.2
India,IN,IND,Asia-Pacific,Consumption,IMF IFS via DBnomics,Q.IN.NCP_R_SA_XDC,SA,Source seasonally adjusted,2001-04-01,6074348.6
India,IN,IND,Asia-Pacific,Consumption,IMF IFS via DBnomics,Q.IN.NCP_R_SA_XDC,SA,Source seasonally adjusted,2001-07-01,6140134.8
India,IN,IND,Asia-Pacific,Consumption,IMF IFS via DBnomics,Q.IN.NCP_R_SA_XDC,SA,Source seasonally adjusted,2001-10-01,6216874.8
India,IN,IND,Asia-Pacific,Consumption,IMF IFS via DBnomics,Q.IN.NCP_R_SA_XDC,SA,Source seasonally adjusted,2002-01-01,6257528.5
India,IN,IND,Asia-Pacific,Consumption,IMF IFS via DBnomics,Q.IN.NCP_R_SA_XDC,SA,Source seasonally adjusted,2002-04-01,6252563.5
India,IN,IND,Asia-Pacific,Consumption,IMF IFS via DBnomics,Q.IN.NCP_R_SA_XDC,SA,Source seasonally adjusted,2002-07-01,6297345.5
India,IN,IND,Asia-Pacific,Consumption,IMF IFS via DBnomics,Q.IN.NCP_R_SA_XDC,SA,Source seasonally adjusted,2002-10-01,6370325.3
India,IN,IND,Asia-Pacific,Consumption,IMF IFS via DBnomics,Q.IN.NCP_R_SA_XDC,SA,Source seasonally adjusted,2003-01-01,6477320
India,IN,IND,Asia-Pacific,Consumption,IMF IFS via DBnomics,Q.IN.NCP_R_SA_XDC,SA,Source seasonally adjusted,2003-04-01,6583161.6
India,IN,IND,Asia-Pacific,Consumption,IMF IFS via DBnomics,Q.IN.NCP_R_SA_XDC,SA,Source seasonally adjusted,2003-07-01,6680716.7
India,IN,IND,Asia-Pacific,Consumption,IMF IFS via DBnomics,Q.IN.NCP_R_SA_XDC,SA,Source seasonally adjusted,2003-10-01,6783284.7
India,IN,IND,Asia-Pacific,Consumption,IMF IFS via DBnomics,Q.IN.NCP_R_SA_XDC,SA,Source seasonally adjusted,2004-01-01,6855290.3
India,IN,IND,Asia-Pacific,Consumption,IMF IFS via DBnomics,Q.IN.NCP_R_SA_XDC,SA,Source seasonally adjusted,2004-04-01,6753135.3
India,IN,IND,Asia-Pacific,Consumption,IMF IFS via DBnomics,Q.IN.NCP_R_SA_XDC,SA,Source seasonally adjusted,2004-07-01,6873413.3
India,IN,IND,Asia-Pacific,Consumption,IMF IFS via DBnomics,Q.IN.NCP_R_SA_XDC,SA,Source seasonally adjusted,2004-10-01,7100170
India,IN,IND,Asia-Pacific,Consumption,IMF IFS via DBnomics,Q.IN.NCP_R_SA_XDC,SA,Source seasonally adjusted,2005-01-01,7237428
India,IN,IND,Asia-Pacific,Consumption,IMF IFS via DBnomics,Q.IN.NCP_R_SA_XDC,SA,Source seasonally adjusted,2005-04-01,7408077.8
India,IN,IND,Asia-Pacific,Consumption,IMF IFS via DBnomics,Q.IN.NCP_R_SA_XDC,SA,Source seasonally adjusted,2005-07-01,7469987.5
India,IN,IND,Asia-Pacific,Consumption,IMF IFS via DBnomics,Q.IN.NCP_R_SA_XDC,SA,Source seasonally adjusted,2005-10-01,7677284.9
India,IN,IND,Asia-Pacific,Consumption,IMF IFS via DBnomics,Q.IN.NCP_R_SA_XDC,SA,Source seasonally adjusted,2006-01-01,7826776.5
India,IN,IND,Asia-Pacific,Consumption,IMF IFS via DBnomics,Q.IN.NCP_R_SA_XDC,SA,Source seasonally adjusted,2006-04-01,7954916.3
India,IN,IND,Asia-Pacific,Consumption,IMF IFS via DBnomics,Q.IN.NCP_R_SA_XDC,SA,Source seasonally adjusted,2006-07-01,8233112.4
India,IN,IND,Asia-Pacific,Consumption,IMF IFS via DBnomics,Q.IN.NCP_R_SA_XDC,SA,Source seasonally adjusted,2006-10-01,8286256.5
India,IN,IND,Asia-Pacific,Consumption,IMF IFS via DBnomics,Q.IN.NCP_R_SA_XDC,SA,Source seasonally adjusted,2007-01-01,8483053.1
India,IN,IND,Asia-Pacific,Consumption,IMF IFS via DBnomics,Q.IN.NCP_R_SA_XDC,SA,Source seasonally adjusted,2007-04-01,8659226.4
India,IN,IND,Asia-Pacific,Consumption,IMF IFS via DBnomics,Q.IN.NCP_R_SA_XDC,SA,Source seasonally adjusted,2007-07-01,8898505.8
India,IN,IND,Asia-Pacific,Consumption,IMF IFS via DBnomics,Q.IN.NCP_R_SA_XDC,SA,Source seasonally adjusted,2007-10-01,9146201.7
India,IN,IND,Asia-Pacific,Consumption,IMF IFS via DBnomics,Q.IN.NCP_R_SA_XDC,SA,Source seasonally adjusted,2008-01-01,9337903.8
India,IN,IND,Asia-Pacific,Consumption,IMF IFS via DBnomics,Q.IN.NCP_R_SA_XDC,SA,Source seasonally adjusted,2008-04-01,9494625.9
India,IN,IND,Asia-Pacific,Consumption,IMF IFS via DBnomics,Q.IN.NCP_R_SA_XDC,SA,Source seasonally adjusted,2008-07-01,9559239.7
India,IN,IND,Asia-Pacific,Consumption,IMF IFS via DBnomics,Q.IN.NCP_R_SA_XDC,SA,Source seasonally adjusted,2008-10-01,9757225.5
India,IN,IND,Asia-Pacific,Consumption,IMF IFS via DBnomics,Q.IN.NCP_R_SA_XDC,SA,Source seasonally adjusted,2009-01-01,9829733.5
India,IN,IND,Asia-Pacific,Consumption,IMF IFS via DBnomics,Q.IN.NCP_R_SA_XDC,SA,Source seasonally adjusted,2009-04-01,10106305.4
India,IN,IND,Asia-Pacific,Consumption,IMF IFS via DBnomics,Q.IN.NCP_R_SA_XDC,SA,Source seasonally adjusted,2009-07-01,10384015.9
India,IN,IND,Asia-Pacific,Consumption,IMF IFS via DBnomics,Q.IN.NCP_R_SA_XDC,SA,Source seasonally adjusted,2009-10-01,10511699.2
India,IN,IND,Asia-Pacific,Consumption,IMF IFS via DBnomics,Q.IN.NCP_R_SA_XDC,SA,Source seasonally adjusted,2010-01-01,10492707.3
India,IN,IND,Asia-Pacific,Consumption,IMF IFS via DBnomics,Q.IN.NCP_R_SA_XDC,SA,Source seasonally adjusted,2010-04-01,10962226
India,IN,IND,Asia-Pacific,Consumption,IMF IFS via DBnomics,Q.IN.NCP_R_SA_XDC,SA,Source seasonally adjusted,2010-07-01,11293848.8
India,IN,IND,Asia-Pacific,Consumption,IMF IFS via DBnomics,Q.IN.NCP_R_SA_XDC,SA,Source seasonally adjusted,2010-10-01,11290988.2
India,IN,IND,Asia-Pacific,Consumption,IMF IFS via DBnomics,Q.IN.NCP_R_SA_XDC,SA,Source seasonally adjusted,2011-01-01,11550835.3
India,IN,IND,Asia-Pacific,Consumption,IMF IFS via DBnomics,Q.IN.NCP_R_SA_XDC,SA,Source seasonally adjusted,2011-04-01,12634187.5
India,IN,IND,Asia-Pacific,Consumption,IMF IFS via DBnomics,Q.IN.NCP_R_SA_XDC,SA,Source seasonally adjusted,2011-07-01,11776653
India,IN,IND,Asia-Pacific,Consumption,IMF IFS via DBnomics,Q.IN.NCP_R_SA_XDC,SA,Source seasonally adjusted,2011-10-01,12092622.5
India,IN,IND,Asia-Pacific,Consumption,IMF IFS via DBnomics,Q.IN.NCP_R_SA_XDC,SA,Source seasonally adjusted,2012-01-01,12601009.9
India,IN,IND,Asia-Pacific,Consumption,IMF IFS via DBnomics,Q.IN.NCP_R_SA_XDC,SA,Source seasonally adjusted,2012-04-01,12547927.4
India,IN,IND,Asia-Pacific,Consumption,IMF IFS via DBnomics,Q.IN.NCP_R_SA_XDC,SA,Source seasonally adjusted,2012-07-01,12835999.7
India,IN,IND,Asia-Pacific,Consumption,IMF IFS via DBnomics,Q.IN.NCP_R_SA_XDC,SA,Source seasonally adjusted,2012-10-01,13175639.7
India,IN,IND,Asia-Pacific,Consumption,IMF IFS via DBnomics,Q.IN.NCP_R_SA_XDC,SA,Source seasonally adjusted,2013-01-01,13231350.6
India,IN,IND,Asia-Pacific,Consumption,IMF IFS via DBnomics,Q.IN.NCP_R_SA_XDC,SA,Source seasonally adjusted,2013-04-01,13523940.4
India,IN,IND,Asia-Pacific,Consumption,IMF IFS via DBnomics,Q.IN.NCP_R_SA_XDC,SA,Source seasonally adjusted,2013-07-01,13628142.6
India,IN,IND,Asia-Pacific,Consumption,IMF IFS via DBnomics,Q.IN.NCP_R_SA_XDC,SA,Source seasonally adjusted,2013-10-01,14175953.5
India,IN,IND,Asia-Pacific,Consumption,IMF IFS via DBnomics,Q.IN.NCP_R_SA_XDC,SA,Source seasonally adjusted,2014-01-01,14245256.9
India,IN,IND,Asia-Pacific,Consumption,IMF IFS via DBnomics,Q.IN.NCP_R_SA_XDC,SA,Source seasonally adjusted,2014-04-01,14480993.7
India,IN,IND,Asia-Pacific,Consumption,IMF IFS via DBnomics,Q.IN.NCP_R_SA_XDC,SA,Source seasonally adjusted,2014-07-01,14737532.2
India,IN,IND,Asia-Pacific,Consumption,IMF IFS via DBnomics,Q.IN.NCP_R_SA_XDC,SA,Source seasonally adjusted,2014-10-01,14636572.3
India,IN,IND,Asia-Pacific,Consumption,IMF IFS via DBnomics,Q.IN.NCP_R_SA_XDC,SA,Source seasonally adjusted,2015-01-01,15271469
India,IN,IND,Asia-Pacific,Consumption,IMF IFS via DBnomics,Q.IN.NCP_R_SA_XDC,SA,Source seasonally adjusted,2015-04-01,15516597.9
India,IN,IND,Asia-Pacific,Consumption,IMF IFS via DBnomics,Q.IN.NCP_R_SA_XDC,SA,Source seasonally adjusted,2015-07-01,15747970.5
India,IN,IND,Asia-Pacific,Consumption,IMF IFS via DBnomics,Q.IN.NCP_R_SA_XDC,SA,Source seasonally adjusted,2015-10-01,15929536.9
India,IN,IND,Asia-Pacific,Consumption,IMF IFS via DBnomics,Q.IN.NCP_R_SA_XDC,SA,Source seasonally adjusted,2016-01-01,16620081.9
India,IN,IND,Asia-Pacific,Consumption,IMF IFS via DBnomics,Q.IN.NCP_R_SA_XDC,SA,Source seasonally adjusted,2016-04-01,16632797.7
India,IN,IND,Asia-Pacific,Consumption,IMF IFS via DBnomics,Q.IN.NCP_R_SA_XDC,SA,Source seasonally adjusted,2016-07-01,17211149.5
India,IN,IND,Asia-Pacific,Consumption,IMF IFS via DBnomics,Q.IN.NCP_R_SA_XDC,SA,Source seasonally adjusted,2016-10-01,17625819.4
India,IN,IND,Asia-Pacific,Consumption,IMF IFS via DBnomics,Q.IN.NCP_R_SA_XDC,SA,Source seasonally adjusted,2017-01-01,17532593.5
India,IN,IND,Asia-Pacific,Consumption,IMF IFS via DBnomics,Q.IN.NCP_R_SA_XDC,SA,Source seasonally adjusted,2017-04-01,18007821.6
India,IN,IND,Asia-Pacific,Consumption,IMF IFS via DBnomics,Q.IN.NCP_R_SA_XDC,SA,Source seasonally adjusted,2017-07-01,18035601.2
India,IN,IND,Asia-Pacific,Consumption,IMF IFS via DBnomics,Q.IN.NCP_R_SA_XDC,SA,Source seasonally adjusted,2017-10-01,18374140.1
India,IN,IND,Asia-Pacific,Consumption,IMF IFS via DBnomics,Q.IN.NCP_R_SA_XDC,SA,Source seasonally adjusted,2018-01-01,18889722
India,IN,IND,Asia-Pacific,Consumption,IMF IFS via DBnomics,Q.IN.NCP_R_SA_XDC,SA,Source seasonally adjusted,2018-04-01,19136129.4
India,IN,IND,Asia-Pacific,Consumption,IMF IFS via DBnomics,Q.IN.NCP_R_SA_XDC,SA,Source seasonally adjusted,2018-07-01,19503999.7
India,IN,IND,Asia-Pacific,Consumption,IMF IFS via DBnomics,Q.IN.NCP_R_SA_XDC,SA,Source seasonally adjusted,2018-10-01,19725843.5
India,IN,IND,Asia-Pacific,Consumption,IMF IFS via DBnomics,Q.IN.NCP_R_SA_XDC,SA,Source seasonally adjusted,2019-01-01,20138466.4
India,IN,IND,Asia-Pacific,Consumption,IMF IFS via DBnomics,Q.IN.NCP_R_SA_XDC,SA,Source seasonally adjusted,2019-04-01,20516052.5
India,IN,IND,Asia-Pacific,Consumption,IMF IFS via DBnomics,Q.IN.NCP_R_SA_XDC,SA,Source seasonally adjusted,2019-07-01,20621349
India,IN,IND,Asia-Pacific,Consumption,IMF IFS via DBnomics,Q.IN.NCP_R_SA_XDC,SA,Source seasonally adjusted,2019-10-01,20834473.3
India,IN,IND,Asia-Pacific,Consumption,IMF IFS via DBnomics,Q.IN.NCP_R_SA_XDC,SA,Source seasonally adjusted,2020-01-01,20590302.4
India,IN,IND,Asia-Pacific,Consumption,IMF IFS via DBnomics,Q.IN.NCP_R_SA_XDC,SA,Source seasonally adjusted,2020-04-01,15932649.8
India,IN,IND,Asia-Pacific,Consumption,IMF IFS via DBnomics,Q.IN.NCP_R_SA_XDC,SA,Source seasonally adjusted,2020-07-01,19115849.8
India,IN,IND,Asia-Pacific,Consumption,IMF IFS via DBnomics,Q.IN.NCP_R_SA_XDC,SA,Source seasonally adjusted,2020-10-01,21169604
India,IN,IND,Asia-Pacific,Consumption,IMF IFS via DBnomics,Q.IN.NCP_R_SA_XDC,SA,Source seasonally adjusted,2021-01-01,21976981.6
India,IN,IND,Asia-Pacific,Consumption,IMF IFS via DBnomics,Q.IN.NCP_R_SA_XDC,SA,Source seasonally adjusted,2021-04-01,19003305
India,IN,IND,Asia-Pacific,Consumption,IMF IFS via DBnomics,Q.IN.NCP_R_SA_XDC,SA,Source seasonally adjusted,2021-07-01,21779776.2
India,IN,IND,Asia-Pacific,Consumption,IMF IFS via DBnomics,Q.IN.NCP_R_SA_XDC,SA,Source seasonally adjusted,2021-10-01,23248001.9
India,IN,IND,Asia-Pacific,Consumption,IMF IFS via DBnomics,Q.IN.NCP_R_SA_XDC,SA,Source seasonally adjusted,2022-01-01,23294650.9
India,IN,IND,Asia-Pacific,Consumption,IMF IFS via DBnomics,Q.IN.NCP_R_SA_XDC,SA,Source seasonally adjusted,2022-04-01,22753873.4
India,IN,IND,Asia-Pacific,Consumption,IMF IFS via DBnomics,Q.IN.NCP_R_SA_XDC,SA,Source seasonally adjusted,2022-07-01,23653533.9
India,IN,IND,Asia-Pacific,Consumption,IMF IFS via DBnomics,Q.IN.NCP_R_SA_XDC,SA,Source seasonally adjusted,2022-10-01,23626498
India,IN,IND,Asia-Pacific,Consumption,IMF IFS via DBnomics,Q.IN.NCP_R_SA_XDC,SA,Source seasonally adjusted,2023-01-01,23815523.3
India,IN,IND,Asia-Pacific,Consumption,IMF IFS via DBnomics,Q.IN.NCP_R_SA_XDC,SA,Source seasonally adjusted,2023-04-01,24255542.2
India,IN,IND,Asia-Pacific,Consumption,IMF IFS via DBnomics,Q.IN.NCP_R_SA_XDC,SA,Source seasonally adjusted,2023-07-01,24482843.6
India,IN,IND,Asia-Pacific,Consumption,IMF IFS via DBnomics,Q.IN.NCP_R_SA_XDC,SA,Source seasonally adjusted,2023-10-01,24920526
India,IN,IND,Asia-Pacific,Consumption,IMF IFS via DBnomics,Q.IN.NCP_R_SA_XDC,SA,Source seasonally adjusted,2024-01-01,25408833.1
India,IN,IND,Asia-Pacific,Consumption,IMF IFS via DBnomics,Q.IN.NCP_R_SA_XDC,SA,Source seasonally adjusted,2024-04-01,26147011.2
India,IN,IND,Asia-Pacific,Consumption,IMF IFS via DBnomics,Q.IN.NCP_R_SA_XDC,SA,Source seasonally adjusted,2024-07-01,26183408.6
India,IN,IND,Asia-Pacific,Consumption,IMF IFS via DBnomics,Q.IN.NCP_R_SA_XDC,SA,Source seasonally adjusted,2024-10-01,26874518.9
India,IN,IND,Asia-Pacific,Consumption,IMF IFS via DBnomics,Q.IN.NCP_R_SA_XDC,SA,Source seasonally adjusted,2025-01-01,26990846.9
India,IN,IND,Asia-Pacific,Investment,IMF IFS via DBnomics,Q.IN.NFI_R_SA_XDC,SA,Source seasonally adjusted,1996-04-01,1780120.9
India,IN,IND,Asia-Pacific,Investment,IMF IFS via DBnomics,Q.IN.NFI_R_SA_XDC,SA,Source seasonally adjusted,1996-07-01,1830520.2
India,IN,IND,Asia-Pacific,Investment,IMF IFS via DBnomics,Q.IN.NFI_R_SA_XDC,SA,Source seasonally adjusted,1996-10-01,1864460.4
India,IN,IND,Asia-Pacific,Investment,IMF IFS via DBnomics,Q.IN.NFI_R_SA_XDC,SA,Source seasonally adjusted,1997-01-01,1922419
India,IN,IND,Asia-Pacific,Investment,IMF IFS via DBnomics,Q.IN.NFI_R_SA_XDC,SA,Source seasonally adjusted,1997-04-01,1914108.6
India,IN,IND,Asia-Pacific,Investment,IMF IFS via DBnomics,Q.IN.NFI_R_SA_XDC,SA,Source seasonally adjusted,1997-07-01,1934622.4
India,IN,IND,Asia-Pacific,Investment,IMF IFS via DBnomics,Q.IN.NFI_R_SA_XDC,SA,Source seasonally adjusted,1997-10-01,1990495.2
India,IN,IND,Asia-Pacific,Investment,IMF IFS via DBnomics,Q.IN.NFI_R_SA_XDC,SA,Source seasonally adjusted,1998-01-01,2002752.9
India,IN,IND,Asia-Pacific,Investment,IMF IFS via DBnomics,Q.IN.NFI_R_SA_XDC,SA,Source seasonally adjusted,1998-04-01,2041387.6
India,IN,IND,Asia-Pacific,Investment,IMF IFS via DBnomics,Q.IN.NFI_R_SA_XDC,SA,Source seasonally adjusted,1998-07-01,2080317.2
India,IN,IND,Asia-Pacific,Investment,IMF IFS via DBnomics,Q.IN.NFI_R_SA_XDC,SA,Source seasonally adjusted,1998-10-01,2129618.8
India,IN,IND,Asia-Pacific,Investment,IMF IFS via DBnomics,Q.IN.NFI_R_SA_XDC,SA,Source seasonally adjusted,1999-01-01,2170530.5
India,IN,IND,Asia-Pacific,Investment,IMF IFS via DBnomics,Q.IN.NFI_R_SA_XDC,SA,Source seasonally adjusted,1999-04-01,2283526.5
India,IN,IND,Asia-Pacific,Investment,IMF IFS via DBnomics,Q.IN.NFI_R_SA_XDC,SA,Source seasonally adjusted,1999-07-01,2329707.2
India,IN,IND,Asia-Pacific,Investment,IMF IFS via DBnomics,Q.IN.NFI_R_SA_XDC,SA,Source seasonally adjusted,1999-10-01,2336334
India,IN,IND,Asia-Pacific,Investment,IMF IFS via DBnomics,Q.IN.NFI_R_SA_XDC,SA,Source seasonally adjusted,2000-01-01,2416424.9
India,IN,IND,Asia-Pacific,Investment,IMF IFS via DBnomics,Q.IN.NFI_R_SA_XDC,SA,Source seasonally adjusted,2000-04-01,2361427
India,IN,IND,Asia-Pacific,Investment,IMF IFS via DBnomics,Q.IN.NFI_R_SA_XDC,SA,Source seasonally adjusted,2000-07-01,2356963.1
India,IN,IND,Asia-Pacific,Investment,IMF IFS via DBnomics,Q.IN.NFI_R_SA_XDC,SA,Source seasonally adjusted,2000-10-01,2334969.1
India,IN,IND,Asia-Pacific,Investment,IMF IFS via DBnomics,Q.IN.NFI_R_SA_XDC,SA,Source seasonally adjusted,2001-01-01,2311894.7
India,IN,IND,Asia-Pacific,Investment,IMF IFS via DBnomics,Q.IN.NFI_R_SA_XDC,SA,Source seasonally adjusted,2001-04-01,2462502.7
India,IN,IND,Asia-Pacific,Investment,IMF IFS via DBnomics,Q.IN.NFI_R_SA_XDC,SA,Source seasonally adjusted,2001-07-01,2446697.1
India,IN,IND,Asia-Pacific,Investment,IMF IFS via DBnomics,Q.IN.NFI_R_SA_XDC,SA,Source seasonally adjusted,2001-10-01,2548371.6
India,IN,IND,Asia-Pacific,Investment,IMF IFS via DBnomics,Q.IN.NFI_R_SA_XDC,SA,Source seasonally adjusted,2002-01-01,2597794.9
India,IN,IND,Asia-Pacific,Investment,IMF IFS via DBnomics,Q.IN.NFI_R_SA_XDC,SA,Source seasonally adjusted,2002-04-01,2585442.8
India,IN,IND,Asia-Pacific,Investment,IMF IFS via DBnomics,Q.IN.NFI_R_SA_XDC,SA,Source seasonally adjusted,2002-07-01,2651166.6
India,IN,IND,Asia-Pacific,Investment,IMF IFS via DBnomics,Q.IN.NFI_R_SA_XDC,SA,Source seasonally adjusted,2002-10-01,2746591.2
India,IN,IND,Asia-Pacific,Investment,IMF IFS via DBnomics,Q.IN.NFI_R_SA_XDC,SA,Source seasonally adjusted,2003-01-01,2755485.7
India,IN,IND,Asia-Pacific,Investment,IMF IFS via DBnomics,Q.IN.NFI_R_SA_XDC,SA,Source seasonally adjusted,2003-04-01,2864913.5
India,IN,IND,Asia-Pacific,Investment,IMF IFS via DBnomics,Q.IN.NFI_R_SA_XDC,SA,Source seasonally adjusted,2003-07-01,3033059.4
India,IN,IND,Asia-Pacific,Investment,IMF IFS via DBnomics,Q.IN.NFI_R_SA_XDC,SA,Source seasonally adjusted,2003-10-01,3064411.2
India,IN,IND,Asia-Pacific,Investment,IMF IFS via DBnomics,Q.IN.NFI_R_SA_XDC,SA,Source seasonally adjusted,2004-01-01,3238261.1
India,IN,IND,Asia-Pacific,Investment,IMF IFS via DBnomics,Q.IN.NFI_R_SA_XDC,SA,Source seasonally adjusted,2004-04-01,3480989.6
India,IN,IND,Asia-Pacific,Investment,IMF IFS via DBnomics,Q.IN.NFI_R_SA_XDC,SA,Source seasonally adjusted,2004-07-01,3611425.9
India,IN,IND,Asia-Pacific,Investment,IMF IFS via DBnomics,Q.IN.NFI_R_SA_XDC,SA,Source seasonally adjusted,2004-10-01,3701193.2
India,IN,IND,Asia-Pacific,Investment,IMF IFS via DBnomics,Q.IN.NFI_R_SA_XDC,SA,Source seasonally adjusted,2005-01-01,3847657.6
India,IN,IND,Asia-Pacific,Investment,IMF IFS via DBnomics,Q.IN.NFI_R_SA_XDC,SA,Source seasonally adjusted,2005-04-01,4023074.7
India,IN,IND,Asia-Pacific,Investment,IMF IFS via DBnomics,Q.IN.NFI_R_SA_XDC,SA,Source seasonally adjusted,2005-07-01,4173183.5
India,IN,IND,Asia-Pacific,Investment,IMF IFS via DBnomics,Q.IN.NFI_R_SA_XDC,SA,Source seasonally adjusted,2005-10-01,4332929.6
India,IN,IND,Asia-Pacific,Investment,IMF IFS via DBnomics,Q.IN.NFI_R_SA_XDC,SA,Source seasonally adjusted,2006-01-01,4482988.9
India,IN,IND,Asia-Pacific,Investment,IMF IFS via DBnomics,Q.IN.NFI_R_SA_XDC,SA,Source seasonally adjusted,2006-04-01,4529873.2
India,IN,IND,Asia-Pacific,Investment,IMF IFS via DBnomics,Q.IN.NFI_R_SA_XDC,SA,Source seasonally adjusted,2006-07-01,4651189.4
India,IN,IND,Asia-Pacific,Investment,IMF IFS via DBnomics,Q.IN.NFI_R_SA_XDC,SA,Source seasonally adjusted,2006-10-01,4979248.1
India,IN,IND,Asia-Pacific,Investment,IMF IFS via DBnomics,Q.IN.NFI_R_SA_XDC,SA,Source seasonally adjusted,2007-01-01,5202458.9
India,IN,IND,Asia-Pacific,Investment,IMF IFS via DBnomics,Q.IN.NFI_R_SA_XDC,SA,Source seasonally adjusted,2007-04-01,5366980.6
India,IN,IND,Asia-Pacific,Investment,IMF IFS via DBnomics,Q.IN.NFI_R_SA_XDC,SA,Source seasonally adjusted,2007-07-01,5542394.9
India,IN,IND,Asia-Pacific,Investment,IMF IFS via DBnomics,Q.IN.NFI_R_SA_XDC,SA,Source seasonally adjusted,2007-10-01,5750339.4
India,IN,IND,Asia-Pacific,Investment,IMF IFS via DBnomics,Q.IN.NFI_R_SA_XDC,SA,Source seasonally adjusted,2008-01-01,5840354.1
India,IN,IND,Asia-Pacific,Investment,IMF IFS via DBnomics,Q.IN.NFI_R_SA_XDC,SA,Source seasonally adjusted,2008-04-01,6073683.9
India,IN,IND,Asia-Pacific,Investment,IMF IFS via DBnomics,Q.IN.NFI_R_SA_XDC,SA,Source seasonally adjusted,2008-07-01,6040152.7
India,IN,IND,Asia-Pacific,Investment,IMF IFS via DBnomics,Q.IN.NFI_R_SA_XDC,SA,Source seasonally adjusted,2008-10-01,5876474.1
India,IN,IND,Asia-Pacific,Investment,IMF IFS via DBnomics,Q.IN.NFI_R_SA_XDC,SA,Source seasonally adjusted,2009-01-01,5298889.9
India,IN,IND,Asia-Pacific,Investment,IMF IFS via DBnomics,Q.IN.NFI_R_SA_XDC,SA,Source seasonally adjusted,2009-04-01,5942206.3
India,IN,IND,Asia-Pacific,Investment,IMF IFS via DBnomics,Q.IN.NFI_R_SA_XDC,SA,Source seasonally adjusted,2009-07-01,6242652.4
India,IN,IND,Asia-Pacific,Investment,IMF IFS via DBnomics,Q.IN.NFI_R_SA_XDC,SA,Source seasonally adjusted,2009-10-01,6294516.1
India,IN,IND,Asia-Pacific,Investment,IMF IFS via DBnomics,Q.IN.NFI_R_SA_XDC,SA,Source seasonally adjusted,2010-01-01,6595206.7
India,IN,IND,Asia-Pacific,Investment,IMF IFS via DBnomics,Q.IN.NFI_R_SA_XDC,SA,Source seasonally adjusted,2010-04-01,6658961.6
India,IN,IND,Asia-Pacific,Investment,IMF IFS via DBnomics,Q.IN.NFI_R_SA_XDC,SA,Source seasonally adjusted,2010-07-01,6909602.3
India,IN,IND,Asia-Pacific,Investment,IMF IFS via DBnomics,Q.IN.NFI_R_SA_XDC,SA,Source seasonally adjusted,2010-10-01,7203062.1
India,IN,IND,Asia-Pacific,Investment,IMF IFS via DBnomics,Q.IN.NFI_R_SA_XDC,SA,Source seasonally adjusted,2011-01-01,7059979.2
India,IN,IND,Asia-Pacific,Investment,IMF IFS via DBnomics,Q.IN.NFI_R_SA_XDC,SA,Source seasonally adjusted,2011-04-01,7240690.9
India,IN,IND,Asia-Pacific,Investment,IMF IFS via DBnomics,Q.IN.NFI_R_SA_XDC,SA,Source seasonally adjusted,2011-07-01,7395657.8
India,IN,IND,Asia-Pacific,Investment,IMF IFS via DBnomics,Q.IN.NFI_R_SA_XDC,SA,Source seasonally adjusted,2011-10-01,7581656.5
India,IN,IND,Asia-Pacific,Investment,IMF IFS via DBnomics,Q.IN.NFI_R_SA_XDC,SA,Source seasonally adjusted,2012-01-01,7759321.6
India,IN,IND,Asia-Pacific,Investment,IMF IFS via DBnomics,Q.IN.NFI_R_SA_XDC,SA,Source seasonally adjusted,2012-04-01,7830297.2
India,IN,IND,Asia-Pacific,Investment,IMF IFS via DBnomics,Q.IN.NFI_R_SA_XDC,SA,Source seasonally adjusted,2012-07-01,7813156.2
India,IN,IND,Asia-Pacific,Investment,IMF IFS via DBnomics,Q.IN.NFI_R_SA_XDC,SA,Source seasonally adjusted,2012-10-01,7809039
India,IN,IND,Asia-Pacific,Investment,IMF IFS via DBnomics,Q.IN.NFI_R_SA_XDC,SA,Source seasonally adjusted,2013-01-01,8005439.6
India,IN,IND,Asia-Pacific,Investment,IMF IFS via DBnomics,Q.IN.NFI_R_SA_XDC,SA,Source seasonally adjusted,2013-04-01,7965211
India,IN,IND,Asia-Pacific,Investment,IMF IFS via DBnomics,Q.IN.NFI_R_SA_XDC,SA,Source seasonally adjusted,2013-07-01,7928087.6
India,IN,IND,Asia-Pacific,Investment,IMF IFS via DBnomics,Q.IN.NFI_R_SA_XDC,SA,Source seasonally adjusted,2013-10-01,8026731.4
India,IN,IND,Asia-Pacific,Investment,IMF IFS via DBnomics,Q.IN.NFI_R_SA_XDC,SA,Source seasonally adjusted,2014-01-01,8029213
India,IN,IND,Asia-Pacific,Investment,IMF IFS via DBnomics,Q.IN.NFI_R_SA_XDC,SA,Source seasonally adjusted,2014-04-01,8133916.8
India,IN,IND,Asia-Pacific,Investment,IMF IFS via DBnomics,Q.IN.NFI_R_SA_XDC,SA,Source seasonally adjusted,2014-07-01,8283748.5
India,IN,IND,Asia-Pacific,Investment,IMF IFS via DBnomics,Q.IN.NFI_R_SA_XDC,SA,Source seasonally adjusted,2014-10-01,8096724.8
India,IN,IND,Asia-Pacific,Investment,IMF IFS via DBnomics,Q.IN.NFI_R_SA_XDC,SA,Source seasonally adjusted,2015-01-01,8266570.8
India,IN,IND,Asia-Pacific,Investment,IMF IFS via DBnomics,Q.IN.NFI_R_SA_XDC,SA,Source seasonally adjusted,2015-04-01,8385101.1
India,IN,IND,Asia-Pacific,Investment,IMF IFS via DBnomics,Q.IN.NFI_R_SA_XDC,SA,Source seasonally adjusted,2015-07-01,8615906.9
India,IN,IND,Asia-Pacific,Investment,IMF IFS via DBnomics,Q.IN.NFI_R_SA_XDC,SA,Source seasonally adjusted,2015-10-01,8909317.1
India,IN,IND,Asia-Pacific,Investment,IMF IFS via DBnomics,Q.IN.NFI_R_SA_XDC,SA,Source seasonally adjusted,2016-01-01,9011505.4
India,IN,IND,Asia-Pacific,Investment,IMF IFS via DBnomics,Q.IN.NFI_R_SA_XDC,SA,Source seasonally adjusted,2016-04-01,9496507.7
India,IN,IND,Asia-Pacific,Investment,IMF IFS via DBnomics,Q.IN.NFI_R_SA_XDC,SA,Source seasonally adjusted,2016-07-01,9378178.6
India,IN,IND,Asia-Pacific,Investment,IMF IFS via DBnomics,Q.IN.NFI_R_SA_XDC,SA,Source seasonally adjusted,2016-10-01,9480562
India,IN,IND,Asia-Pacific,Investment,IMF IFS via DBnomics,Q.IN.NFI_R_SA_XDC,SA,Source seasonally adjusted,2017-01-01,9520424.7
India,IN,IND,Asia-Pacific,Investment,IMF IFS via DBnomics,Q.IN.NFI_R_SA_XDC,SA,Source seasonally adjusted,2017-04-01,9620790.3
India,IN,IND,Asia-Pacific,Investment,IMF IFS via DBnomics,Q.IN.NFI_R_SA_XDC,SA,Source seasonally adjusted,2017-07-01,10046847.9
India,IN,IND,Asia-Pacific,Investment,IMF IFS via DBnomics,Q.IN.NFI_R_SA_XDC,SA,Source seasonally adjusted,2017-10-01,10330407
India,IN,IND,Asia-Pacific,Investment,IMF IFS via DBnomics,Q.IN.NFI_R_SA_XDC,SA,Source seasonally adjusted,2018-01-01,10832745.7
India,IN,IND,Asia-Pacific,Investment,IMF IFS via DBnomics,Q.IN.NFI_R_SA_XDC,SA,Source seasonally adjusted,2018-04-01,10973539.2
India,IN,IND,Asia-Pacific,Investment,IMF IFS via DBnomics,Q.IN.NFI_R_SA_XDC,SA,Source seasonally adjusted,2018-07-01,11407193.8
India,IN,IND,Asia-Pacific,Investment,IMF IFS via DBnomics,Q.IN.NFI_R_SA_XDC,SA,Source seasonally adjusted,2018-10-01,11634706.5
India,IN,IND,Asia-Pacific,Investment,IMF IFS via DBnomics,Q.IN.NFI_R_SA_XDC,SA,Source seasonally adjusted,2019-01-01,11389652.9
India,IN,IND,Asia-Pacific,Investment,IMF IFS via DBnomics,Q.IN.NFI_R_SA_XDC,SA,Source seasonally adjusted,2019-04-01,11838929.7
India,IN,IND,Asia-Pacific,Investment,IMF IFS via DBnomics,Q.IN.NFI_R_SA_XDC,SA,Source seasonally adjusted,2019-07-01,11416470.9
India,IN,IND,Asia-Pacific,Investment,IMF IFS via DBnomics,Q.IN.NFI_R_SA_XDC,SA,Source seasonally adjusted,2019-10-01,11470853
India,IN,IND,Asia-Pacific,Investment,IMF IFS via DBnomics,Q.IN.NFI_R_SA_XDC,SA,Source seasonally adjusted,2020-01-01,11199536.1
India,IN,IND,Asia-Pacific,Investment,IMF IFS via DBnomics,Q.IN.NFI_R_SA_XDC,SA,Source seasonally adjusted,2020-04-01,6846023.1
India,IN,IND,Asia-Pacific,Investment,IMF IFS via DBnomics,Q.IN.NFI_R_SA_XDC,SA,Source seasonally adjusted,2020-07-01,11223590.9
India,IN,IND,Asia-Pacific,Investment,IMF IFS via DBnomics,Q.IN.NFI_R_SA_XDC,SA,Source seasonally adjusted,2020-10-01,12085687.5
India,IN,IND,Asia-Pacific,Investment,IMF IFS via DBnomics,Q.IN.NFI_R_SA_XDC,SA,Source seasonally adjusted,2021-01-01,12511541.3
India,IN,IND,Asia-Pacific,Investment,IMF IFS via DBnomics,Q.IN.NFI_R_SA_XDC,SA,Source seasonally adjusted,2021-04-01,11385146.8
India,IN,IND,Asia-Pacific,Investment,IMF IFS via DBnomics,Q.IN.NFI_R_SA_XDC,SA,Source seasonally adjusted,2021-07-01,12813155.6
India,IN,IND,Asia-Pacific,Investment,IMF IFS via DBnomics,Q.IN.NFI_R_SA_XDC,SA,Source seasonally adjusted,2021-10-01,12688811.1
India,IN,IND,Asia-Pacific,Investment,IMF IFS via DBnomics,Q.IN.NFI_R_SA_XDC,SA,Source seasonally adjusted,2022-01-01,13255517.7
India,IN,IND,Asia-Pacific,Investment,IMF IFS via DBnomics,Q.IN.NFI_R_SA_XDC,SA,Source seasonally adjusted,2022-04-01,13218598.7
India,IN,IND,Asia-Pacific,Investment,IMF IFS via DBnomics,Q.IN.NFI_R_SA_XDC,SA,Source seasonally adjusted,2022-07-01,13451088.6
India,IN,IND,Asia-Pacific,Investment,IMF IFS via DBnomics,Q.IN.NFI_R_SA_XDC,SA,Source seasonally adjusted,2022-10-01,13657724.5
India,IN,IND,Asia-Pacific,Investment,IMF IFS via DBnomics,Q.IN.NFI_R_SA_XDC,SA,Source seasonally adjusted,2023-01-01,14049835.9
India,IN,IND,Asia-Pacific,Investment,IMF IFS via DBnomics,Q.IN.NFI_R_SA_XDC,SA,Source seasonally adjusted,2023-04-01,14356782.9
India,IN,IND,Asia-Pacific,Investment,IMF IFS via DBnomics,Q.IN.NFI_R_SA_XDC,SA,Source seasonally adjusted,2023-07-01,14844983.4
India,IN,IND,Asia-Pacific,Investment,IMF IFS via DBnomics,Q.IN.NFI_R_SA_XDC,SA,Source seasonally adjusted,2023-10-01,14988216.4
India,IN,IND,Asia-Pacific,Investment,IMF IFS via DBnomics,Q.IN.NFI_R_SA_XDC,SA,Source seasonally adjusted,2024-01-01,14962898.9
India,IN,IND,Asia-Pacific,Investment,IMF IFS via DBnomics,Q.IN.NFI_R_SA_XDC,SA,Source seasonally adjusted,2024-04-01,15338356.9
India,IN,IND,Asia-Pacific,Investment,IMF IFS via DBnomics,Q.IN.NFI_R_SA_XDC,SA,Source seasonally adjusted,2024-07-01,15768848.7
India,IN,IND,Asia-Pacific,Investment,IMF IFS via DBnomics,Q.IN.NFI_R_SA_XDC,SA,Source seasonally adjusted,2024-10-01,15842785.5
India,IN,IND,Asia-Pacific,Investment,IMF IFS via DBnomics,Q.IN.NFI_R_SA_XDC,SA,Source seasonally adjusted,2025-01-01,16380851.1
Indonesia,ID,IDN,Focus,Consumption,IMF IFS via DBnomics,Q.ID.NCP_R_SA_XDC,SA,Source seasonally adjusted,2000-01-01,627061835.4
Indonesia,ID,IDN,Focus,Consumption,IMF IFS via DBnomics,Q.ID.NCP_R_SA_XDC,SA,Source seasonally adjusted,2000-04-01,638590166.8
Indonesia,ID,IDN,Focus,Consumption,IMF IFS via DBnomics,Q.ID.NCP_R_SA_XDC,SA,Source seasonally adjusted,2000-07-01,637339229.6
Indonesia,ID,IDN,Focus,Consumption,IMF IFS via DBnomics,Q.ID.NCP_R_SA_XDC,SA,Source seasonally adjusted,2000-10-01,643440117.3
Indonesia,ID,IDN,Focus,Consumption,IMF IFS via DBnomics,Q.ID.NCP_R_SA_XDC,SA,Source seasonally adjusted,2001-01-01,648801720.9
Indonesia,ID,IDN,Focus,Consumption,IMF IFS via DBnomics,Q.ID.NCP_R_SA_XDC,SA,Source seasonally adjusted,2001-04-01,655332051.1
Indonesia,ID,IDN,Focus,Consumption,IMF IFS via DBnomics,Q.ID.NCP_R_SA_XDC,SA,Source seasonally adjusted,2001-07-01,662548295.5
Indonesia,ID,IDN,Focus,Consumption,IMF IFS via DBnomics,Q.ID.NCP_R_SA_XDC,SA,Source seasonally adjusted,2001-10-01,668725062.5
Indonesia,ID,IDN,Focus,Consumption,IMF IFS via DBnomics,Q.ID.NCP_R_SA_XDC,SA,Source seasonally adjusted,2002-01-01,675684500.2
Indonesia,ID,IDN,Focus,Consumption,IMF IFS via DBnomics,Q.ID.NCP_R_SA_XDC,SA,Source seasonally adjusted,2002-04-01,681635322.1
Indonesia,ID,IDN,Focus,Consumption,IMF IFS via DBnomics,Q.ID.NCP_R_SA_XDC,SA,Source seasonally adjusted,2002-07-01,686468286.9
Indonesia,ID,IDN,Focus,Consumption,IMF IFS via DBnomics,Q.ID.NCP_R_SA_XDC,SA,Source seasonally adjusted,2002-10-01,692708504.3
Indonesia,ID,IDN,Focus,Consumption,IMF IFS via DBnomics,Q.ID.NCP_R_SA_XDC,SA,Source seasonally adjusted,2003-01-01,698573787.3
Indonesia,ID,IDN,Focus,Consumption,IMF IFS via DBnomics,Q.ID.NCP_R_SA_XDC,SA,Source seasonally adjusted,2003-04-01,705446067.2
Indonesia,ID,IDN,Focus,Consumption,IMF IFS via DBnomics,Q.ID.NCP_R_SA_XDC,SA,Source seasonally adjusted,2003-07-01,712719244.4
Indonesia,ID,IDN,Focus,Consumption,IMF IFS via DBnomics,Q.ID.NCP_R_SA_XDC,SA,Source seasonally adjusted,2003-10-01,726286409.4
Indonesia,ID,IDN,Focus,Consumption,IMF IFS via DBnomics,Q.ID.NCP_R_SA_XDC,SA,Source seasonally adjusted,2004-01-01,737630503
Indonesia,ID,IDN,Focus,Consumption,IMF IFS via DBnomics,Q.ID.NCP_R_SA_XDC,SA,Source seasonally adjusted,2004-04-01,742824012.4
Indonesia,ID,IDN,Focus,Consumption,IMF IFS via DBnomics,Q.ID.NCP_R_SA_XDC,SA,Source seasonally adjusted,2004-07-01,748311787.3
Indonesia,ID,IDN,Focus,Consumption,IMF IFS via DBnomics,Q.ID.NCP_R_SA_XDC,SA,Source seasonally adjusted,2004-10-01,755477055.1
Indonesia,ID,IDN,Focus,Consumption,IMF IFS via DBnomics,Q.ID.NCP_R_SA_XDC,SA,Source seasonally adjusted,2005-01-01,763611575.8
Indonesia,ID,IDN,Focus,Consumption,IMF IFS via DBnomics,Q.ID.NCP_R_SA_XDC,SA,Source seasonally adjusted,2005-04-01,771394960.2
Indonesia,ID,IDN,Focus,Consumption,IMF IFS via DBnomics,Q.ID.NCP_R_SA_XDC,SA,Source seasonally adjusted,2005-07-01,780436992.6
Indonesia,ID,IDN,Focus,Consumption,IMF IFS via DBnomics,Q.ID.NCP_R_SA_XDC,SA,Source seasonally adjusted,2005-10-01,786777880.2
Indonesia,ID,IDN,Focus,Consumption,IMF IFS via DBnomics,Q.ID.NCP_R_SA_XDC,SA,Source seasonally adjusted,2006-01-01,787029553.9
Indonesia,ID,IDN,Focus,Consumption,IMF IFS via DBnomics,Q.ID.NCP_R_SA_XDC,SA,Source seasonally adjusted,2006-04-01,795653746.7
Indonesia,ID,IDN,Focus,Consumption,IMF IFS via DBnomics,Q.ID.NCP_R_SA_XDC,SA,Source seasonally adjusted,2006-07-01,803827059.8
Indonesia,ID,IDN,Focus,Consumption,IMF IFS via DBnomics,Q.ID.NCP_R_SA_XDC,SA,Source seasonally adjusted,2006-10-01,814153640.5
Indonesia,ID,IDN,Focus,Consumption,IMF IFS via DBnomics,Q.ID.NCP_R_SA_XDC,SA,Source seasonally adjusted,2007-01-01,823357924.2
Indonesia,ID,IDN,Focus,Consumption,IMF IFS via DBnomics,Q.ID.NCP_R_SA_XDC,SA,Source seasonally adjusted,2007-04-01,834057199.3
Indonesia,ID,IDN,Focus,Consumption,IMF IFS via DBnomics,Q.ID.NCP_R_SA_XDC,SA,Source seasonally adjusted,2007-07-01,845610326.3
Indonesia,ID,IDN,Focus,Consumption,IMF IFS via DBnomics,Q.ID.NCP_R_SA_XDC,SA,Source seasonally adjusted,2007-10-01,857887505.8
Indonesia,ID,IDN,Focus,Consumption,IMF IFS via DBnomics,Q.ID.NCP_R_SA_XDC,SA,Source seasonally adjusted,2008-01-01,869215034.6
Indonesia,ID,IDN,Focus,Consumption,IMF IFS via DBnomics,Q.ID.NCP_R_SA_XDC,SA,Source seasonally adjusted,2008-04-01,880489650.2
Indonesia,ID,IDN,Focus,Consumption,IMF IFS via DBnomics,Q.ID.NCP_R_SA_XDC,SA,Source seasonally adjusted,2008-07-01,889764715.2
Indonesia,ID,IDN,Focus,Consumption,IMF IFS via DBnomics,Q.ID.NCP_R_SA_XDC,SA,Source seasonally adjusted,2008-10-01,900786919.6
Indonesia,ID,IDN,Focus,Consumption,IMF IFS via DBnomics,Q.ID.NCP_R_SA_XDC,SA,Source seasonally adjusted,2009-01-01,912490873.5
Indonesia,ID,IDN,Focus,Consumption,IMF IFS via DBnomics,Q.ID.NCP_R_SA_XDC,SA,Source seasonally adjusted,2009-04-01,921302341
Indonesia,ID,IDN,Focus,Consumption,IMF IFS via DBnomics,Q.ID.NCP_R_SA_XDC,SA,Source seasonally adjusted,2009-07-01,931625167.4
Indonesia,ID,IDN,Focus,Consumption,IMF IFS via DBnomics,Q.ID.NCP_R_SA_XDC,SA,Source seasonally adjusted,2009-10-01,941554252.6
Indonesia,ID,IDN,Focus,Consumption,IMF IFS via DBnomics,Q.ID.NCP_R_SA_XDC,SA,Source seasonally adjusted,2010-01-01,951155588.7
Indonesia,ID,IDN,Focus,Consumption,IMF IFS via DBnomics,Q.ID.NCP_R_SA_XDC,SA,Source seasonally adjusted,2010-04-01,962043128.3
Indonesia,ID,IDN,Focus,Consumption,IMF IFS via DBnomics,Q.ID.NCP_R_SA_XDC,SA,Source seasonally adjusted,2010-07-01,965858658.1
Indonesia,ID,IDN,Focus,Consumption,IMF IFS via DBnomics,Q.ID.NCP_R_SA_XDC,SA,Source seasonally adjusted,2010-10-01,979764404.8
Indonesia,ID,IDN,Focus,Consumption,IMF IFS via DBnomics,Q.ID.NCP_R_SA_XDC,SA,Source seasonally adjusted,2011-01-01,992744895.3
Indonesia,ID,IDN,Focus,Consumption,IMF IFS via DBnomics,Q.ID.NCP_R_SA_XDC,SA,Source seasonally adjusted,2011-04-01,1006632168.6
Indonesia,ID,IDN,Focus,Consumption,IMF IFS via DBnomics,Q.ID.NCP_R_SA_XDC,SA,Source seasonally adjusted,2011-07-01,1020544367.6
Indonesia,ID,IDN,Focus,Consumption,IMF IFS via DBnomics,Q.ID.NCP_R_SA_XDC,SA,Source seasonally adjusted,2011-10-01,1034157478.4
Indonesia,ID,IDN,Focus,Consumption,IMF IFS via DBnomics,Q.ID.NCP_R_SA_XDC,SA,Source seasonally adjusted,2012-01-01,1047827090.9
Indonesia,ID,IDN,Focus,Consumption,IMF IFS via DBnomics,Q.ID.NCP_R_SA_XDC,SA,Source seasonally adjusted,2012-04-01,1062466929.1
Indonesia,ID,IDN,Focus,Consumption,IMF IFS via DBnomics,Q.ID.NCP_R_SA_XDC,SA,Source seasonally adjusted,2012-07-01,1076663845.2
Indonesia,ID,IDN,Focus,Consumption,IMF IFS via DBnomics,Q.ID.NCP_R_SA_XDC,SA,Source seasonally adjusted,2012-10-01,1090748364.8
Indonesia,ID,IDN,Focus,Consumption,IMF IFS via DBnomics,Q.ID.NCP_R_SA_XDC,SA,Source seasonally adjusted,2013-01-01,1105716341.1
Indonesia,ID,IDN,Focus,Consumption,IMF IFS via DBnomics,Q.ID.NCP_R_SA_XDC,SA,Source seasonally adjusted,2013-04-01,1119958815.9
Indonesia,ID,IDN,Focus,Consumption,IMF IFS via DBnomics,Q.ID.NCP_R_SA_XDC,SA,Source seasonally adjusted,2013-07-01,1135578723.7
Indonesia,ID,IDN,Focus,Consumption,IMF IFS via DBnomics,Q.ID.NCP_R_SA_XDC,SA,Source seasonally adjusted,2013-10-01,1150781019.3
Indonesia,ID,IDN,Focus,Consumption,IMF IFS via DBnomics,Q.ID.NCP_R_SA_XDC,SA,Source seasonally adjusted,2014-01-01,1166238134.3
Indonesia,ID,IDN,Focus,Consumption,IMF IFS via DBnomics,Q.ID.NCP_R_SA_XDC,SA,Source seasonally adjusted,2014-04-01,1181062088
Indonesia,ID,IDN,Focus,Consumption,IMF IFS via DBnomics,Q.ID.NCP_R_SA_XDC,SA,Source seasonally adjusted,2014-07-01,1194375672.5
Indonesia,ID,IDN,Focus,Consumption,IMF IFS via DBnomics,Q.ID.NCP_R_SA_XDC,SA,Source seasonally adjusted,2014-10-01,1208762545.2
Indonesia,ID,IDN,Focus,Consumption,IMF IFS via DBnomics,Q.ID.NCP_R_SA_XDC,SA,Source seasonally adjusted,2015-01-01,1222706454.1
Indonesia,ID,IDN,Focus,Consumption,IMF IFS via DBnomics,Q.ID.NCP_R_SA_XDC,SA,Source seasonally adjusted,2015-04-01,1236941794.9
Indonesia,ID,IDN,Focus,Consumption,IMF IFS via DBnomics,Q.ID.NCP_R_SA_XDC,SA,Source seasonally adjusted,2015-07-01,1252755500.1
Indonesia,ID,IDN,Focus,Consumption,IMF IFS via DBnomics,Q.ID.NCP_R_SA_XDC,SA,Source seasonally adjusted,2015-10-01,1268026900.9
Indonesia,ID,IDN,Focus,Consumption,IMF IFS via DBnomics,Q.ID.NCP_R_SA_XDC,SA,Source seasonally adjusted,2016-01-01,1283881217.1
Indonesia,ID,IDN,Focus,Consumption,IMF IFS via DBnomics,Q.ID.NCP_R_SA_XDC,SA,Source seasonally adjusted,2016-04-01,1299949563.3
Indonesia,ID,IDN,Focus,Consumption,IMF IFS via DBnomics,Q.ID.NCP_R_SA_XDC,SA,Source seasonally adjusted,2016-07-01,1315959465.5
Indonesia,ID,IDN,Focus,Consumption,IMF IFS via DBnomics,Q.ID.NCP_R_SA_XDC,SA,Source seasonally adjusted,2016-10-01,1331880004.1
Indonesia,ID,IDN,Focus,Consumption,IMF IFS via DBnomics,Q.ID.NCP_R_SA_XDC,SA,Source seasonally adjusted,2017-01-01,1348295651.9
Indonesia,ID,IDN,Focus,Consumption,IMF IFS via DBnomics,Q.ID.NCP_R_SA_XDC,SA,Source seasonally adjusted,2017-04-01,1364250551
Indonesia,ID,IDN,Focus,Consumption,IMF IFS via DBnomics,Q.ID.NCP_R_SA_XDC,SA,Source seasonally adjusted,2017-07-01,1381428910.7
Indonesia,ID,IDN,Focus,Consumption,IMF IFS via DBnomics,Q.ID.NCP_R_SA_XDC,SA,Source seasonally adjusted,2017-10-01,1398317886.4
Indonesia,ID,IDN,Focus,Consumption,IMF IFS via DBnomics,Q.ID.NCP_R_SA_XDC,SA,Source seasonally adjusted,2018-01-01,1415468285.8
Indonesia,ID,IDN,Focus,Consumption,IMF IFS via DBnomics,Q.ID.NCP_R_SA_XDC,SA,Source seasonally adjusted,2018-04-01,1434439193.7
Indonesia,ID,IDN,Focus,Consumption,IMF IFS via DBnomics,Q.ID.NCP_R_SA_XDC,SA,Source seasonally adjusted,2018-07-01,1451929239.5
Indonesia,ID,IDN,Focus,Consumption,IMF IFS via DBnomics,Q.ID.NCP_R_SA_XDC,SA,Source seasonally adjusted,2018-10-01,1472589391
Indonesia,ID,IDN,Focus,Consumption,IMF IFS via DBnomics,Q.ID.NCP_R_SA_XDC,SA,Source seasonally adjusted,2019-01-01,1494399210.1
Indonesia,ID,IDN,Focus,Consumption,IMF IFS via DBnomics,Q.ID.NCP_R_SA_XDC,SA,Source seasonally adjusted,2019-04-01,1515531787.9
Indonesia,ID,IDN,Focus,Consumption,IMF IFS via DBnomics,Q.ID.NCP_R_SA_XDC,SA,Source seasonally adjusted,2019-07-01,1522416185.2
Indonesia,ID,IDN,Focus,Consumption,IMF IFS via DBnomics,Q.ID.NCP_R_SA_XDC,SA,Source seasonally adjusted,2019-10-01,1540079706.7
Indonesia,ID,IDN,Focus,Consumption,IMF IFS via DBnomics,Q.ID.NCP_R_SA_XDC,SA,Source seasonally adjusted,2020-01-01,1536812747.2
Indonesia,ID,IDN,Focus,Consumption,IMF IFS via DBnomics,Q.ID.NCP_R_SA_XDC,SA,Source seasonally adjusted,2020-04-01,1435578194.7
Indonesia,ID,IDN,Focus,Consumption,IMF IFS via DBnomics,Q.ID.NCP_R_SA_XDC,SA,Source seasonally adjusted,2020-07-01,1462044927.9
Indonesia,ID,IDN,Focus,Consumption,IMF IFS via DBnomics,Q.ID.NCP_R_SA_XDC,SA,Source seasonally adjusted,2020-10-01,1476094050.2
Indonesia,ID,IDN,Focus,Consumption,IMF IFS via DBnomics,Q.ID.NCP_R_SA_XDC,SA,Source seasonally adjusted,2021-01-01,1492335652.6
Indonesia,ID,IDN,Focus,Consumption,IMF IFS via DBnomics,Q.ID.NCP_R_SA_XDC,SA,Source seasonally adjusted,2021-04-01,1506429080.4
Indonesia,ID,IDN,Focus,Consumption,IMF IFS via DBnomics,Q.ID.NCP_R_SA_XDC,SA,Source seasonally adjusted,2021-07-01,1493943504.1
Indonesia,ID,IDN,Focus,Consumption,IMF IFS via DBnomics,Q.ID.NCP_R_SA_XDC,SA,Source seasonally adjusted,2021-10-01,1536365535
Indonesia,ID,IDN,Focus,Consumption,IMF IFS via DBnomics,Q.ID.NCP_R_SA_XDC,SA,Source seasonally adjusted,2022-01-01,1554592892.6
Indonesia,ID,IDN,Focus,Consumption,IMF IFS via DBnomics,Q.ID.NCP_R_SA_XDC,SA,Source seasonally adjusted,2022-04-01,1574260795.5
Indonesia,ID,IDN,Focus,Consumption,IMF IFS via DBnomics,Q.ID.NCP_R_SA_XDC,SA,Source seasonally adjusted,2022-07-01,1587228334.5
Indonesia,ID,IDN,Focus,Consumption,IMF IFS via DBnomics,Q.ID.NCP_R_SA_XDC,SA,Source seasonally adjusted,2022-10-01,1611765505
Indonesia,ID,IDN,Focus,Consumption,IMF IFS via DBnomics,Q.ID.NCP_R_SA_XDC,SA,Source seasonally adjusted,2023-01-01,1627347031.3
Indonesia,ID,IDN,Focus,Consumption,IMF IFS via DBnomics,Q.ID.NCP_R_SA_XDC,SA,Source seasonally adjusted,2023-04-01,1651211754.2
Indonesia,ID,IDN,Focus,Consumption,IMF IFS via DBnomics,Q.ID.NCP_R_SA_XDC,SA,Source seasonally adjusted,2023-07-01,1670705610.3
Indonesia,ID,IDN,Focus,Consumption,IMF IFS via DBnomics,Q.ID.NCP_R_SA_XDC,SA,Source seasonally adjusted,2023-10-01,1690927937.7
Indonesia,ID,IDN,Focus,Consumption,IMF IFS via DBnomics,Q.ID.NCP_R_SA_XDC,SA,Source seasonally adjusted,2024-01-01,1714014373.1
Indonesia,ID,IDN,Focus,Consumption,IMF IFS via DBnomics,Q.ID.NCP_R_SA_XDC,SA,Source seasonally adjusted,2024-04-01,1734026845.5
Indonesia,ID,IDN,Focus,Consumption,IMF IFS via DBnomics,Q.ID.NCP_R_SA_XDC,SA,Source seasonally adjusted,2024-07-01,1755233546.7
Indonesia,ID,IDN,Focus,Consumption,IMF IFS via DBnomics,Q.ID.NCP_R_SA_XDC,SA,Source seasonally adjusted,2024-10-01,1776271489.4
Indonesia,ID,IDN,Focus,Consumption,IMF IFS via DBnomics,Q.ID.NCP_R_SA_XDC,SA,Source seasonally adjusted,2025-01-01,1796652816.9
Indonesia,ID,IDN,Focus,Investment,IMF IFS via DBnomics,Q.ID.NFI_R_SA_XDC,SA,Source seasonally adjusted,2000-01-01,246110850.2
Indonesia,ID,IDN,Focus,Investment,IMF IFS via DBnomics,Q.ID.NFI_R_SA_XDC,SA,Source seasonally adjusted,2000-04-01,268089949.1
Indonesia,ID,IDN,Focus,Investment,IMF IFS via DBnomics,Q.ID.NFI_R_SA_XDC,SA,Source seasonally adjusted,2000-07-01,274181594.1
Indonesia,ID,IDN,Focus,Investment,IMF IFS via DBnomics,Q.ID.NFI_R_SA_XDC,SA,Source seasonally adjusted,2000-10-01,283717658.3
Indonesia,ID,IDN,Focus,Investment,IMF IFS via DBnomics,Q.ID.NFI_R_SA_XDC,SA,Source seasonally adjusted,2001-01-01,292252078.8
Indonesia,ID,IDN,Focus,Investment,IMF IFS via DBnomics,Q.ID.NFI_R_SA_XDC,SA,Source seasonally adjusted,2001-04-01,297938319.4
Indonesia,ID,IDN,Focus,Investment,IMF IFS via DBnomics,Q.ID.NFI_R_SA_XDC,SA,Source seasonally adjusted,2001-07-01,273451843.7
Indonesia,ID,IDN,Focus,Investment,IMF IFS via DBnomics,Q.ID.NFI_R_SA_XDC,SA,Source seasonally adjusted,2001-10-01,278063567.9
Indonesia,ID,IDN,Focus,Investment,IMF IFS via DBnomics,Q.ID.NFI_R_SA_XDC,SA,Source seasonally adjusted,2002-01-01,284791560
Indonesia,ID,IDN,Focus,Investment,IMF IFS via DBnomics,Q.ID.NFI_R_SA_XDC,SA,Source seasonally adjusted,2002-04-01,294014158.6
Indonesia,ID,IDN,Focus,Investment,IMF IFS via DBnomics,Q.ID.NFI_R_SA_XDC,SA,Source seasonally adjusted,2002-07-01,303355174.5
Indonesia,ID,IDN,Focus,Investment,IMF IFS via DBnomics,Q.ID.NFI_R_SA_XDC,SA,Source seasonally adjusted,2002-10-01,313141525.3
Indonesia,ID,IDN,Focus,Investment,IMF IFS via DBnomics,Q.ID.NFI_R_SA_XDC,SA,Source seasonally adjusted,2003-01-01,289849373.7
Indonesia,ID,IDN,Focus,Investment,IMF IFS via DBnomics,Q.ID.NFI_R_SA_XDC,SA,Source seasonally adjusted,2003-04-01,295219061.9
Indonesia,ID,IDN,Focus,Investment,IMF IFS via DBnomics,Q.ID.NFI_R_SA_XDC,SA,Source seasonally adjusted,2003-07-01,304198412
Indonesia,ID,IDN,Focus,Investment,IMF IFS via DBnomics,Q.ID.NFI_R_SA_XDC,SA,Source seasonally adjusted,2003-10-01,313211241.8
Indonesia,ID,IDN,Focus,Investment,IMF IFS via DBnomics,Q.ID.NFI_R_SA_XDC,SA,Source seasonally adjusted,2004-01-01,322914588.7
Indonesia,ID,IDN,Focus,Investment,IMF IFS via DBnomics,Q.ID.NFI_R_SA_XDC,SA,Source seasonally adjusted,2004-04-01,333347591.6
Indonesia,ID,IDN,Focus,Investment,IMF IFS via DBnomics,Q.ID.NFI_R_SA_XDC,SA,Source seasonally adjusted,2004-07-01,357258452
Indonesia,ID,IDN,Focus,Investment,IMF IFS via DBnomics,Q.ID.NFI_R_SA_XDC,SA,Source seasonally adjusted,2004-10-01,365520935.3
Indonesia,ID,IDN,Focus,Investment,IMF IFS via DBnomics,Q.ID.NFI_R_SA_XDC,SA,Source seasonally adjusted,2005-01-01,374402747.3
Indonesia,ID,IDN,Focus,Investment,IMF IFS via DBnomics,Q.ID.NFI_R_SA_XDC,SA,Source seasonally adjusted,2005-04-01,386160790.7
Indonesia,ID,IDN,Focus,Investment,IMF IFS via DBnomics,Q.ID.NFI_R_SA_XDC,SA,Source seasonally adjusted,2005-07-01,393661092.5
Indonesia,ID,IDN,Focus,Investment,IMF IFS via DBnomics,Q.ID.NFI_R_SA_XDC,SA,Source seasonally adjusted,2005-10-01,374954981.4
Indonesia,ID,IDN,Focus,Investment,IMF IFS via DBnomics,Q.ID.NFI_R_SA_XDC,SA,Source seasonally adjusted,2006-01-01,381645836.6
Indonesia,ID,IDN,Focus,Investment,IMF IFS via DBnomics,Q.ID.NFI_R_SA_XDC,SA,Source seasonally adjusted,2006-04-01,389964375.7
Indonesia,ID,IDN,Focus,Investment,IMF IFS via DBnomics,Q.ID.NFI_R_SA_XDC,SA,Source seasonally adjusted,2006-07-01,395979510.5
Indonesia,ID,IDN,Focus,Investment,IMF IFS via DBnomics,Q.ID.NFI_R_SA_XDC,SA,Source seasonally adjusted,2006-10-01,401300709.5
Indonesia,ID,IDN,Focus,Investment,IMF IFS via DBnomics,Q.ID.NFI_R_SA_XDC,SA,Source seasonally adjusted,2007-01-01,409871941.5
Indonesia,ID,IDN,Focus,Investment,IMF IFS via DBnomics,Q.ID.NFI_R_SA_XDC,SA,Source seasonally adjusted,2007-04-01,421378443.5
Indonesia,ID,IDN,Focus,Investment,IMF IFS via DBnomics,Q.ID.NFI_R_SA_XDC,SA,Source seasonally adjusted,2007-07-01,433392453.7
Indonesia,ID,IDN,Focus,Investment,IMF IFS via DBnomics,Q.ID.NFI_R_SA_XDC,SA,Source seasonally adjusted,2007-10-01,450529467.9
Indonesia,ID,IDN,Focus,Investment,IMF IFS via DBnomics,Q.ID.NFI_R_SA_XDC,SA,Source seasonally adjusted,2008-01-01,468856347.1
Indonesia,ID,IDN,Focus,Investment,IMF IFS via DBnomics,Q.ID.NFI_R_SA_XDC,SA,Source seasonally adjusted,2008-04-01,477579694.6
Indonesia,ID,IDN,Focus,Investment,IMF IFS via DBnomics,Q.ID.NFI_R_SA_XDC,SA,Source seasonally adjusted,2008-07-01,482851991.6
Indonesia,ID,IDN,Focus,Investment,IMF IFS via DBnomics,Q.ID.NFI_R_SA_XDC,SA,Source seasonally adjusted,2008-10-01,489751830.7
Indonesia,ID,IDN,Focus,Investment,IMF IFS via DBnomics,Q.ID.NFI_R_SA_XDC,SA,Source seasonally adjusted,2009-01-01,493885862.9
Indonesia,ID,IDN,Focus,Investment,IMF IFS via DBnomics,Q.ID.NFI_R_SA_XDC,SA,Source seasonally adjusted,2009-04-01,493759168.6
Indonesia,ID,IDN,Focus,Investment,IMF IFS via DBnomics,Q.ID.NFI_R_SA_XDC,SA,Source seasonally adjusted,2009-07-01,501993291.1
Indonesia,ID,IDN,Focus,Investment,IMF IFS via DBnomics,Q.ID.NFI_R_SA_XDC,SA,Source seasonally adjusted,2009-10-01,504721389.1
Indonesia,ID,IDN,Focus,Investment,IMF IFS via DBnomics,Q.ID.NFI_R_SA_XDC,SA,Source seasonally adjusted,2010-01-01,514466179.4
Indonesia,ID,IDN,Focus,Investment,IMF IFS via DBnomics,Q.ID.NFI_R_SA_XDC,SA,Source seasonally adjusted,2010-04-01,527976936.8
Indonesia,ID,IDN,Focus,Investment,IMF IFS via DBnomics,Q.ID.NFI_R_SA_XDC,SA,Source seasonally adjusted,2010-07-01,536318773.1
Indonesia,ID,IDN,Focus,Investment,IMF IFS via DBnomics,Q.ID.NFI_R_SA_XDC,SA,Source seasonally adjusted,2010-10-01,549078780.7
Indonesia,ID,IDN,Focus,Investment,IMF IFS via DBnomics,Q.ID.NFI_R_SA_XDC,SA,Source seasonally adjusted,2011-01-01,562520368.9
Indonesia,ID,IDN,Focus,Investment,IMF IFS via DBnomics,Q.ID.NFI_R_SA_XDC,SA,Source seasonally adjusted,2011-04-01,571972312.7
Indonesia,ID,IDN,Focus,Investment,IMF IFS via DBnomics,Q.ID.NFI_R_SA_XDC,SA,Source seasonally adjusted,2011-07-01,583932000.7
Indonesia,ID,IDN,Focus,Investment,IMF IFS via DBnomics,Q.ID.NFI_R_SA_XDC,SA,Source seasonally adjusted,2011-10-01,597934417.7
Indonesia,ID,IDN,Focus,Investment,IMF IFS via DBnomics,Q.ID.NFI_R_SA_XDC,SA,Source seasonally adjusted,2012-01-01,611270904.6
Indonesia,ID,IDN,Focus,Investment,IMF IFS via DBnomics,Q.ID.NFI_R_SA_XDC,SA,Source seasonally adjusted,2012-04-01,626609069.9
Indonesia,ID,IDN,Focus,Investment,IMF IFS via DBnomics,Q.ID.NFI_R_SA_XDC,SA,Source seasonally adjusted,2012-07-01,639045292.1
Indonesia,ID,IDN,Focus,Investment,IMF IFS via DBnomics,Q.ID.NFI_R_SA_XDC,SA,Source seasonally adjusted,2012-10-01,650803513.4
Indonesia,ID,IDN,Focus,Investment,IMF IFS via DBnomics,Q.ID.NFI_R_SA_XDC,SA,Source seasonally adjusted,2013-01-01,654511406.7
Indonesia,ID,IDN,Focus,Investment,IMF IFS via DBnomics,Q.ID.NFI_R_SA_XDC,SA,Source seasonally adjusted,2013-04-01,660356118
Indonesia,ID,IDN,Focus,Investment,IMF IFS via DBnomics,Q.ID.NFI_R_SA_XDC,SA,Source seasonally adjusted,2013-07-01,667194571.2
Indonesia,ID,IDN,Focus,Investment,IMF IFS via DBnomics,Q.ID.NFI_R_SA_XDC,SA,Source seasonally adjusted,2013-10-01,672312944.2
Indonesia,ID,IDN,Focus,Investment,IMF IFS via DBnomics,Q.ID.NFI_R_SA_XDC,SA,Source seasonally adjusted,2014-01-01,682042162.9
Indonesia,ID,IDN,Focus,Investment,IMF IFS via DBnomics,Q.ID.NFI_R_SA_XDC,SA,Source seasonally adjusted,2014-04-01,690209994.3
Indonesia,ID,IDN,Focus,Investment,IMF IFS via DBnomics,Q.ID.NFI_R_SA_XDC,SA,Source seasonally adjusted,2014-07-01,696658418.6
Indonesia,ID,IDN,Focus,Investment,IMF IFS via DBnomics,Q.ID.NFI_R_SA_XDC,SA,Source seasonally adjusted,2014-10-01,703560194.2
Indonesia,ID,IDN,Focus,Investment,IMF IFS via DBnomics,Q.ID.NFI_R_SA_XDC,SA,Source seasonally adjusted,2015-01-01,713840142.4
Indonesia,ID,IDN,Focus,Investment,IMF IFS via DBnomics,Q.ID.NFI_R_SA_XDC,SA,Source seasonally adjusted,2015-04-01,723078391.6
Indonesia,ID,IDN,Focus,Investment,IMF IFS via DBnomics,Q.ID.NFI_R_SA_XDC,SA,Source seasonally adjusted,2015-07-01,732559833.5
Indonesia,ID,IDN,Focus,Investment,IMF IFS via DBnomics,Q.ID.NFI_R_SA_XDC,SA,Source seasonally adjusted,2015-10-01,741877622.5
Indonesia,ID,IDN,Focus,Investment,IMF IFS via DBnomics,Q.ID.NFI_R_SA_XDC,SA,Source seasonally adjusted,2016-01-01,748803522.6
Indonesia,ID,IDN,Focus,Investment,IMF IFS via DBnomics,Q.ID.NFI_R_SA_XDC,SA,Source seasonally adjusted,2016-04-01,755761966.5
Indonesia,ID,IDN,Focus,Investment,IMF IFS via DBnomics,Q.ID.NFI_R_SA_XDC,SA,Source seasonally adjusted,2016-07-01,763508178.1
Indonesia,ID,IDN,Focus,Investment,IMF IFS via DBnomics,Q.ID.NFI_R_SA_XDC,SA,Source seasonally adjusted,2016-10-01,773511012.9
Indonesia,ID,IDN,Focus,Investment,IMF IFS via DBnomics,Q.ID.NFI_R_SA_XDC,SA,Source seasonally adjusted,2017-01-01,785235092
Indonesia,ID,IDN,Focus,Investment,IMF IFS via DBnomics,Q.ID.NFI_R_SA_XDC,SA,Source seasonally adjusted,2017-04-01,800235165.8
Indonesia,ID,IDN,Focus,Investment,IMF IFS via DBnomics,Q.ID.NFI_R_SA_XDC,SA,Source seasonally adjusted,2017-07-01,814332685
Indonesia,ID,IDN,Focus,Investment,IMF IFS via DBnomics,Q.ID.NFI_R_SA_XDC,SA,Source seasonally adjusted,2017-10-01,828960057.2
Indonesia,ID,IDN,Focus,Investment,IMF IFS via DBnomics,Q.ID.NFI_R_SA_XDC,SA,Source seasonally adjusted,2018-01-01,843444120.7
Indonesia,ID,IDN,Focus,Investment,IMF IFS via DBnomics,Q.ID.NFI_R_SA_XDC,SA,Source seasonally adjusted,2018-04-01,854994763.9
Indonesia,ID,IDN,Focus,Investment,IMF IFS via DBnomics,Q.ID.NFI_R_SA_XDC,SA,Source seasonally adjusted,2018-07-01,867533475.6
Indonesia,ID,IDN,Focus,Investment,IMF IFS via DBnomics,Q.ID.NFI_R_SA_XDC,SA,Source seasonally adjusted,2018-10-01,878337889.9
Indonesia,ID,IDN,Focus,Investment,IMF IFS via DBnomics,Q.ID.NFI_R_SA_XDC,SA,Source seasonally adjusted,2019-01-01,888959082.9
Indonesia,ID,IDN,Focus,Investment,IMF IFS via DBnomics,Q.ID.NFI_R_SA_XDC,SA,Source seasonally adjusted,2019-04-01,897217058.8
Indonesia,ID,IDN,Focus,Investment,IMF IFS via DBnomics,Q.ID.NFI_R_SA_XDC,SA,Source seasonally adjusted,2019-07-01,904526014.9
Indonesia,ID,IDN,Focus,Investment,IMF IFS via DBnomics,Q.ID.NFI_R_SA_XDC,SA,Source seasonally adjusted,2019-10-01,906961973.5
Indonesia,ID,IDN,Focus,Investment,IMF IFS via DBnomics,Q.ID.NFI_R_SA_XDC,SA,Source seasonally adjusted,2020-01-01,898594238.6
Indonesia,ID,IDN,Focus,Investment,IMF IFS via DBnomics,Q.ID.NFI_R_SA_XDC,SA,Source seasonally adjusted,2020-04-01,819528181
Indonesia,ID,IDN,Focus,Investment,IMF IFS via DBnomics,Q.ID.NFI_R_SA_XDC,SA,Source seasonally adjusted,2020-07-01,843542336.2
Indonesia,ID,IDN,Focus,Investment,IMF IFS via DBnomics,Q.ID.NFI_R_SA_XDC,SA,Source seasonally adjusted,2020-10-01,857516854.3
Indonesia,ID,IDN,Focus,Investment,IMF IFS via DBnomics,Q.ID.NFI_R_SA_XDC,SA,Source seasonally adjusted,2021-01-01,875850574.1
Indonesia,ID,IDN,Focus,Investment,IMF IFS via DBnomics,Q.ID.NFI_R_SA_XDC,SA,Source seasonally adjusted,2021-04-01,883940300
Indonesia,ID,IDN,Focus,Investment,IMF IFS via DBnomics,Q.ID.NFI_R_SA_XDC,SA,Source seasonally adjusted,2021-07-01,888211816
Indonesia,ID,IDN,Focus,Investment,IMF IFS via DBnomics,Q.ID.NFI_R_SA_XDC,SA,Source seasonally adjusted,2021-10-01,901216111.9
Indonesia,ID,IDN,Focus,Investment,IMF IFS via DBnomics,Q.ID.NFI_R_SA_XDC,SA,Source seasonally adjusted,2022-01-01,912244049.3
Indonesia,ID,IDN,Focus,Investment,IMF IFS via DBnomics,Q.ID.NFI_R_SA_XDC,SA,Source seasonally adjusted,2022-04-01,916851315.7
Indonesia,ID,IDN,Focus,Investment,IMF IFS via DBnomics,Q.ID.NFI_R_SA_XDC,SA,Source seasonally adjusted,2022-07-01,924982204.4
Indonesia,ID,IDN,Focus,Investment,IMF IFS via DBnomics,Q.ID.NFI_R_SA_XDC,SA,Source seasonally adjusted,2022-10-01,932496180.5
Indonesia,ID,IDN,Focus,Investment,IMF IFS via DBnomics,Q.ID.NFI_R_SA_XDC,SA,Source seasonally adjusted,2023-01-01,939902819.5
Indonesia,ID,IDN,Focus,Investment,IMF IFS via DBnomics,Q.ID.NFI_R_SA_XDC,SA,Source seasonally adjusted,2023-04-01,951493412.4
Indonesia,ID,IDN,Focus,Investment,IMF IFS via DBnomics,Q.ID.NFI_R_SA_XDC,SA,Source seasonally adjusted,2023-07-01,961813335.1
Indonesia,ID,IDN,Focus,Investment,IMF IFS via DBnomics,Q.ID.NFI_R_SA_XDC,SA,Source seasonally adjusted,2023-10-01,972012471
Indonesia,ID,IDN,Focus,Investment,IMF IFS via DBnomics,Q.ID.NFI_R_SA_XDC,SA,Source seasonally adjusted,2024-01-01,985116854.4
Indonesia,ID,IDN,Focus,Investment,IMF IFS via DBnomics,Q.ID.NFI_R_SA_XDC,SA,Source seasonally adjusted,2024-04-01,995351880.1
Indonesia,ID,IDN,Focus,Investment,IMF IFS via DBnomics,Q.ID.NFI_R_SA_XDC,SA,Source seasonally adjusted,2024-07-01,1006689442.6
Indonesia,ID,IDN,Focus,Investment,IMF IFS via DBnomics,Q.ID.NFI_R_SA_XDC,SA,Source seasonally adjusted,2024-10-01,1014535123
Indonesia,ID,IDN,Focus,Investment,IMF IFS via DBnomics,Q.ID.NFI_R_SA_XDC,SA,Source seasonally adjusted,2025-01-01,1018559444.7
Japan,JP,JPN,Asia-Pacific,Consumption,IMF IFS via DBnomics,Q.JP.NCP_R_SA_XDC,SA,Source seasonally adjusted,1994-01-01,61861500
Japan,JP,JPN,Asia-Pacific,Consumption,IMF IFS via DBnomics,Q.JP.NCP_R_SA_XDC,SA,Source seasonally adjusted,1994-04-01,62211950
Japan,JP,JPN,Asia-Pacific,Consumption,IMF IFS via DBnomics,Q.JP.NCP_R_SA_XDC,SA,Source seasonally adjusted,1994-07-01,62650200
Japan,JP,JPN,Asia-Pacific,Consumption,IMF IFS via DBnomics,Q.JP.NCP_R_SA_XDC,SA,Source seasonally adjusted,1994-10-01,62691475
Japan,JP,JPN,Asia-Pacific,Consumption,IMF IFS via DBnomics,Q.JP.NCP_R_SA_XDC,SA,Source seasonally adjusted,1995-01-01,63212575
Japan,JP,JPN,Asia-Pacific,Consumption,IMF IFS via DBnomics,Q.JP.NCP_R_SA_XDC,SA,Source seasonally adjusted,1995-04-01,63742825
Japan,JP,JPN,Asia-Pacific,Consumption,IMF IFS via DBnomics,Q.JP.NCP_R_SA_XDC,SA,Source seasonally adjusted,1995-07-01,64085650
Japan,JP,JPN,Asia-Pacific,Consumption,IMF IFS via DBnomics,Q.JP.NCP_R_SA_XDC,SA,Source seasonally adjusted,1995-10-01,64536250
Japan,JP,JPN,Asia-Pacific,Consumption,IMF IFS via DBnomics,Q.JP.NCP_R_SA_XDC,SA,Source seasonally adjusted,1996-01-01,64366375
Japan,JP,JPN,Asia-Pacific,Consumption,IMF IFS via DBnomics,Q.JP.NCP_R_SA_XDC,SA,Source seasonally adjusted,1996-04-01,65148075
Japan,JP,JPN,Asia-Pacific,Consumption,IMF IFS via DBnomics,Q.JP.NCP_R_SA_XDC,SA,Source seasonally adjusted,1996-07-01,65197025
Japan,JP,JPN,Asia-Pacific,Consumption,IMF IFS via DBnomics,Q.JP.NCP_R_SA_XDC,SA,Source seasonally adjusted,1996-10-01,65844825
Japan,JP,JPN,Asia-Pacific,Consumption,IMF IFS via DBnomics,Q.JP.NCP_R_SA_XDC,SA,Source seasonally adjusted,1997-01-01,66795075
Japan,JP,JPN,Asia-Pacific,Consumption,IMF IFS via DBnomics,Q.JP.NCP_R_SA_XDC,SA,Source seasonally adjusted,1997-04-01,65080750
Japan,JP,JPN,Asia-Pacific,Consumption,IMF IFS via DBnomics,Q.JP.NCP_R_SA_XDC,SA,Source seasonally adjusted,1997-07-01,65151775
Japan,JP,JPN,Asia-Pacific,Consumption,IMF IFS via DBnomics,Q.JP.NCP_R_SA_XDC,SA,Source seasonally adjusted,1997-10-01,65022800
Japan,JP,JPN,Asia-Pacific,Consumption,IMF IFS via DBnomics,Q.JP.NCP_R_SA_XDC,SA,Source seasonally adjusted,1998-01-01,64924675
Japan,JP,JPN,Asia-Pacific,Consumption,IMF IFS via DBnomics,Q.JP.NCP_R_SA_XDC,SA,Source seasonally adjusted,1998-04-01,64886575
Japan,JP,JPN,Asia-Pacific,Consumption,IMF IFS via DBnomics,Q.JP.NCP_R_SA_XDC,SA,Source seasonally adjusted,1998-07-01,65340050
Japan,JP,JPN,Asia-Pacific,Consumption,IMF IFS via DBnomics,Q.JP.NCP_R_SA_XDC,SA,Source seasonally adjusted,1998-10-01,65243275
Japan,JP,JPN,Asia-Pacific,Consumption,IMF IFS via DBnomics,Q.JP.NCP_R_SA_XDC,SA,Source seasonally adjusted,1999-01-01,65482550
Japan,JP,JPN,Asia-Pacific,Consumption,IMF IFS via DBnomics,Q.JP.NCP_R_SA_XDC,SA,Source seasonally adjusted,1999-04-01,65567225
Japan,JP,JPN,Asia-Pacific,Consumption,IMF IFS via DBnomics,Q.JP.NCP_R_SA_XDC,SA,Source seasonally adjusted,1999-07-01,66017175
Japan,JP,JPN,Asia-Pacific,Consumption,IMF IFS via DBnomics,Q.JP.NCP_R_SA_XDC,SA,Source seasonally adjusted,1999-10-01,66200925
Japan,JP,JPN,Asia-Pacific,Consumption,IMF IFS via DBnomics,Q.JP.NCP_R_SA_XDC,SA,Source seasonally adjusted,2000-01-01,66597175
Japan,JP,JPN,Asia-Pacific,Consumption,IMF IFS via DBnomics,Q.JP.NCP_R_SA_XDC,SA,Source seasonally adjusted,2000-04-01,66476750
Japan,JP,JPN,Asia-Pacific,Consumption,IMF IFS via DBnomics,Q.JP.NCP_R_SA_XDC,SA,Source seasonally adjusted,2000-07-01,66597950
Japan,JP,JPN,Asia-Pacific,Consumption,IMF IFS via DBnomics,Q.JP.NCP_R_SA_XDC,SA,Source seasonally adjusted,2000-10-01,67423200
Japan,JP,JPN,Asia-Pacific,Consumption,IMF IFS via DBnomics,Q.JP.NCP_R_SA_XDC,SA,Source seasonally adjusted,2001-01-01,67812975
Japan,JP,JPN,Asia-Pacific,Consumption,IMF IFS via DBnomics,Q.JP.NCP_R_SA_XDC,SA,Source seasonally adjusted,2001-04-01,68375450
Japan,JP,JPN,Asia-Pacific,Consumption,IMF IFS via DBnomics,Q.JP.NCP_R_SA_XDC,SA,Source seasonally adjusted,2001-07-01,68337200
Japan,JP,JPN,Asia-Pacific,Consumption,IMF IFS via DBnomics,Q.JP.NCP_R_SA_XDC,SA,Source seasonally adjusted,2001-10-01,68227700
Japan,JP,JPN,Asia-Pacific,Consumption,IMF IFS via DBnomics,Q.JP.NCP_R_SA_XDC,SA,Source seasonally adjusted,2002-01-01,68614650
Japan,JP,JPN,Asia-Pacific,Consumption,IMF IFS via DBnomics,Q.JP.NCP_R_SA_XDC,SA,Source seasonally adjusted,2002-04-01,69181075
Japan,JP,JPN,Asia-Pacific,Consumption,IMF IFS via DBnomics,Q.JP.NCP_R_SA_XDC,SA,Source seasonally adjusted,2002-07-01,69242750
Japan,JP,JPN,Asia-Pacific,Consumption,IMF IFS via DBnomics,Q.JP.NCP_R_SA_XDC,SA,Source seasonally adjusted,2002-10-01,69079475
Japan,JP,JPN,Asia-Pacific,Consumption,IMF IFS via DBnomics,Q.JP.NCP_R_SA_XDC,SA,Source seasonally adjusted,2003-01-01,69360500
Japan,JP,JPN,Asia-Pacific,Consumption,IMF IFS via DBnomics,Q.JP.NCP_R_SA_XDC,SA,Source seasonally adjusted,2003-04-01,69232825
Japan,JP,JPN,Asia-Pacific,Consumption,IMF IFS via DBnomics,Q.JP.NCP_R_SA_XDC,SA,Source seasonally adjusted,2003-07-01,69211275
Japan,JP,JPN,Asia-Pacific,Consumption,IMF IFS via DBnomics,Q.JP.NCP_R_SA_XDC,SA,Source seasonally adjusted,2003-10-01,70155600
Japan,JP,JPN,Asia-Pacific,Consumption,IMF IFS via DBnomics,Q.JP.NCP_R_SA_XDC,SA,Source seasonally adjusted,2004-01-01,70151750
Japan,JP,JPN,Asia-Pacific,Consumption,IMF IFS via DBnomics,Q.JP.NCP_R_SA_XDC,SA,Source seasonally adjusted,2004-04-01,70216775
Japan,JP,JPN,Asia-Pacific,Consumption,IMF IFS via DBnomics,Q.JP.NCP_R_SA_XDC,SA,Source seasonally adjusted,2004-07-01,70752025
Japan,JP,JPN,Asia-Pacific,Consumption,IMF IFS via DBnomics,Q.JP.NCP_R_SA_XDC,SA,Source seasonally adjusted,2004-10-01,70382850
Japan,JP,JPN,Asia-Pacific,Consumption,IMF IFS via DBnomics,Q.JP.NCP_R_SA_XDC,SA,Source seasonally adjusted,2005-01-01,70795100
Japan,JP,JPN,Asia-Pacific,Consumption,IMF IFS via DBnomics,Q.JP.NCP_R_SA_XDC,SA,Source seasonally adjusted,2005-04-01,71247575
Japan,JP,JPN,Asia-Pacific,Consumption,IMF IFS via DBnomics,Q.JP.NCP_R_SA_XDC,SA,Source seasonally adjusted,2005-07-01,71926475
Japan,JP,JPN,Asia-Pacific,Consumption,IMF IFS via DBnomics,Q.JP.NCP_R_SA_XDC,SA,Source seasonally adjusted,2005-10-01,71953175
Japan,JP,JPN,Asia-Pacific,Consumption,IMF IFS via DBnomics,Q.JP.NCP_R_SA_XDC,SA,Source seasonally adjusted,2006-01-01,72195175
Japan,JP,JPN,Asia-Pacific,Consumption,IMF IFS via DBnomics,Q.JP.NCP_R_SA_XDC,SA,Source seasonally adjusted,2006-04-01,72111000
Japan,JP,JPN,Asia-Pacific,Consumption,IMF IFS via DBnomics,Q.JP.NCP_R_SA_XDC,SA,Source seasonally adjusted,2006-07-01,71555850
Japan,JP,JPN,Asia-Pacific,Consumption,IMF IFS via DBnomics,Q.JP.NCP_R_SA_XDC,SA,Source seasonally adjusted,2006-10-01,72651450
Japan,JP,JPN,Asia-Pacific,Consumption,IMF IFS via DBnomics,Q.JP.NCP_R_SA_XDC,SA,Source seasonally adjusted,2007-01-01,72695575
Japan,JP,JPN,Asia-Pacific,Consumption,IMF IFS via DBnomics,Q.JP.NCP_R_SA_XDC,SA,Source seasonally adjusted,2007-04-01,73098375
Japan,JP,JPN,Asia-Pacific,Consumption,IMF IFS via DBnomics,Q.JP.NCP_R_SA_XDC,SA,Source seasonally adjusted,2007-07-01,72379750
Japan,JP,JPN,Asia-Pacific,Consumption,IMF IFS via DBnomics,Q.JP.NCP_R_SA_XDC,SA,Source seasonally adjusted,2007-10-01,72507075
Japan,JP,JPN,Asia-Pacific,Consumption,IMF IFS via DBnomics,Q.JP.NCP_R_SA_XDC,SA,Source seasonally adjusted,2008-01-01,72856025
Japan,JP,JPN,Asia-Pacific,Consumption,IMF IFS via DBnomics,Q.JP.NCP_R_SA_XDC,SA,Source seasonally adjusted,2008-04-01,71996025
Japan,JP,JPN,Asia-Pacific,Consumption,IMF IFS via DBnomics,Q.JP.NCP_R_SA_XDC,SA,Source seasonally adjusted,2008-07-01,71776150
Japan,JP,JPN,Asia-Pacific,Consumption,IMF IFS via DBnomics,Q.JP.NCP_R_SA_XDC,SA,Source seasonally adjusted,2008-10-01,70674500
Japan,JP,JPN,Asia-Pacific,Consumption,IMF IFS via DBnomics,Q.JP.NCP_R_SA_XDC,SA,Source seasonally adjusted,2009-01-01,70333450
Japan,JP,JPN,Asia-Pacific,Consumption,IMF IFS via DBnomics,Q.JP.NCP_R_SA_XDC,SA,Source seasonally adjusted,2009-04-01,70959850
Japan,JP,JPN,Asia-Pacific,Consumption,IMF IFS via DBnomics,Q.JP.NCP_R_SA_XDC,SA,Source seasonally adjusted,2009-07-01,71477625
Japan,JP,JPN,Asia-Pacific,Consumption,IMF IFS via DBnomics,Q.JP.NCP_R_SA_XDC,SA,Source seasonally adjusted,2009-10-01,71939625
Japan,JP,JPN,Asia-Pacific,Consumption,IMF IFS via DBnomics,Q.JP.NCP_R_SA_XDC,SA,Source seasonally adjusted,2010-01-01,72203050
Japan,JP,JPN,Asia-Pacific,Consumption,IMF IFS via DBnomics,Q.JP.NCP_R_SA_XDC,SA,Source seasonally adjusted,2010-04-01,72736675
Japan,JP,JPN,Asia-Pacific,Consumption,IMF IFS via DBnomics,Q.JP.NCP_R_SA_XDC,SA,Source seasonally adjusted,2010-07-01,73823250
Japan,JP,JPN,Asia-Pacific,Consumption,IMF IFS via DBnomics,Q.JP.NCP_R_SA_XDC,SA,Source seasonally adjusted,2010-10-01,72589875
Japan,JP,JPN,Asia-Pacific,Consumption,IMF IFS via DBnomics,Q.JP.NCP_R_SA_XDC,SA,Source seasonally adjusted,2011-01-01,71397175
Japan,JP,JPN,Asia-Pacific,Consumption,IMF IFS via DBnomics,Q.JP.NCP_R_SA_XDC,SA,Source seasonally adjusted,2011-04-01,71917100
Japan,JP,JPN,Asia-Pacific,Consumption,IMF IFS via DBnomics,Q.JP.NCP_R_SA_XDC,SA,Source seasonally adjusted,2011-07-01,73039150
Japan,JP,JPN,Asia-Pacific,Consumption,IMF IFS via DBnomics,Q.JP.NCP_R_SA_XDC,SA,Source seasonally adjusted,2011-10-01,73465075
Japan,JP,JPN,Asia-Pacific,Consumption,IMF IFS via DBnomics,Q.JP.NCP_R_SA_XDC,SA,Source seasonally adjusted,2012-01-01,73805775
Japan,JP,JPN,Asia-Pacific,Consumption,IMF IFS via DBnomics,Q.JP.NCP_R_SA_XDC,SA,Source seasonally adjusted,2012-04-01,73904650
Japan,JP,JPN,Asia-Pacific,Consumption,IMF IFS via DBnomics,Q.JP.NCP_R_SA_XDC,SA,Source seasonally adjusted,2012-07-01,73875425
Japan,JP,JPN,Asia-Pacific,Consumption,IMF IFS via DBnomics,Q.JP.NCP_R_SA_XDC,SA,Source seasonally adjusted,2012-10-01,74199725
Japan,JP,JPN,Asia-Pacific,Consumption,IMF IFS via DBnomics,Q.JP.NCP_R_SA_XDC,SA,Source seasonally adjusted,2013-01-01,75298150
Japan,JP,JPN,Asia-Pacific,Consumption,IMF IFS via DBnomics,Q.JP.NCP_R_SA_XDC,SA,Source seasonally adjusted,2013-04-01,75870625
Japan,JP,JPN,Asia-Pacific,Consumption,IMF IFS via DBnomics,Q.JP.NCP_R_SA_XDC,SA,Source seasonally adjusted,2013-07-01,76279025
Japan,JP,JPN,Asia-Pacific,Consumption,IMF IFS via DBnomics,Q.JP.NCP_R_SA_XDC,SA,Source seasonally adjusted,2013-10-01,76150600
Japan,JP,JPN,Asia-Pacific,Consumption,IMF IFS via DBnomics,Q.JP.NCP_R_SA_XDC,SA,Source seasonally adjusted,2014-01-01,77636000
Japan,JP,JPN,Asia-Pacific,Consumption,IMF IFS via DBnomics,Q.JP.NCP_R_SA_XDC,SA,Source seasonally adjusted,2014-04-01,73839325
Japan,JP,JPN,Asia-Pacific,Consumption,IMF IFS via DBnomics,Q.JP.NCP_R_SA_XDC,SA,Source seasonally adjusted,2014-07-01,74486600
Japan,JP,JPN,Asia-Pacific,Consumption,IMF IFS via DBnomics,Q.JP.NCP_R_SA_XDC,SA,Source seasonally adjusted,2014-10-01,74621725
Japan,JP,JPN,Asia-Pacific,Consumption,IMF IFS via DBnomics,Q.JP.NCP_R_SA_XDC,SA,Source seasonally adjusted,2015-01-01,74976475
Japan,JP,JPN,Asia-Pacific,Consumption,IMF IFS via DBnomics,Q.JP.NCP_R_SA_XDC,SA,Source seasonally adjusted,2015-04-01,75063475
Japan,JP,JPN,Asia-Pacific,Consumption,IMF IFS via DBnomics,Q.JP.NCP_R_SA_XDC,SA,Source seasonally adjusted,2015-07-01,75281475
Japan,JP,JPN,Asia-Pacific,Consumption,IMF IFS via DBnomics,Q.JP.NCP_R_SA_XDC,SA,Source seasonally adjusted,2015-10-01,74783475
Japan,JP,JPN,Asia-Pacific,Consumption,IMF IFS via DBnomics,Q.JP.NCP_R_SA_XDC,SA,Source seasonally adjusted,2016-01-01,74843900
Japan,JP,JPN,Asia-Pacific,Consumption,IMF IFS via DBnomics,Q.JP.NCP_R_SA_XDC,SA,Source seasonally adjusted,2016-04-01,74364775
Japan,JP,JPN,Asia-Pacific,Consumption,IMF IFS via DBnomics,Q.JP.NCP_R_SA_XDC,SA,Source seasonally adjusted,2016-07-01,74672700
Japan,JP,JPN,Asia-Pacific,Consumption,IMF IFS via DBnomics,Q.JP.NCP_R_SA_XDC,SA,Source seasonally adjusted,2016-10-01,74851175
Japan,JP,JPN,Asia-Pacific,Consumption,IMF IFS via DBnomics,Q.JP.NCP_R_SA_XDC,SA,Source seasonally adjusted,2017-01-01,75235700
Japan,JP,JPN,Asia-Pacific,Consumption,IMF IFS via DBnomics,Q.JP.NCP_R_SA_XDC,SA,Source seasonally adjusted,2017-04-01,75639475
Japan,JP,JPN,Asia-Pacific,Consumption,IMF IFS via DBnomics,Q.JP.NCP_R_SA_XDC,SA,Source seasonally adjusted,2017-07-01,75409625
Japan,JP,JPN,Asia-Pacific,Consumption,IMF IFS via DBnomics,Q.JP.NCP_R_SA_XDC,SA,Source seasonally adjusted,2017-10-01,75647025
Japan,JP,JPN,Asia-Pacific,Consumption,IMF IFS via DBnomics,Q.JP.NCP_R_SA_XDC,SA,Source seasonally adjusted,2018-01-01,75526150
Japan,JP,JPN,Asia-Pacific,Consumption,IMF IFS via DBnomics,Q.JP.NCP_R_SA_XDC,SA,Source seasonally adjusted,2018-04-01,75671275
Japan,JP,JPN,Asia-Pacific,Consumption,IMF IFS via DBnomics,Q.JP.NCP_R_SA_XDC,SA,Source seasonally adjusted,2018-07-01,75726875
Japan,JP,JPN,Asia-Pacific,Consumption,IMF IFS via DBnomics,Q.JP.NCP_R_SA_XDC,SA,Source seasonally adjusted,2018-10-01,75617000
Japan,JP,JPN,Asia-Pacific,Consumption,IMF IFS via DBnomics,Q.JP.NCP_R_SA_XDC,SA,Source seasonally adjusted,2019-01-01,75372125
Japan,JP,JPN,Asia-Pacific,Consumption,IMF IFS via DBnomics,Q.JP.NCP_R_SA_XDC,SA,Source seasonally adjusted,2019-04-01,75531500
Japan,JP,JPN,Asia-Pacific,Consumption,IMF IFS via DBnomics,Q.JP.NCP_R_SA_XDC,SA,Source seasonally adjusted,2019-07-01,76224200
Japan,JP,JPN,Asia-Pacific,Consumption,IMF IFS via DBnomics,Q.JP.NCP_R_SA_XDC,SA,Source seasonally adjusted,2019-10-01,73637000
Japan,JP,JPN,Asia-Pacific,Consumption,IMF IFS via DBnomics,Q.JP.NCP_R_SA_XDC,SA,Source seasonally adjusted,2020-01-01,74230725
Japan,JP,JPN,Asia-Pacific,Consumption,IMF IFS via DBnomics,Q.JP.NCP_R_SA_XDC,SA,Source seasonally adjusted,2020-04-01,68145250
Japan,JP,JPN,Asia-Pacific,Consumption,IMF IFS via DBnomics,Q.JP.NCP_R_SA_XDC,SA,Source seasonally adjusted,2020-07-01,71822125
Japan,JP,JPN,Asia-Pacific,Consumption,IMF IFS via DBnomics,Q.JP.NCP_R_SA_XDC,SA,Source seasonally adjusted,2020-10-01,73167250
Japan,JP,JPN,Asia-Pacific,Consumption,IMF IFS via DBnomics,Q.JP.NCP_R_SA_XDC,SA,Source seasonally adjusted,2021-01-01,72004450
Japan,JP,JPN,Asia-Pacific,Consumption,IMF IFS via DBnomics,Q.JP.NCP_R_SA_XDC,SA,Source seasonally adjusted,2021-04-01,72320050
Japan,JP,JPN,Asia-Pacific,Consumption,IMF IFS via DBnomics,Q.JP.NCP_R_SA_XDC,SA,Source seasonally adjusted,2021-07-01,71535875
Japan,JP,JPN,Asia-Pacific,Consumption,IMF IFS via DBnomics,Q.JP.NCP_R_SA_XDC,SA,Source seasonally adjusted,2021-10-01,73702575
Japan,JP,JPN,Asia-Pacific,Consumption,IMF IFS via DBnomics,Q.JP.NCP_R_SA_XDC,SA,Source seasonally adjusted,2022-01-01,72714975
Japan,JP,JPN,Asia-Pacific,Consumption,IMF IFS via DBnomics,Q.JP.NCP_R_SA_XDC,SA,Source seasonally adjusted,2022-04-01,74180725
Japan,JP,JPN,Asia-Pacific,Consumption,IMF IFS via DBnomics,Q.JP.NCP_R_SA_XDC,SA,Source seasonally adjusted,2022-07-01,74223500
Japan,JP,JPN,Asia-Pacific,Consumption,IMF IFS via DBnomics,Q.JP.NCP_R_SA_XDC,SA,Source seasonally adjusted,2022-10-01,74364600
Japan,JP,JPN,Asia-Pacific,Consumption,IMF IFS via DBnomics,Q.JP.NCP_R_SA_XDC,SA,Source seasonally adjusted,2023-01-01,75058700
Japan,JP,JPN,Asia-Pacific,Consumption,IMF IFS via DBnomics,Q.JP.NCP_R_SA_XDC,SA,Source seasonally adjusted,2023-04-01,74580750
Japan,JP,JPN,Asia-Pacific,Consumption,IMF IFS via DBnomics,Q.JP.NCP_R_SA_XDC,SA,Source seasonally adjusted,2023-07-01,74198625
Japan,JP,JPN,Asia-Pacific,Consumption,IMF IFS via DBnomics,Q.JP.NCP_R_SA_XDC,SA,Source seasonally adjusted,2023-10-01,74184300
Japan,JP,JPN,Asia-Pacific,Consumption,IMF IFS via DBnomics,Q.JP.NCP_R_SA_XDC,SA,Source seasonally adjusted,2024-01-01,73713900
Japan,JP,JPN,Asia-Pacific,Consumption,IMF IFS via DBnomics,Q.JP.NCP_R_SA_XDC,SA,Source seasonally adjusted,2024-04-01,74309900
Japan,JP,JPN,Asia-Pacific,Consumption,IMF IFS via DBnomics,Q.JP.NCP_R_SA_XDC,SA,Source seasonally adjusted,2024-07-01,74851800
Japan,JP,JPN,Asia-Pacific,Consumption,IMF IFS via DBnomics,Q.JP.NCP_R_SA_XDC,SA,Source seasonally adjusted,2024-10-01,74920150
Japan,JP,JPN,Asia-Pacific,Consumption,IMF IFS via DBnomics,Q.JP.NCP_R_SA_XDC,SA,Source seasonally adjusted,2025-01-01,75028100
Japan,JP,JPN,Asia-Pacific,Investment,IMF IFS via DBnomics,Q.JP.NFI_R_SA_XDC,SA,Source seasonally adjusted,1994-01-01,34942375
Japan,JP,JPN,Asia-Pacific,Investment,IMF IFS via DBnomics,Q.JP.NFI_R_SA_XDC,SA,Source seasonally adjusted,1994-04-01,35374950
Japan,JP,JPN,Asia-Pacific,Investment,IMF IFS via DBnomics,Q.JP.NFI_R_SA_XDC,SA,Source seasonally adjusted,1994-07-01,35520800
Japan,JP,JPN,Asia-Pacific,Investment,IMF IFS via DBnomics,Q.JP.NFI_R_SA_XDC,SA,Source seasonally adjusted,1994-10-01,35334700
Japan,JP,JPN,Asia-Pacific,Investment,IMF IFS via DBnomics,Q.JP.NFI_R_SA_XDC,SA,Source seasonally adjusted,1995-01-01,35106975
Japan,JP,JPN,Asia-Pacific,Investment,IMF IFS via DBnomics,Q.JP.NFI_R_SA_XDC,SA,Source seasonally adjusted,1995-04-01,36005350
Japan,JP,JPN,Asia-Pacific,Investment,IMF IFS via DBnomics,Q.JP.NFI_R_SA_XDC,SA,Source seasonally adjusted,1995-07-01,36983275
Japan,JP,JPN,Asia-Pacific,Investment,IMF IFS via DBnomics,Q.JP.NFI_R_SA_XDC,SA,Source seasonally adjusted,1995-10-01,37501025
Japan,JP,JPN,Asia-Pacific,Investment,IMF IFS via DBnomics,Q.JP.NFI_R_SA_XDC,SA,Source seasonally adjusted,1996-01-01,38297225
Japan,JP,JPN,Asia-Pacific,Investment,IMF IFS via DBnomics,Q.JP.NFI_R_SA_XDC,SA,Source seasonally adjusted,1996-04-01,39138150
Japan,JP,JPN,Asia-Pacific,Investment,IMF IFS via DBnomics,Q.JP.NFI_R_SA_XDC,SA,Source seasonally adjusted,1996-07-01,39186050
Japan,JP,JPN,Asia-Pacific,Investment,IMF IFS via DBnomics,Q.JP.NFI_R_SA_XDC,SA,Source seasonally adjusted,1996-10-01,39065975
Japan,JP,JPN,Asia-Pacific,Investment,IMF IFS via DBnomics,Q.JP.NFI_R_SA_XDC,SA,Source seasonally adjusted,1997-01-01,38857800
Japan,JP,JPN,Asia-Pacific,Investment,IMF IFS via DBnomics,Q.JP.NFI_R_SA_XDC,SA,Source seasonally adjusted,1997-04-01,38205225
Japan,JP,JPN,Asia-Pacific,Investment,IMF IFS via DBnomics,Q.JP.NFI_R_SA_XDC,SA,Source seasonally adjusted,1997-07-01,38009375
Japan,JP,JPN,Asia-Pacific,Investment,IMF IFS via DBnomics,Q.JP.NFI_R_SA_XDC,SA,Source seasonally adjusted,1997-10-01,37684425
Japan,JP,JPN,Asia-Pacific,Investment,IMF IFS via DBnomics,Q.JP.NFI_R_SA_XDC,SA,Source seasonally adjusted,1998-01-01,36607075
Japan,JP,JPN,Asia-Pacific,Investment,IMF IFS via DBnomics,Q.JP.NFI_R_SA_XDC,SA,Source seasonally adjusted,1998-04-01,36205550
Japan,JP,JPN,Asia-Pacific,Investment,IMF IFS via DBnomics,Q.JP.NFI_R_SA_XDC,SA,Source seasonally adjusted,1998-07-01,36362525
Japan,JP,JPN,Asia-Pacific,Investment,IMF IFS via DBnomics,Q.JP.NFI_R_SA_XDC,SA,Source seasonally adjusted,1998-10-01,36705650
Japan,JP,JPN,Asia-Pacific,Investment,IMF IFS via DBnomics,Q.JP.NFI_R_SA_XDC,SA,Source seasonally adjusted,1999-01-01,36124050
Japan,JP,JPN,Asia-Pacific,Investment,IMF IFS via DBnomics,Q.JP.NFI_R_SA_XDC,SA,Source seasonally adjusted,1999-04-01,36467850
Japan,JP,JPN,Asia-Pacific,Investment,IMF IFS via DBnomics,Q.JP.NFI_R_SA_XDC,SA,Source seasonally adjusted,1999-07-01,36081725
Japan,JP,JPN,Asia-Pacific,Investment,IMF IFS via DBnomics,Q.JP.NFI_R_SA_XDC,SA,Source seasonally adjusted,1999-10-01,35993825
Japan,JP,JPN,Asia-Pacific,Investment,IMF IFS via DBnomics,Q.JP.NFI_R_SA_XDC,SA,Source seasonally adjusted,2000-01-01,36229050
Japan,JP,JPN,Asia-Pacific,Investment,IMF IFS via DBnomics,Q.JP.NFI_R_SA_XDC,SA,Source seasonally adjusted,2000-04-01,36023500
Japan,JP,JPN,Asia-Pacific,Investment,IMF IFS via DBnomics,Q.JP.NFI_R_SA_XDC,SA,Source seasonally adjusted,2000-07-01,36417350
Japan,JP,JPN,Asia-Pacific,Investment,IMF IFS via DBnomics,Q.JP.NFI_R_SA_XDC,SA,Source seasonally adjusted,2000-10-01,36869950
Japan,JP,JPN,Asia-Pacific,Investment,IMF IFS via DBnomics,Q.JP.NFI_R_SA_XDC,SA,Source seasonally adjusted,2001-01-01,37437650
Japan,JP,JPN,Asia-Pacific,Investment,IMF IFS via DBnomics,Q.JP.NFI_R_SA_XDC,SA,Source seasonally adjusted,2001-04-01,35938500
Japan,JP,JPN,Asia-Pacific,Investment,IMF IFS via DBnomics,Q.JP.NFI_R_SA_XDC,SA,Source seasonally adjusted,2001-07-01,35522300
Japan,JP,JPN,Asia-Pacific,Investment,IMF IFS via DBnomics,Q.JP.NFI_R_SA_XDC,SA,Source seasonally adjusted,2001-10-01,34520700
Japan,JP,JPN,Asia-Pacific,Investment,IMF IFS via DBnomics,Q.JP.NFI_R_SA_XDC,SA,Source seasonally adjusted,2002-01-01,34409300
Japan,JP,JPN,Asia-Pacific,Investment,IMF IFS via DBnomics,Q.JP.NFI_R_SA_XDC,SA,Source seasonally adjusted,2002-04-01,33905675
Japan,JP,JPN,Asia-Pacific,Investment,IMF IFS via DBnomics,Q.JP.NFI_R_SA_XDC,SA,Source seasonally adjusted,2002-07-01,34176000
Japan,JP,JPN,Asia-Pacific,Investment,IMF IFS via DBnomics,Q.JP.NFI_R_SA_XDC,SA,Source seasonally adjusted,2002-10-01,33985450
Japan,JP,JPN,Asia-Pacific,Investment,IMF IFS via DBnomics,Q.JP.NFI_R_SA_XDC,SA,Source seasonally adjusted,2003-01-01,33745550
Japan,JP,JPN,Asia-Pacific,Investment,IMF IFS via DBnomics,Q.JP.NFI_R_SA_XDC,SA,Source seasonally adjusted,2003-04-01,34111275
Japan,JP,JPN,Asia-Pacific,Investment,IMF IFS via DBnomics,Q.JP.NFI_R_SA_XDC,SA,Source seasonally adjusted,2003-07-01,33678575
Japan,JP,JPN,Asia-Pacific,Investment,IMF IFS via DBnomics,Q.JP.NFI_R_SA_XDC,SA,Source seasonally adjusted,2003-10-01,34203275
Japan,JP,JPN,Asia-Pacific,Investment,IMF IFS via DBnomics,Q.JP.NFI_R_SA_XDC,SA,Source seasonally adjusted,2004-01-01,33865500
Japan,JP,JPN,Asia-Pacific,Investment,IMF IFS via DBnomics,Q.JP.NFI_R_SA_XDC,SA,Source seasonally adjusted,2004-04-01,33866375
Japan,JP,JPN,Asia-Pacific,Investment,IMF IFS via DBnomics,Q.JP.NFI_R_SA_XDC,SA,Source seasonally adjusted,2004-07-01,33991925
Japan,JP,JPN,Asia-Pacific,Investment,IMF IFS via DBnomics,Q.JP.NFI_R_SA_XDC,SA,Source seasonally adjusted,2004-10-01,34356875
Japan,JP,JPN,Asia-Pacific,Investment,IMF IFS via DBnomics,Q.JP.NFI_R_SA_XDC,SA,Source seasonally adjusted,2005-01-01,34621700
Japan,JP,JPN,Asia-Pacific,Investment,IMF IFS via DBnomics,Q.JP.NFI_R_SA_XDC,SA,Source seasonally adjusted,2005-04-01,34842850
Japan,JP,JPN,Asia-Pacific,Investment,IMF IFS via DBnomics,Q.JP.NFI_R_SA_XDC,SA,Source seasonally adjusted,2005-07-01,35560625
Japan,JP,JPN,Asia-Pacific,Investment,IMF IFS via DBnomics,Q.JP.NFI_R_SA_XDC,SA,Source seasonally adjusted,2005-10-01,35121600
Japan,JP,JPN,Asia-Pacific,Investment,IMF IFS via DBnomics,Q.JP.NFI_R_SA_XDC,SA,Source seasonally adjusted,2006-01-01,35151000
Japan,JP,JPN,Asia-Pacific,Investment,IMF IFS via DBnomics,Q.JP.NFI_R_SA_XDC,SA,Source seasonally adjusted,2006-04-01,35219200
Japan,JP,JPN,Asia-Pacific,Investment,IMF IFS via DBnomics,Q.JP.NFI_R_SA_XDC,SA,Source seasonally adjusted,2006-07-01,34897550
Japan,JP,JPN,Asia-Pacific,Investment,IMF IFS via DBnomics,Q.JP.NFI_R_SA_XDC,SA,Source seasonally adjusted,2006-10-01,35396175
Japan,JP,JPN,Asia-Pacific,Investment,IMF IFS via DBnomics,Q.JP.NFI_R_SA_XDC,SA,Source seasonally adjusted,2007-01-01,35330250
Japan,JP,JPN,Asia-Pacific,Investment,IMF IFS via DBnomics,Q.JP.NFI_R_SA_XDC,SA,Source seasonally adjusted,2007-04-01,34819875
Japan,JP,JPN,Asia-Pacific,Investment,IMF IFS via DBnomics,Q.JP.NFI_R_SA_XDC,SA,Source seasonally adjusted,2007-07-01,33968275
Japan,JP,JPN,Asia-Pacific,Investment,IMF IFS via DBnomics,Q.JP.NFI_R_SA_XDC,SA,Source seasonally adjusted,2007-10-01,33488000
Japan,JP,JPN,Asia-Pacific,Investment,IMF IFS via DBnomics,Q.JP.NFI_R_SA_XDC,SA,Source seasonally adjusted,2008-01-01,33643050
Japan,JP,JPN,Asia-Pacific,Investment,IMF IFS via DBnomics,Q.JP.NFI_R_SA_XDC,SA,Source seasonally adjusted,2008-04-01,33268100
Japan,JP,JPN,Asia-Pacific,Investment,IMF IFS via DBnomics,Q.JP.NFI_R_SA_XDC,SA,Source seasonally adjusted,2008-07-01,33026825
Japan,JP,JPN,Asia-Pacific,Investment,IMF IFS via DBnomics,Q.JP.NFI_R_SA_XDC,SA,Source seasonally adjusted,2008-10-01,32271800
Japan,JP,JPN,Asia-Pacific,Investment,IMF IFS via DBnomics,Q.JP.NFI_R_SA_XDC,SA,Source seasonally adjusted,2009-01-01,30734850
Japan,JP,JPN,Asia-Pacific,Investment,IMF IFS via DBnomics,Q.JP.NFI_R_SA_XDC,SA,Source seasonally adjusted,2009-04-01,30140200
Japan,JP,JPN,Asia-Pacific,Investment,IMF IFS via DBnomics,Q.JP.NFI_R_SA_XDC,SA,Source seasonally adjusted,2009-07-01,29206025
Japan,JP,JPN,Asia-Pacific,Investment,IMF IFS via DBnomics,Q.JP.NFI_R_SA_XDC,SA,Source seasonally adjusted,2009-10-01,29004975
Japan,JP,JPN,Asia-Pacific,Investment,IMF IFS via DBnomics,Q.JP.NFI_R_SA_XDC,SA,Source seasonally adjusted,2010-01-01,29363900
Japan,JP,JPN,Asia-Pacific,Investment,IMF IFS via DBnomics,Q.JP.NFI_R_SA_XDC,SA,Source seasonally adjusted,2010-04-01,29247525
Japan,JP,JPN,Asia-Pacific,Investment,IMF IFS via DBnomics,Q.JP.NFI_R_SA_XDC,SA,Source seasonally adjusted,2010-07-01,29444600
Japan,JP,JPN,Asia-Pacific,Investment,IMF IFS via DBnomics,Q.JP.NFI_R_SA_XDC,SA,Source seasonally adjusted,2010-10-01,29426200
Japan,JP,JPN,Asia-Pacific,Investment,IMF IFS via DBnomics,Q.JP.NFI_R_SA_XDC,SA,Source seasonally adjusted,2011-01-01,29900075
Japan,JP,JPN,Asia-Pacific,Investment,IMF IFS via DBnomics,Q.JP.NFI_R_SA_XDC,SA,Source seasonally adjusted,2011-04-01,29642300
Japan,JP,JPN,Asia-Pacific,Investment,IMF IFS via DBnomics,Q.JP.NFI_R_SA_XDC,SA,Source seasonally adjusted,2011-07-01,30081450
Japan,JP,JPN,Asia-Pacific,Investment,IMF IFS via DBnomics,Q.JP.NFI_R_SA_XDC,SA,Source seasonally adjusted,2011-10-01,30545350
Japan,JP,JPN,Asia-Pacific,Investment,IMF IFS via DBnomics,Q.JP.NFI_R_SA_XDC,SA,Source seasonally adjusted,2012-01-01,30845150
Japan,JP,JPN,Asia-Pacific,Investment,IMF IFS via DBnomics,Q.JP.NFI_R_SA_XDC,SA,Source seasonally adjusted,2012-04-01,31017825
Japan,JP,JPN,Asia-Pacific,Investment,IMF IFS via DBnomics,Q.JP.NFI_R_SA_XDC,SA,Source seasonally adjusted,2012-07-01,30824000
Japan,JP,JPN,Asia-Pacific,Investment,IMF IFS via DBnomics,Q.JP.NFI_R_SA_XDC,SA,Source seasonally adjusted,2012-10-01,30767450
Japan,JP,JPN,Asia-Pacific,Investment,IMF IFS via DBnomics,Q.JP.NFI_R_SA_XDC,SA,Source seasonally adjusted,2013-01-01,30898825
Japan,JP,JPN,Asia-Pacific,Investment,IMF IFS via DBnomics,Q.JP.NFI_R_SA_XDC,SA,Source seasonally adjusted,2013-04-01,31851700
Japan,JP,JPN,Asia-Pacific,Investment,IMF IFS via DBnomics,Q.JP.NFI_R_SA_XDC,SA,Source seasonally adjusted,2013-07-01,32693350
Japan,JP,JPN,Asia-Pacific,Investment,IMF IFS via DBnomics,Q.JP.NFI_R_SA_XDC,SA,Source seasonally adjusted,2013-10-01,33145150
Japan,JP,JPN,Asia-Pacific,Investment,IMF IFS via DBnomics,Q.JP.NFI_R_SA_XDC,SA,Source seasonally adjusted,2014-01-01,33593275
Japan,JP,JPN,Asia-Pacific,Investment,IMF IFS via DBnomics,Q.JP.NFI_R_SA_XDC,SA,Source seasonally adjusted,2014-04-01,32462775
Japan,JP,JPN,Asia-Pacific,Investment,IMF IFS via DBnomics,Q.JP.NFI_R_SA_XDC,SA,Source seasonally adjusted,2014-07-01,32516925
Japan,JP,JPN,Asia-Pacific,Investment,IMF IFS via DBnomics,Q.JP.NFI_R_SA_XDC,SA,Source seasonally adjusted,2014-10-01,32725325
Japan,JP,JPN,Asia-Pacific,Investment,IMF IFS via DBnomics,Q.JP.NFI_R_SA_XDC,SA,Source seasonally adjusted,2015-01-01,33575600
Japan,JP,JPN,Asia-Pacific,Investment,IMF IFS via DBnomics,Q.JP.NFI_R_SA_XDC,SA,Source seasonally adjusted,2015-04-01,33318300
Japan,JP,JPN,Asia-Pacific,Investment,IMF IFS via DBnomics,Q.JP.NFI_R_SA_XDC,SA,Source seasonally adjusted,2015-07-01,33639300
Japan,JP,JPN,Asia-Pacific,Investment,IMF IFS via DBnomics,Q.JP.NFI_R_SA_XDC,SA,Source seasonally adjusted,2015-10-01,33765625
Japan,JP,JPN,Asia-Pacific,Investment,IMF IFS via DBnomics,Q.JP.NFI_R_SA_XDC,SA,Source seasonally adjusted,2016-01-01,33827250
Japan,JP,JPN,Asia-Pacific,Investment,IMF IFS via DBnomics,Q.JP.NFI_R_SA_XDC,SA,Source seasonally adjusted,2016-04-01,33814100
Japan,JP,JPN,Asia-Pacific,Investment,IMF IFS via DBnomics,Q.JP.NFI_R_SA_XDC,SA,Source seasonally adjusted,2016-07-01,34006800
Japan,JP,JPN,Asia-Pacific,Investment,IMF IFS via DBnomics,Q.JP.NFI_R_SA_XDC,SA,Source seasonally adjusted,2016-10-01,34209500
Japan,JP,JPN,Asia-Pacific,Investment,IMF IFS via DBnomics,Q.JP.NFI_R_SA_XDC,SA,Source seasonally adjusted,2017-01-01,34299200
Japan,JP,JPN,Asia-Pacific,Investment,IMF IFS via DBnomics,Q.JP.NFI_R_SA_XDC,SA,Source seasonally adjusted,2017-04-01,34606975
Japan,JP,JPN,Asia-Pacific,Investment,IMF IFS via DBnomics,Q.JP.NFI_R_SA_XDC,SA,Source seasonally adjusted,2017-07-01,34609125
Japan,JP,JPN,Asia-Pacific,Investment,IMF IFS via DBnomics,Q.JP.NFI_R_SA_XDC,SA,Source seasonally adjusted,2017-10-01,34611450
Japan,JP,JPN,Asia-Pacific,Investment,IMF IFS via DBnomics,Q.JP.NFI_R_SA_XDC,SA,Source seasonally adjusted,2018-01-01,34776050
Japan,JP,JPN,Asia-Pacific,Investment,IMF IFS via DBnomics,Q.JP.NFI_R_SA_XDC,SA,Source seasonally adjusted,2018-04-01,35036400
Japan,JP,JPN,Asia-Pacific,Investment,IMF IFS via DBnomics,Q.JP.NFI_R_SA_XDC,SA,Source seasonally adjusted,2018-07-01,34332350
Japan,JP,JPN,Asia-Pacific,Investment,IMF IFS via DBnomics,Q.JP.NFI_R_SA_XDC,SA,Source seasonally adjusted,2018-10-01,34788000
Japan,JP,JPN,Asia-Pacific,Investment,IMF IFS via DBnomics,Q.JP.NFI_R_SA_XDC,SA,Source seasonally adjusted,2019-01-01,35091875
Japan,JP,JPN,Asia-Pacific,Investment,IMF IFS via DBnomics,Q.JP.NFI_R_SA_XDC,SA,Source seasonally adjusted,2019-04-01,35138500
Japan,JP,JPN,Asia-Pacific,Investment,IMF IFS via DBnomics,Q.JP.NFI_R_SA_XDC,SA,Source seasonally adjusted,2019-07-01,35606550
Japan,JP,JPN,Asia-Pacific,Investment,IMF IFS via DBnomics,Q.JP.NFI_R_SA_XDC,SA,Source seasonally adjusted,2019-10-01,33818550
Japan,JP,JPN,Asia-Pacific,Investment,IMF IFS via DBnomics,Q.JP.NFI_R_SA_XDC,SA,Source seasonally adjusted,2020-01-01,34506225
Japan,JP,JPN,Asia-Pacific,Investment,IMF IFS via DBnomics,Q.JP.NFI_R_SA_XDC,SA,Source seasonally adjusted,2020-04-01,33419625
Japan,JP,JPN,Asia-Pacific,Investment,IMF IFS via DBnomics,Q.JP.NFI_R_SA_XDC,SA,Source seasonally adjusted,2020-07-01,33042575
Japan,JP,JPN,Asia-Pacific,Investment,IMF IFS via DBnomics,Q.JP.NFI_R_SA_XDC,SA,Source seasonally adjusted,2020-10-01,33471425
Japan,JP,JPN,Asia-Pacific,Investment,IMF IFS via DBnomics,Q.JP.NFI_R_SA_XDC,SA,Source seasonally adjusted,2021-01-01,33817925
Japan,JP,JPN,Asia-Pacific,Investment,IMF IFS via DBnomics,Q.JP.NFI_R_SA_XDC,SA,Source seasonally adjusted,2021-04-01,34161475
Japan,JP,JPN,Asia-Pacific,Investment,IMF IFS via DBnomics,Q.JP.NFI_R_SA_XDC,SA,Source seasonally adjusted,2021-07-01,33656800
Japan,JP,JPN,Asia-Pacific,Investment,IMF IFS via DBnomics,Q.JP.NFI_R_SA_XDC,SA,Source seasonally adjusted,2021-10-01,33612625
Japan,JP,JPN,Asia-Pacific,Investment,IMF IFS via DBnomics,Q.JP.NFI_R_SA_XDC,SA,Source seasonally adjusted,2022-01-01,33333000
Japan,JP,JPN,Asia-Pacific,Investment,IMF IFS via DBnomics,Q.JP.NFI_R_SA_XDC,SA,Source seasonally adjusted,2022-04-01,33419050
Japan,JP,JPN,Asia-Pacific,Investment,IMF IFS via DBnomics,Q.JP.NFI_R_SA_XDC,SA,Source seasonally adjusted,2022-07-01,33958950
Japan,JP,JPN,Asia-Pacific,Investment,IMF IFS via DBnomics,Q.JP.NFI_R_SA_XDC,SA,Source seasonally adjusted,2022-10-01,33802025
Japan,JP,JPN,Asia-Pacific,Investment,IMF IFS via DBnomics,Q.JP.NFI_R_SA_XDC,SA,Source seasonally adjusted,2023-01-01,34397200
Japan,JP,JPN,Asia-Pacific,Investment,IMF IFS via DBnomics,Q.JP.NFI_R_SA_XDC,SA,Source seasonally adjusted,2023-04-01,34065200
Japan,JP,JPN,Asia-Pacific,Investment,IMF IFS via DBnomics,Q.JP.NFI_R_SA_XDC,SA,Source seasonally adjusted,2023-07-01,33820900
Japan,JP,JPN,Asia-Pacific,Investment,IMF IFS via DBnomics,Q.JP.NFI_R_SA_XDC,SA,Source seasonally adjusted,2023-10-01,34142700
Japan,JP,JPN,Asia-Pacific,Investment,IMF IFS via DBnomics,Q.JP.NFI_R_SA_XDC,SA,Source seasonally adjusted,2024-01-01,33684850
Japan,JP,JPN,Asia-Pacific,Investment,IMF IFS via DBnomics,Q.JP.NFI_R_SA_XDC,SA,Source seasonally adjusted,2024-04-01,34392800
Japan,JP,JPN,Asia-Pacific,Investment,IMF IFS via DBnomics,Q.JP.NFI_R_SA_XDC,SA,Source seasonally adjusted,2024-07-01,34368125
Japan,JP,JPN,Asia-Pacific,Investment,IMF IFS via DBnomics,Q.JP.NFI_R_SA_XDC,SA,Source seasonally adjusted,2024-10-01,34446800
Japan,JP,JPN,Asia-Pacific,Investment,IMF IFS via DBnomics,Q.JP.NFI_R_SA_XDC,SA,Source seasonally adjusted,2025-01-01,34718075
Malaysia,MY,MYS,ASEAN,Consumption,IMF IFS via DBnomics,Q.MY.NCP_R_NSA_XDC,NSA,Periodic STL adjustment of source NSA series,2015-01-01,155241.34717645028
Malaysia,MY,MYS,ASEAN,Consumption,IMF IFS via DBnomics,Q.MY.NCP_R_NSA_XDC,NSA,Periodic STL adjustment of source NSA series,2015-04-01,157496.49434849527
Malaysia,MY,MYS,ASEAN,Consumption,IMF IFS via DBnomics,Q.MY.NCP_R_NSA_XDC,NSA,Periodic STL adjustment of source NSA series,2015-07-01,159562.3940023669
Malaysia,MY,MYS,ASEAN,Consumption,IMF IFS via DBnomics,Q.MY.NCP_R_NSA_XDC,NSA,Periodic STL adjustment of source NSA series,2015-10-01,162636.71183881265
Malaysia,MY,MYS,ASEAN,Consumption,IMF IFS via DBnomics,Q.MY.NCP_R_NSA_XDC,NSA,Periodic STL adjustment of source NSA series,2016-01-01,163106.7973453616
Malaysia,MY,MYS,ASEAN,Consumption,IMF IFS via DBnomics,Q.MY.NCP_R_NSA_XDC,NSA,Periodic STL adjustment of source NSA series,2016-04-01,167164.19315215704
Malaysia,MY,MYS,ASEAN,Consumption,IMF IFS via DBnomics,Q.MY.NCP_R_NSA_XDC,NSA,Periodic STL adjustment of source NSA series,2016-07-01,169389.40270924143
Malaysia,MY,MYS,ASEAN,Consumption,IMF IFS via DBnomics,Q.MY.NCP_R_NSA_XDC,NSA,Periodic STL adjustment of source NSA series,2016-10-01,172420.1585295656
Malaysia,MY,MYS,ASEAN,Consumption,IMF IFS via DBnomics,Q.MY.NCP_R_NSA_XDC,NSA,Periodic STL adjustment of source NSA series,2017-01-01,173858.5793025211
Malaysia,MY,MYS,ASEAN,Consumption,IMF IFS via DBnomics,Q.MY.NCP_R_NSA_XDC,NSA,Periodic STL adjustment of source NSA series,2017-04-01,178832.13282883004
Malaysia,MY,MYS,ASEAN,Consumption,IMF IFS via DBnomics,Q.MY.NCP_R_NSA_XDC,NSA,Periodic STL adjustment of source NSA series,2017-07-01,181463.6207488065
Malaysia,MY,MYS,ASEAN,Consumption,IMF IFS via DBnomics,Q.MY.NCP_R_NSA_XDC,NSA,Periodic STL adjustment of source NSA series,2017-10-01,184344.65592890847
Malaysia,MY,MYS,ASEAN,Consumption,IMF IFS via DBnomics,Q.MY.NCP_R_NSA_XDC,NSA,Periodic STL adjustment of source NSA series,2018-01-01,185283.08017125487
Malaysia,MY,MYS,ASEAN,Consumption,IMF IFS via DBnomics,Q.MY.NCP_R_NSA_XDC,NSA,Periodic STL adjustment of source NSA series,2018-04-01,193058.07569429665
Malaysia,MY,MYS,ASEAN,Consumption,IMF IFS via DBnomics,Q.MY.NCP_R_NSA_XDC,NSA,Periodic STL adjustment of source NSA series,2018-07-01,197605.11428007812
Malaysia,MY,MYS,ASEAN,Consumption,IMF IFS via DBnomics,Q.MY.NCP_R_NSA_XDC,NSA,Periodic STL adjustment of source NSA series,2018-10-01,199831.8618602458
Malaysia,MY,MYS,ASEAN,Consumption,IMF IFS via DBnomics,Q.MY.NCP_R_NSA_XDC,NSA,Periodic STL adjustment of source NSA series,2019-01-01,199628.57619694722
Malaysia,MY,MYS,ASEAN,Consumption,IMF IFS via DBnomics,Q.MY.NCP_R_NSA_XDC,NSA,Periodic STL adjustment of source NSA series,2019-04-01,208140.39721273593
Malaysia,MY,MYS,ASEAN,Consumption,IMF IFS via DBnomics,Q.MY.NCP_R_NSA_XDC,NSA,Periodic STL adjustment of source NSA series,2019-07-01,211585.71684356764
Malaysia,MY,MYS,ASEAN,Consumption,IMF IFS via DBnomics,Q.MY.NCP_R_NSA_XDC,NSA,Periodic STL adjustment of source NSA series,2019-10-01,216112.29282120962
Malaysia,MY,MYS,ASEAN,Consumption,IMF IFS via DBnomics,Q.MY.NCP_R_NSA_XDC,NSA,Periodic STL adjustment of source NSA series,2020-01-01,213935.53106634208
Malaysia,MY,MYS,ASEAN,Consumption,IMF IFS via DBnomics,Q.MY.NCP_R_NSA_XDC,NSA,Periodic STL adjustment of source NSA series,2020-04-01,170311.28932118285
Malaysia,MY,MYS,ASEAN,Consumption,IMF IFS via DBnomics,Q.MY.NCP_R_NSA_XDC,NSA,Periodic STL adjustment of source NSA series,2020-07-01,208042.3305668462
Malaysia,MY,MYS,ASEAN,Consumption,IMF IFS via DBnomics,Q.MY.NCP_R_NSA_XDC,NSA,Periodic STL adjustment of source NSA series,2020-10-01,209492.64158883656
Malaysia,MY,MYS,ASEAN,Consumption,IMF IFS via DBnomics,Q.MY.NCP_R_NSA_XDC,NSA,Periodic STL adjustment of source NSA series,2021-01-01,210319.95554399182
Malaysia,MY,MYS,ASEAN,Consumption,IMF IFS via DBnomics,Q.MY.NCP_R_NSA_XDC,NSA,Periodic STL adjustment of source NSA series,2021-04-01,190088.02605359897
Malaysia,MY,MYS,ASEAN,Consumption,IMF IFS via DBnomics,Q.MY.NCP_R_NSA_XDC,NSA,Periodic STL adjustment of source NSA series,2021-07-01,199466.25437702928
Malaysia,MY,MYS,ASEAN,Consumption,IMF IFS via DBnomics,Q.MY.NCP_R_NSA_XDC,NSA,Periodic STL adjustment of source NSA series,2021-10-01,217005.53532372447
Malaysia,MY,MYS,ASEAN,Consumption,IMF IFS via DBnomics,Q.MY.NCP_R_NSA_XDC,NSA,Periodic STL adjustment of source NSA series,2022-01-01,221824.81067128695
Malaysia,MY,MYS,ASEAN,Consumption,IMF IFS via DBnomics,Q.MY.NCP_R_NSA_XDC,NSA,Periodic STL adjustment of source NSA series,2022-04-01,225030.72068440533
Malaysia,MY,MYS,ASEAN,Consumption,IMF IFS via DBnomics,Q.MY.NCP_R_NSA_XDC,NSA,Periodic STL adjustment of source NSA series,2022-07-01,229552.63332979137
Malaysia,MY,MYS,ASEAN,Consumption,IMF IFS via DBnomics,Q.MY.NCP_R_NSA_XDC,NSA,Periodic STL adjustment of source NSA series,2022-10-01,232874.52839356853
Malaysia,MY,MYS,ASEAN,Consumption,IMF IFS via DBnomics,Q.MY.NCP_R_NSA_XDC,NSA,Periodic STL adjustment of source NSA series,2023-01-01,235462.87426424303
Malaysia,MY,MYS,ASEAN,Consumption,IMF IFS via DBnomics,Q.MY.NCP_R_NSA_XDC,NSA,Periodic STL adjustment of source NSA series,2023-04-01,234553.61985106778
Malaysia,MY,MYS,ASEAN,Consumption,IMF IFS via DBnomics,Q.MY.NCP_R_NSA_XDC,NSA,Periodic STL adjustment of source NSA series,2023-07-01,238998.7444787108
Malaysia,MY,MYS,ASEAN,Consumption,IMF IFS via DBnomics,Q.MY.NCP_R_NSA_XDC,NSA,Periodic STL adjustment of source NSA series,2023-10-01,242606.90710501885
Malaysia,MY,MYS,ASEAN,Consumption,IMF IFS via DBnomics,Q.MY.NCP_R_NSA_XDC,NSA,Periodic STL adjustment of source NSA series,2024-01-01,246589.64108960587
Malaysia,MY,MYS,ASEAN,Investment,IMF IFS via DBnomics,Q.MY.NFI_R_NSA_XDC,NSA,Periodic STL adjustment of source NSA series,2015-01-01,74404.71531938578
Malaysia,MY,MYS,ASEAN,Investment,IMF IFS via DBnomics,Q.MY.NFI_R_NSA_XDC,NSA,Periodic STL adjustment of source NSA series,2015-04-01,75257.08340697605
Malaysia,MY,MYS,ASEAN,Investment,IMF IFS via DBnomics,Q.MY.NFI_R_NSA_XDC,NSA,Periodic STL adjustment of source NSA series,2015-07-01,77010.76440053523
Malaysia,MY,MYS,ASEAN,Investment,IMF IFS via DBnomics,Q.MY.NFI_R_NSA_XDC,NSA,Periodic STL adjustment of source NSA series,2015-10-01,77772.36776972792
Malaysia,MY,MYS,ASEAN,Investment,IMF IFS via DBnomics,Q.MY.NFI_R_NSA_XDC,NSA,Periodic STL adjustment of source NSA series,2016-01-01,74461.92861142683
Malaysia,MY,MYS,ASEAN,Investment,IMF IFS via DBnomics,Q.MY.NFI_R_NSA_XDC,NSA,Periodic STL adjustment of source NSA series,2016-04-01,79822.16306219454
Malaysia,MY,MYS,ASEAN,Investment,IMF IFS via DBnomics,Q.MY.NFI_R_NSA_XDC,NSA,Periodic STL adjustment of source NSA series,2016-07-01,78465.25078009254
Malaysia,MY,MYS,ASEAN,Investment,IMF IFS via DBnomics,Q.MY.NFI_R_NSA_XDC,NSA,Periodic STL adjustment of source NSA series,2016-10-01,79381.04148178245
Malaysia,MY,MYS,ASEAN,Investment,IMF IFS via DBnomics,Q.MY.NFI_R_NSA_XDC,NSA,Periodic STL adjustment of source NSA series,2017-01-01,81554.91309944325
Malaysia,MY,MYS,ASEAN,Investment,IMF IFS via DBnomics,Q.MY.NFI_R_NSA_XDC,NSA,Periodic STL adjustment of source NSA series,2017-04-01,82938.7960127679
Malaysia,MY,MYS,ASEAN,Investment,IMF IFS via DBnomics,Q.MY.NFI_R_NSA_XDC,NSA,Periodic STL adjustment of source NSA series,2017-07-01,83640.11111851748
Malaysia,MY,MYS,ASEAN,Investment,IMF IFS via DBnomics,Q.MY.NFI_R_NSA_XDC,NSA,Periodic STL adjustment of source NSA series,2017-10-01,82892.26005468791
Malaysia,MY,MYS,ASEAN,Investment,IMF IFS via DBnomics,Q.MY.NFI_R_NSA_XDC,NSA,Periodic STL adjustment of source NSA series,2018-01-01,81735.85829765117
Malaysia,MY,MYS,ASEAN,Investment,IMF IFS via DBnomics,Q.MY.NFI_R_NSA_XDC,NSA,Periodic STL adjustment of source NSA series,2018-04-01,84352.56007397454
Malaysia,MY,MYS,ASEAN,Investment,IMF IFS via DBnomics,Q.MY.NFI_R_NSA_XDC,NSA,Periodic STL adjustment of source NSA series,2018-07-01,86017.45048963888
Malaysia,MY,MYS,ASEAN,Investment,IMF IFS via DBnomics,Q.MY.NFI_R_NSA_XDC,NSA,Periodic STL adjustment of source NSA series,2018-10-01,83408.37066697203
Malaysia,MY,MYS,ASEAN,Investment,IMF IFS via DBnomics,Q.MY.NFI_R_NSA_XDC,NSA,Periodic STL adjustment of source NSA series,2019-01-01,78936.30396959593
Malaysia,MY,MYS,ASEAN,Investment,IMF IFS via DBnomics,Q.MY.NFI_R_NSA_XDC,NSA,Periodic STL adjustment of source NSA series,2019-04-01,83852.52317863824
Malaysia,MY,MYS,ASEAN,Investment,IMF IFS via DBnomics,Q.MY.NFI_R_NSA_XDC,NSA,Periodic STL adjustment of source NSA series,2019-07-01,82825.09344733943
Malaysia,MY,MYS,ASEAN,Investment,IMF IFS via DBnomics,Q.MY.NFI_R_NSA_XDC,NSA,Periodic STL adjustment of source NSA series,2019-10-01,82840.01414138539
Malaysia,MY,MYS,ASEAN,Investment,IMF IFS via DBnomics,Q.MY.NFI_R_NSA_XDC,NSA,Periodic STL adjustment of source NSA series,2020-01-01,75438.60537326211
Malaysia,MY,MYS,ASEAN,Investment,IMF IFS via DBnomics,Q.MY.NFI_R_NSA_XDC,NSA,Periodic STL adjustment of source NSA series,2020-04-01,59536.4145480505
Malaysia,MY,MYS,ASEAN,Investment,IMF IFS via DBnomics,Q.MY.NFI_R_NSA_XDC,NSA,Periodic STL adjustment of source NSA series,2020-07-01,73410.57616307687
Malaysia,MY,MYS,ASEAN,Investment,IMF IFS via DBnomics,Q.MY.NFI_R_NSA_XDC,NSA,Periodic STL adjustment of source NSA series,2020-10-01,73118.00411887057
Malaysia,MY,MYS,ASEAN,Investment,IMF IFS via DBnomics,Q.MY.NFI_R_NSA_XDC,NSA,Periodic STL adjustment of source NSA series,2021-01-01,73115.37397984095
Malaysia,MY,MYS,ASEAN,Investment,IMF IFS via DBnomics,Q.MY.NFI_R_NSA_XDC,NSA,Periodic STL adjustment of source NSA series,2021-04-01,69391.02717350288
Malaysia,MY,MYS,ASEAN,Investment,IMF IFS via DBnomics,Q.MY.NFI_R_NSA_XDC,NSA,Periodic STL adjustment of source NSA series,2021-07-01,65618.0473204058
Malaysia,MY,MYS,ASEAN,Investment,IMF IFS via DBnomics,Q.MY.NFI_R_NSA_XDC,NSA,Periodic STL adjustment of source NSA series,2021-10-01,71043.60898716956
Malaysia,MY,MYS,ASEAN,Investment,IMF IFS via DBnomics,Q.MY.NFI_R_NSA_XDC,NSA,Periodic STL adjustment of source NSA series,2022-01-01,73253.23306583047
Malaysia,MY,MYS,ASEAN,Investment,IMF IFS via DBnomics,Q.MY.NFI_R_NSA_XDC,NSA,Periodic STL adjustment of source NSA series,2022-04-01,73413.65200476609
Malaysia,MY,MYS,ASEAN,Investment,IMF IFS via DBnomics,Q.MY.NFI_R_NSA_XDC,NSA,Periodic STL adjustment of source NSA series,2022-07-01,74267.96598497593
Malaysia,MY,MYS,ASEAN,Investment,IMF IFS via DBnomics,Q.MY.NFI_R_NSA_XDC,NSA,Periodic STL adjustment of source NSA series,2022-10-01,77323.57230226196
Malaysia,MY,MYS,ASEAN,Investment,IMF IFS via DBnomics,Q.MY.NFI_R_NSA_XDC,NSA,Periodic STL adjustment of source NSA series,2023-01-01,76818.33942725396
Malaysia,MY,MYS,ASEAN,Investment,IMF IFS via DBnomics,Q.MY.NFI_R_NSA_XDC,NSA,Periodic STL adjustment of source NSA series,2023-04-01,77481.23017611049
Malaysia,MY,MYS,ASEAN,Investment,IMF IFS via DBnomics,Q.MY.NFI_R_NSA_XDC,NSA,Periodic STL adjustment of source NSA series,2023-07-01,78041.39529218676
Malaysia,MY,MYS,ASEAN,Investment,IMF IFS via DBnomics,Q.MY.NFI_R_NSA_XDC,NSA,Periodic STL adjustment of source NSA series,2023-10-01,82243.12432438103
Malaysia,MY,MYS,ASEAN,Investment,IMF IFS via DBnomics,Q.MY.NFI_R_NSA_XDC,NSA,Periodic STL adjustment of source NSA series,2024-01-01,84203.91313137463
New Zealand,NZ,NZL,Asia-Pacific,Consumption,IMF IFS via DBnomics,Q.NZ.NCP_R_SA_XDC,SA,Source seasonally adjusted,1987-04-01,15038
New Zealand,NZ,NZL,Asia-Pacific,Consumption,IMF IFS via DBnomics,Q.NZ.NCP_R_SA_XDC,SA,Source seasonally adjusted,1987-07-01,15172
New Zealand,NZ,NZL,Asia-Pacific,Consumption,IMF IFS via DBnomics,Q.NZ.NCP_R_SA_XDC,SA,Source seasonally adjusted,1987-10-01,15372
New Zealand,NZ,NZL,Asia-Pacific,Consumption,IMF IFS via DBnomics,Q.NZ.NCP_R_SA_XDC,SA,Source seasonally adjusted,1988-01-01,15295
New Zealand,NZ,NZL,Asia-Pacific,Consumption,IMF IFS via DBnomics,Q.NZ.NCP_R_SA_XDC,SA,Source seasonally adjusted,1988-04-01,15301
New Zealand,NZ,NZL,Asia-Pacific,Consumption,IMF IFS via DBnomics,Q.NZ.NCP_R_SA_XDC,SA,Source seasonally adjusted,1988-07-01,15737
New Zealand,NZ,NZL,Asia-Pacific,Consumption,IMF IFS via DBnomics,Q.NZ.NCP_R_SA_XDC,SA,Source seasonally adjusted,1988-10-01,15769
New Zealand,NZ,NZL,Asia-Pacific,Consumption,IMF IFS via DBnomics,Q.NZ.NCP_R_SA_XDC,SA,Source seasonally adjusted,1989-01-01,15898
New Zealand,NZ,NZL,Asia-Pacific,Consumption,IMF IFS via DBnomics,Q.NZ.NCP_R_SA_XDC,SA,Source seasonally adjusted,1989-04-01,16345
New Zealand,NZ,NZL,Asia-Pacific,Consumption,IMF IFS via DBnomics,Q.NZ.NCP_R_SA_XDC,SA,Source seasonally adjusted,1989-07-01,15640
New Zealand,NZ,NZL,Asia-Pacific,Consumption,IMF IFS via DBnomics,Q.NZ.NCP_R_SA_XDC,SA,Source seasonally adjusted,1989-10-01,15580
New Zealand,NZ,NZL,Asia-Pacific,Consumption,IMF IFS via DBnomics,Q.NZ.NCP_R_SA_XDC,SA,Source seasonally adjusted,1990-01-01,15815
New Zealand,NZ,NZL,Asia-Pacific,Consumption,IMF IFS via DBnomics,Q.NZ.NCP_R_SA_XDC,SA,Source seasonally adjusted,1990-04-01,15859
New Zealand,NZ,NZL,Asia-Pacific,Consumption,IMF IFS via DBnomics,Q.NZ.NCP_R_SA_XDC,SA,Source seasonally adjusted,1990-07-01,15918
New Zealand,NZ,NZL,Asia-Pacific,Consumption,IMF IFS via DBnomics,Q.NZ.NCP_R_SA_XDC,SA,Source seasonally adjusted,1990-10-01,16185
New Zealand,NZ,NZL,Asia-Pacific,Consumption,IMF IFS via DBnomics,Q.NZ.NCP_R_SA_XDC,SA,Source seasonally adjusted,1991-01-01,15750
New Zealand,NZ,NZL,Asia-Pacific,Consumption,IMF IFS via DBnomics,Q.NZ.NCP_R_SA_XDC,SA,Source seasonally adjusted,1991-04-01,15516
New Zealand,NZ,NZL,Asia-Pacific,Consumption,IMF IFS via DBnomics,Q.NZ.NCP_R_SA_XDC,SA,Source seasonally adjusted,1991-07-01,15586
New Zealand,NZ,NZL,Asia-Pacific,Consumption,IMF IFS via DBnomics,Q.NZ.NCP_R_SA_XDC,SA,Source seasonally adjusted,1991-10-01,15526
New Zealand,NZ,NZL,Asia-Pacific,Consumption,IMF IFS via DBnomics,Q.NZ.NCP_R_SA_XDC,SA,Source seasonally adjusted,1992-01-01,15623
New Zealand,NZ,NZL,Asia-Pacific,Consumption,IMF IFS via DBnomics,Q.NZ.NCP_R_SA_XDC,SA,Source seasonally adjusted,1992-04-01,15554
New Zealand,NZ,NZL,Asia-Pacific,Consumption,IMF IFS via DBnomics,Q.NZ.NCP_R_SA_XDC,SA,Source seasonally adjusted,1992-07-01,15492
New Zealand,NZ,NZL,Asia-Pacific,Consumption,IMF IFS via DBnomics,Q.NZ.NCP_R_SA_XDC,SA,Source seasonally adjusted,1992-10-01,15741
New Zealand,NZ,NZL,Asia-Pacific,Consumption,IMF IFS via DBnomics,Q.NZ.NCP_R_SA_XDC,SA,Source seasonally adjusted,1993-01-01,15686
New Zealand,NZ,NZL,Asia-Pacific,Consumption,IMF IFS via DBnomics,Q.NZ.NCP_R_SA_XDC,SA,Source seasonally adjusted,1993-04-01,15901
New Zealand,NZ,NZL,Asia-Pacific,Consumption,IMF IFS via DBnomics,Q.NZ.NCP_R_SA_XDC,SA,Source seasonally adjusted,1993-07-01,16074
New Zealand,NZ,NZL,Asia-Pacific,Consumption,IMF IFS via DBnomics,Q.NZ.NCP_R_SA_XDC,SA,Source seasonally adjusted,1993-10-01,16235
New Zealand,NZ,NZL,Asia-Pacific,Consumption,IMF IFS via DBnomics,Q.NZ.NCP_R_SA_XDC,SA,Source seasonally adjusted,1994-01-01,16566
New Zealand,NZ,NZL,Asia-Pacific,Consumption,IMF IFS via DBnomics,Q.NZ.NCP_R_SA_XDC,SA,Source seasonally adjusted,1994-04-01,16892
New Zealand,NZ,NZL,Asia-Pacific,Consumption,IMF IFS via DBnomics,Q.NZ.NCP_R_SA_XDC,SA,Source seasonally adjusted,1994-07-01,17113
New Zealand,NZ,NZL,Asia-Pacific,Consumption,IMF IFS via DBnomics,Q.NZ.NCP_R_SA_XDC,SA,Source seasonally adjusted,1994-10-01,17364
New Zealand,NZ,NZL,Asia-Pacific,Consumption,IMF IFS via DBnomics,Q.NZ.NCP_R_SA_XDC,SA,Source seasonally adjusted,1995-01-01,17589
New Zealand,NZ,NZL,Asia-Pacific,Consumption,IMF IFS via DBnomics,Q.NZ.NCP_R_SA_XDC,SA,Source seasonally adjusted,1995-04-01,17569
New Zealand,NZ,NZL,Asia-Pacific,Consumption,IMF IFS via DBnomics,Q.NZ.NCP_R_SA_XDC,SA,Source seasonally adjusted,1995-07-01,17817
New Zealand,NZ,NZL,Asia-Pacific,Consumption,IMF IFS via DBnomics,Q.NZ.NCP_R_SA_XDC,SA,Source seasonally adjusted,1995-10-01,18008
New Zealand,NZ,NZL,Asia-Pacific,Consumption,IMF IFS via DBnomics,Q.NZ.NCP_R_SA_XDC,SA,Source seasonally adjusted,1996-01-01,18438
New Zealand,NZ,NZL,Asia-Pacific,Consumption,IMF IFS via DBnomics,Q.NZ.NCP_R_SA_XDC,SA,Source seasonally adjusted,1996-04-01,18620
New Zealand,NZ,NZL,Asia-Pacific,Consumption,IMF IFS via DBnomics,Q.NZ.NCP_R_SA_XDC,SA,Source seasonally adjusted,1996-07-01,18888
New Zealand,NZ,NZL,Asia-Pacific,Consumption,IMF IFS via DBnomics,Q.NZ.NCP_R_SA_XDC,SA,Source seasonally adjusted,1996-10-01,18907
New Zealand,NZ,NZL,Asia-Pacific,Consumption,IMF IFS via DBnomics,Q.NZ.NCP_R_SA_XDC,SA,Source seasonally adjusted,1997-01-01,19024
New Zealand,NZ,NZL,Asia-Pacific,Consumption,IMF IFS via DBnomics,Q.NZ.NCP_R_SA_XDC,SA,Source seasonally adjusted,1997-04-01,19262
New Zealand,NZ,NZL,Asia-Pacific,Consumption,IMF IFS via DBnomics,Q.NZ.NCP_R_SA_XDC,SA,Source seasonally adjusted,1997-07-01,19227
New Zealand,NZ,NZL,Asia-Pacific,Consumption,IMF IFS via DBnomics,Q.NZ.NCP_R_SA_XDC,SA,Source seasonally adjusted,1997-10-01,19351
New Zealand,NZ,NZL,Asia-Pacific,Consumption,IMF IFS via DBnomics,Q.NZ.NCP_R_SA_XDC,SA,Source seasonally adjusted,1998-01-01,19694
New Zealand,NZ,NZL,Asia-Pacific,Consumption,IMF IFS via DBnomics,Q.NZ.NCP_R_SA_XDC,SA,Source seasonally adjusted,1998-04-01,19689
New Zealand,NZ,NZL,Asia-Pacific,Consumption,IMF IFS via DBnomics,Q.NZ.NCP_R_SA_XDC,SA,Source seasonally adjusted,1998-07-01,19706
New Zealand,NZ,NZL,Asia-Pacific,Consumption,IMF IFS via DBnomics,Q.NZ.NCP_R_SA_XDC,SA,Source seasonally adjusted,1998-10-01,20107
New Zealand,NZ,NZL,Asia-Pacific,Consumption,IMF IFS via DBnomics,Q.NZ.NCP_R_SA_XDC,SA,Source seasonally adjusted,1999-01-01,20196
New Zealand,NZ,NZL,Asia-Pacific,Consumption,IMF IFS via DBnomics,Q.NZ.NCP_R_SA_XDC,SA,Source seasonally adjusted,1999-04-01,20440
New Zealand,NZ,NZL,Asia-Pacific,Consumption,IMF IFS via DBnomics,Q.NZ.NCP_R_SA_XDC,SA,Source seasonally adjusted,1999-07-01,20589
New Zealand,NZ,NZL,Asia-Pacific,Consumption,IMF IFS via DBnomics,Q.NZ.NCP_R_SA_XDC,SA,Source seasonally adjusted,1999-10-01,20569
New Zealand,NZ,NZL,Asia-Pacific,Consumption,IMF IFS via DBnomics,Q.NZ.NCP_R_SA_XDC,SA,Source seasonally adjusted,2000-01-01,20469
New Zealand,NZ,NZL,Asia-Pacific,Consumption,IMF IFS via DBnomics,Q.NZ.NCP_R_SA_XDC,SA,Source seasonally adjusted,2000-04-01,20809
New Zealand,NZ,NZL,Asia-Pacific,Consumption,IMF IFS via DBnomics,Q.NZ.NCP_R_SA_XDC,SA,Source seasonally adjusted,2000-07-01,20889
New Zealand,NZ,NZL,Asia-Pacific,Consumption,IMF IFS via DBnomics,Q.NZ.NCP_R_SA_XDC,SA,Source seasonally adjusted,2000-10-01,20762
New Zealand,NZ,NZL,Asia-Pacific,Consumption,IMF IFS via DBnomics,Q.NZ.NCP_R_SA_XDC,SA,Source seasonally adjusted,2001-01-01,20771
New Zealand,NZ,NZL,Asia-Pacific,Consumption,IMF IFS via DBnomics,Q.NZ.NCP_R_SA_XDC,SA,Source seasonally adjusted,2001-04-01,21146
New Zealand,NZ,NZL,Asia-Pacific,Consumption,IMF IFS via DBnomics,Q.NZ.NCP_R_SA_XDC,SA,Source seasonally adjusted,2001-07-01,21390
New Zealand,NZ,NZL,Asia-Pacific,Consumption,IMF IFS via DBnomics,Q.NZ.NCP_R_SA_XDC,SA,Source seasonally adjusted,2001-10-01,21511
New Zealand,NZ,NZL,Asia-Pacific,Consumption,IMF IFS via DBnomics,Q.NZ.NCP_R_SA_XDC,SA,Source seasonally adjusted,2002-01-01,21388
New Zealand,NZ,NZL,Asia-Pacific,Consumption,IMF IFS via DBnomics,Q.NZ.NCP_R_SA_XDC,SA,Source seasonally adjusted,2002-04-01,21918
New Zealand,NZ,NZL,Asia-Pacific,Consumption,IMF IFS via DBnomics,Q.NZ.NCP_R_SA_XDC,SA,Source seasonally adjusted,2002-07-01,22279
New Zealand,NZ,NZL,Asia-Pacific,Consumption,IMF IFS via DBnomics,Q.NZ.NCP_R_SA_XDC,SA,Source seasonally adjusted,2002-10-01,22589
New Zealand,NZ,NZL,Asia-Pacific,Consumption,IMF IFS via DBnomics,Q.NZ.NCP_R_SA_XDC,SA,Source seasonally adjusted,2003-01-01,22948
New Zealand,NZ,NZL,Asia-Pacific,Consumption,IMF IFS via DBnomics,Q.NZ.NCP_R_SA_XDC,SA,Source seasonally adjusted,2003-04-01,23206
New Zealand,NZ,NZL,Asia-Pacific,Consumption,IMF IFS via DBnomics,Q.NZ.NCP_R_SA_XDC,SA,Source seasonally adjusted,2003-07-01,23486
New Zealand,NZ,NZL,Asia-Pacific,Consumption,IMF IFS via DBnomics,Q.NZ.NCP_R_SA_XDC,SA,Source seasonally adjusted,2003-10-01,24025
New Zealand,NZ,NZL,Asia-Pacific,Consumption,IMF IFS via DBnomics,Q.NZ.NCP_R_SA_XDC,SA,Source seasonally adjusted,2004-01-01,24568
New Zealand,NZ,NZL,Asia-Pacific,Consumption,IMF IFS via DBnomics,Q.NZ.NCP_R_SA_XDC,SA,Source seasonally adjusted,2004-04-01,24443
New Zealand,NZ,NZL,Asia-Pacific,Consumption,IMF IFS via DBnomics,Q.NZ.NCP_R_SA_XDC,SA,Source seasonally adjusted,2004-07-01,25134
New Zealand,NZ,NZL,Asia-Pacific,Consumption,IMF IFS via DBnomics,Q.NZ.NCP_R_SA_XDC,SA,Source seasonally adjusted,2004-10-01,25345
New Zealand,NZ,NZL,Asia-Pacific,Consumption,IMF IFS via DBnomics,Q.NZ.NCP_R_SA_XDC,SA,Source seasonally adjusted,2005-01-01,25448
New Zealand,NZ,NZL,Asia-Pacific,Consumption,IMF IFS via DBnomics,Q.NZ.NCP_R_SA_XDC,SA,Source seasonally adjusted,2005-04-01,26006
New Zealand,NZ,NZL,Asia-Pacific,Consumption,IMF IFS via DBnomics,Q.NZ.NCP_R_SA_XDC,SA,Source seasonally adjusted,2005-07-01,26053
New Zealand,NZ,NZL,Asia-Pacific,Consumption,IMF IFS via DBnomics,Q.NZ.NCP_R_SA_XDC,SA,Source seasonally adjusted,2005-10-01,26383
New Zealand,NZ,NZL,Asia-Pacific,Consumption,IMF IFS via DBnomics,Q.NZ.NCP_R_SA_XDC,SA,Source seasonally adjusted,2006-01-01,26580
New Zealand,NZ,NZL,Asia-Pacific,Consumption,IMF IFS via DBnomics,Q.NZ.NCP_R_SA_XDC,SA,Source seasonally adjusted,2006-04-01,26550
New Zealand,NZ,NZL,Asia-Pacific,Consumption,IMF IFS via DBnomics,Q.NZ.NCP_R_SA_XDC,SA,Source seasonally adjusted,2006-07-01,26775
New Zealand,NZ,NZL,Asia-Pacific,Consumption,IMF IFS via DBnomics,Q.NZ.NCP_R_SA_XDC,SA,Source seasonally adjusted,2006-10-01,27205
New Zealand,NZ,NZL,Asia-Pacific,Consumption,IMF IFS via DBnomics,Q.NZ.NCP_R_SA_XDC,SA,Source seasonally adjusted,2007-01-01,27548
New Zealand,NZ,NZL,Asia-Pacific,Consumption,IMF IFS via DBnomics,Q.NZ.NCP_R_SA_XDC,SA,Source seasonally adjusted,2007-04-01,27762
New Zealand,NZ,NZL,Asia-Pacific,Consumption,IMF IFS via DBnomics,Q.NZ.NCP_R_SA_XDC,SA,Source seasonally adjusted,2007-07-01,27937
New Zealand,NZ,NZL,Asia-Pacific,Consumption,IMF IFS via DBnomics,Q.NZ.NCP_R_SA_XDC,SA,Source seasonally adjusted,2007-10-01,28063
New Zealand,NZ,NZL,Asia-Pacific,Consumption,IMF IFS via DBnomics,Q.NZ.NCP_R_SA_XDC,SA,Source seasonally adjusted,2008-01-01,28433
New Zealand,NZ,NZL,Asia-Pacific,Consumption,IMF IFS via DBnomics,Q.NZ.NCP_R_SA_XDC,SA,Source seasonally adjusted,2008-04-01,27917
New Zealand,NZ,NZL,Asia-Pacific,Consumption,IMF IFS via DBnomics,Q.NZ.NCP_R_SA_XDC,SA,Source seasonally adjusted,2008-07-01,27975
New Zealand,NZ,NZL,Asia-Pacific,Consumption,IMF IFS via DBnomics,Q.NZ.NCP_R_SA_XDC,SA,Source seasonally adjusted,2008-10-01,27977
New Zealand,NZ,NZL,Asia-Pacific,Consumption,IMF IFS via DBnomics,Q.NZ.NCP_R_SA_XDC,SA,Source seasonally adjusted,2009-01-01,27365
New Zealand,NZ,NZL,Asia-Pacific,Consumption,IMF IFS via DBnomics,Q.NZ.NCP_R_SA_XDC,SA,Source seasonally adjusted,2009-04-01,27900
New Zealand,NZ,NZL,Asia-Pacific,Consumption,IMF IFS via DBnomics,Q.NZ.NCP_R_SA_XDC,SA,Source seasonally adjusted,2009-07-01,28068
New Zealand,NZ,NZL,Asia-Pacific,Consumption,IMF IFS via DBnomics,Q.NZ.NCP_R_SA_XDC,SA,Source seasonally adjusted,2009-10-01,28371
New Zealand,NZ,NZL,Asia-Pacific,Consumption,IMF IFS via DBnomics,Q.NZ.NCP_R_SA_XDC,SA,Source seasonally adjusted,2010-01-01,28676
New Zealand,NZ,NZL,Asia-Pacific,Consumption,IMF IFS via DBnomics,Q.NZ.NCP_R_SA_XDC,SA,Source seasonally adjusted,2010-04-01,28825
New Zealand,NZ,NZL,Asia-Pacific,Consumption,IMF IFS via DBnomics,Q.NZ.NCP_R_SA_XDC,SA,Source seasonally adjusted,2010-07-01,28829
New Zealand,NZ,NZL,Asia-Pacific,Consumption,IMF IFS via DBnomics,Q.NZ.NCP_R_SA_XDC,SA,Source seasonally adjusted,2010-10-01,28796
New Zealand,NZ,NZL,Asia-Pacific,Consumption,IMF IFS via DBnomics,Q.NZ.NCP_R_SA_XDC,SA,Source seasonally adjusted,2011-01-01,29043
New Zealand,NZ,NZL,Asia-Pacific,Consumption,IMF IFS via DBnomics,Q.NZ.NCP_R_SA_XDC,SA,Source seasonally adjusted,2011-04-01,29325
New Zealand,NZ,NZL,Asia-Pacific,Consumption,IMF IFS via DBnomics,Q.NZ.NCP_R_SA_XDC,SA,Source seasonally adjusted,2011-07-01,29738
New Zealand,NZ,NZL,Asia-Pacific,Consumption,IMF IFS via DBnomics,Q.NZ.NCP_R_SA_XDC,SA,Source seasonally adjusted,2011-10-01,29856
New Zealand,NZ,NZL,Asia-Pacific,Consumption,IMF IFS via DBnomics,Q.NZ.NCP_R_SA_XDC,SA,Source seasonally adjusted,2012-01-01,30202
New Zealand,NZ,NZL,Asia-Pacific,Consumption,IMF IFS via DBnomics,Q.NZ.NCP_R_SA_XDC,SA,Source seasonally adjusted,2012-04-01,30180
New Zealand,NZ,NZL,Asia-Pacific,Consumption,IMF IFS via DBnomics,Q.NZ.NCP_R_SA_XDC,SA,Source seasonally adjusted,2012-07-01,30179
New Zealand,NZ,NZL,Asia-Pacific,Consumption,IMF IFS via DBnomics,Q.NZ.NCP_R_SA_XDC,SA,Source seasonally adjusted,2012-10-01,30579
New Zealand,NZ,NZL,Asia-Pacific,Consumption,IMF IFS via DBnomics,Q.NZ.NCP_R_SA_XDC,SA,Source seasonally adjusted,2013-01-01,30926
New Zealand,NZ,NZL,Asia-Pacific,Consumption,IMF IFS via DBnomics,Q.NZ.NCP_R_SA_XDC,SA,Source seasonally adjusted,2013-04-01,31292
New Zealand,NZ,NZL,Asia-Pacific,Consumption,IMF IFS via DBnomics,Q.NZ.NCP_R_SA_XDC,SA,Source seasonally adjusted,2013-07-01,31445
New Zealand,NZ,NZL,Asia-Pacific,Consumption,IMF IFS via DBnomics,Q.NZ.NCP_R_SA_XDC,SA,Source seasonally adjusted,2013-10-01,31749
New Zealand,NZ,NZL,Asia-Pacific,Consumption,IMF IFS via DBnomics,Q.NZ.NCP_R_SA_XDC,SA,Source seasonally adjusted,2014-01-01,32039
New Zealand,NZ,NZL,Asia-Pacific,Consumption,IMF IFS via DBnomics,Q.NZ.NCP_R_SA_XDC,SA,Source seasonally adjusted,2014-04-01,32197
New Zealand,NZ,NZL,Asia-Pacific,Consumption,IMF IFS via DBnomics,Q.NZ.NCP_R_SA_XDC,SA,Source seasonally adjusted,2014-07-01,32623
New Zealand,NZ,NZL,Asia-Pacific,Consumption,IMF IFS via DBnomics,Q.NZ.NCP_R_SA_XDC,SA,Source seasonally adjusted,2014-10-01,32725
New Zealand,NZ,NZL,Asia-Pacific,Consumption,IMF IFS via DBnomics,Q.NZ.NCP_R_SA_XDC,SA,Source seasonally adjusted,2015-01-01,33145
New Zealand,NZ,NZL,Asia-Pacific,Consumption,IMF IFS via DBnomics,Q.NZ.NCP_R_SA_XDC,SA,Source seasonally adjusted,2015-04-01,33491
New Zealand,NZ,NZL,Asia-Pacific,Consumption,IMF IFS via DBnomics,Q.NZ.NCP_R_SA_XDC,SA,Source seasonally adjusted,2015-07-01,33854
New Zealand,NZ,NZL,Asia-Pacific,Consumption,IMF IFS via DBnomics,Q.NZ.NCP_R_SA_XDC,SA,Source seasonally adjusted,2015-10-01,34306
New Zealand,NZ,NZL,Asia-Pacific,Consumption,IMF IFS via DBnomics,Q.NZ.NCP_R_SA_XDC,SA,Source seasonally adjusted,2016-01-01,34555
New Zealand,NZ,NZL,Asia-Pacific,Consumption,IMF IFS via DBnomics,Q.NZ.NCP_R_SA_XDC,SA,Source seasonally adjusted,2016-04-01,35477
New Zealand,NZ,NZL,Asia-Pacific,Consumption,IMF IFS via DBnomics,Q.NZ.NCP_R_SA_XDC,SA,Source seasonally adjusted,2016-07-01,36061
New Zealand,NZ,NZL,Asia-Pacific,Consumption,IMF IFS via DBnomics,Q.NZ.NCP_R_SA_XDC,SA,Source seasonally adjusted,2016-10-01,36417
New Zealand,NZ,NZL,Asia-Pacific,Consumption,IMF IFS via DBnomics,Q.NZ.NCP_R_SA_XDC,SA,Source seasonally adjusted,2017-01-01,37029
New Zealand,NZ,NZL,Asia-Pacific,Consumption,IMF IFS via DBnomics,Q.NZ.NCP_R_SA_XDC,SA,Source seasonally adjusted,2017-04-01,37342
New Zealand,NZ,NZL,Asia-Pacific,Consumption,IMF IFS via DBnomics,Q.NZ.NCP_R_SA_XDC,SA,Source seasonally adjusted,2017-07-01,37771
New Zealand,NZ,NZL,Asia-Pacific,Consumption,IMF IFS via DBnomics,Q.NZ.NCP_R_SA_XDC,SA,Source seasonally adjusted,2017-10-01,38260
New Zealand,NZ,NZL,Asia-Pacific,Consumption,IMF IFS via DBnomics,Q.NZ.NCP_R_SA_XDC,SA,Source seasonally adjusted,2018-01-01,38561
New Zealand,NZ,NZL,Asia-Pacific,Consumption,IMF IFS via DBnomics,Q.NZ.NCP_R_SA_XDC,SA,Source seasonally adjusted,2018-04-01,39153
New Zealand,NZ,NZL,Asia-Pacific,Consumption,IMF IFS via DBnomics,Q.NZ.NCP_R_SA_XDC,SA,Source seasonally adjusted,2018-07-01,39545
New Zealand,NZ,NZL,Asia-Pacific,Consumption,IMF IFS via DBnomics,Q.NZ.NCP_R_SA_XDC,SA,Source seasonally adjusted,2018-10-01,40047
New Zealand,NZ,NZL,Asia-Pacific,Consumption,IMF IFS via DBnomics,Q.NZ.NCP_R_SA_XDC,SA,Source seasonally adjusted,2019-01-01,40085
New Zealand,NZ,NZL,Asia-Pacific,Consumption,IMF IFS via DBnomics,Q.NZ.NCP_R_SA_XDC,SA,Source seasonally adjusted,2019-04-01,40444
New Zealand,NZ,NZL,Asia-Pacific,Consumption,IMF IFS via DBnomics,Q.NZ.NCP_R_SA_XDC,SA,Source seasonally adjusted,2019-07-01,40786
New Zealand,NZ,NZL,Asia-Pacific,Consumption,IMF IFS via DBnomics,Q.NZ.NCP_R_SA_XDC,SA,Source seasonally adjusted,2019-10-01,40950
New Zealand,NZ,NZL,Asia-Pacific,Consumption,IMF IFS via DBnomics,Q.NZ.NCP_R_SA_XDC,SA,Source seasonally adjusted,2020-01-01,40427
New Zealand,NZ,NZL,Asia-Pacific,Consumption,IMF IFS via DBnomics,Q.NZ.NCP_R_SA_XDC,SA,Source seasonally adjusted,2020-04-01,35994
New Zealand,NZ,NZL,Asia-Pacific,Consumption,IMF IFS via DBnomics,Q.NZ.NCP_R_SA_XDC,SA,Source seasonally adjusted,2020-07-01,41137
New Zealand,NZ,NZL,Asia-Pacific,Consumption,IMF IFS via DBnomics,Q.NZ.NCP_R_SA_XDC,SA,Source seasonally adjusted,2020-10-01,41908
New Zealand,NZ,NZL,Asia-Pacific,Consumption,IMF IFS via DBnomics,Q.NZ.NCP_R_SA_XDC,SA,Source seasonally adjusted,2021-01-01,43920
New Zealand,NZ,NZL,Asia-Pacific,Consumption,IMF IFS via DBnomics,Q.NZ.NCP_R_SA_XDC,SA,Source seasonally adjusted,2021-04-01,44013
New Zealand,NZ,NZL,Asia-Pacific,Consumption,IMF IFS via DBnomics,Q.NZ.NCP_R_SA_XDC,SA,Source seasonally adjusted,2021-07-01,40988
New Zealand,NZ,NZL,Asia-Pacific,Consumption,IMF IFS via DBnomics,Q.NZ.NCP_R_SA_XDC,SA,Source seasonally adjusted,2021-10-01,43159
New Zealand,NZ,NZL,Asia-Pacific,Consumption,IMF IFS via DBnomics,Q.NZ.NCP_R_SA_XDC,SA,Source seasonally adjusted,2022-01-01,45167
New Zealand,NZ,NZL,Asia-Pacific,Consumption,IMF IFS via DBnomics,Q.NZ.NCP_R_SA_XDC,SA,Source seasonally adjusted,2022-04-01,44320
New Zealand,NZ,NZL,Asia-Pacific,Consumption,IMF IFS via DBnomics,Q.NZ.NCP_R_SA_XDC,SA,Source seasonally adjusted,2022-07-01,44643
New Zealand,NZ,NZL,Asia-Pacific,Consumption,IMF IFS via DBnomics,Q.NZ.NCP_R_SA_XDC,SA,Source seasonally adjusted,2022-10-01,44949
New Zealand,NZ,NZL,Asia-Pacific,Consumption,IMF IFS via DBnomics,Q.NZ.NCP_R_SA_XDC,SA,Source seasonally adjusted,2023-01-01,45200
New Zealand,NZ,NZL,Asia-Pacific,Consumption,IMF IFS via DBnomics,Q.NZ.NCP_R_SA_XDC,SA,Source seasonally adjusted,2023-04-01,45516
New Zealand,NZ,NZL,Asia-Pacific,Consumption,IMF IFS via DBnomics,Q.NZ.NCP_R_SA_XDC,SA,Source seasonally adjusted,2023-07-01,44931
New Zealand,NZ,NZL,Asia-Pacific,Consumption,IMF IFS via DBnomics,Q.NZ.NCP_R_SA_XDC,SA,Source seasonally adjusted,2023-10-01,45207
New Zealand,NZ,NZL,Asia-Pacific,Consumption,IMF IFS via DBnomics,Q.NZ.NCP_R_SA_XDC,SA,Source seasonally adjusted,2024-01-01,45286
New Zealand,NZ,NZL,Asia-Pacific,Consumption,IMF IFS via DBnomics,Q.NZ.NCP_R_SA_XDC,SA,Source seasonally adjusted,2024-04-01,45263
New Zealand,NZ,NZL,Asia-Pacific,Consumption,IMF IFS via DBnomics,Q.NZ.NCP_R_SA_XDC,SA,Source seasonally adjusted,2024-07-01,45129
New Zealand,NZ,NZL,Asia-Pacific,Consumption,IMF IFS via DBnomics,Q.NZ.NCP_R_SA_XDC,SA,Source seasonally adjusted,2024-10-01,45159
New Zealand,NZ,NZL,Asia-Pacific,Consumption,IMF IFS via DBnomics,Q.NZ.NCP_R_SA_XDC,SA,Source seasonally adjusted,2025-01-01,45756
New Zealand,NZ,NZL,Asia-Pacific,Investment,IMF IFS via DBnomics,Q.NZ.NFI_R_SA_XDC,SA,Source seasonally adjusted,1987-04-01,5027
New Zealand,NZ,NZL,Asia-Pacific,Investment,IMF IFS via DBnomics,Q.NZ.NFI_R_SA_XDC,SA,Source seasonally adjusted,1987-07-01,4940
New Zealand,NZ,NZL,Asia-Pacific,Investment,IMF IFS via DBnomics,Q.NZ.NFI_R_SA_XDC,SA,Source seasonally adjusted,1987-10-01,4839
New Zealand,NZ,NZL,Asia-Pacific,Investment,IMF IFS via DBnomics,Q.NZ.NFI_R_SA_XDC,SA,Source seasonally adjusted,1988-01-01,5017
New Zealand,NZ,NZL,Asia-Pacific,Investment,IMF IFS via DBnomics,Q.NZ.NFI_R_SA_XDC,SA,Source seasonally adjusted,1988-04-01,4921
New Zealand,NZ,NZL,Asia-Pacific,Investment,IMF IFS via DBnomics,Q.NZ.NFI_R_SA_XDC,SA,Source seasonally adjusted,1988-07-01,4866
New Zealand,NZ,NZL,Asia-Pacific,Investment,IMF IFS via DBnomics,Q.NZ.NFI_R_SA_XDC,SA,Source seasonally adjusted,1988-10-01,4766
New Zealand,NZ,NZL,Asia-Pacific,Investment,IMF IFS via DBnomics,Q.NZ.NFI_R_SA_XDC,SA,Source seasonally adjusted,1989-01-01,4956
New Zealand,NZ,NZL,Asia-Pacific,Investment,IMF IFS via DBnomics,Q.NZ.NFI_R_SA_XDC,SA,Source seasonally adjusted,1989-04-01,5129
New Zealand,NZ,NZL,Asia-Pacific,Investment,IMF IFS via DBnomics,Q.NZ.NFI_R_SA_XDC,SA,Source seasonally adjusted,1989-07-01,4908
New Zealand,NZ,NZL,Asia-Pacific,Investment,IMF IFS via DBnomics,Q.NZ.NFI_R_SA_XDC,SA,Source seasonally adjusted,1989-10-01,5289
New Zealand,NZ,NZL,Asia-Pacific,Investment,IMF IFS via DBnomics,Q.NZ.NFI_R_SA_XDC,SA,Source seasonally adjusted,1990-01-01,5076
New Zealand,NZ,NZL,Asia-Pacific,Investment,IMF IFS via DBnomics,Q.NZ.NFI_R_SA_XDC,SA,Source seasonally adjusted,1990-04-01,5023
New Zealand,NZ,NZL,Asia-Pacific,Investment,IMF IFS via DBnomics,Q.NZ.NFI_R_SA_XDC,SA,Source seasonally adjusted,1990-07-01,5031
New Zealand,NZ,NZL,Asia-Pacific,Investment,IMF IFS via DBnomics,Q.NZ.NFI_R_SA_XDC,SA,Source seasonally adjusted,1990-10-01,5152
New Zealand,NZ,NZL,Asia-Pacific,Investment,IMF IFS via DBnomics,Q.NZ.NFI_R_SA_XDC,SA,Source seasonally adjusted,1991-01-01,4479
New Zealand,NZ,NZL,Asia-Pacific,Investment,IMF IFS via DBnomics,Q.NZ.NFI_R_SA_XDC,SA,Source seasonally adjusted,1991-04-01,4030
New Zealand,NZ,NZL,Asia-Pacific,Investment,IMF IFS via DBnomics,Q.NZ.NFI_R_SA_XDC,SA,Source seasonally adjusted,1991-07-01,4173
New Zealand,NZ,NZL,Asia-Pacific,Investment,IMF IFS via DBnomics,Q.NZ.NFI_R_SA_XDC,SA,Source seasonally adjusted,1991-10-01,4148
New Zealand,NZ,NZL,Asia-Pacific,Investment,IMF IFS via DBnomics,Q.NZ.NFI_R_SA_XDC,SA,Source seasonally adjusted,1992-01-01,4369
New Zealand,NZ,NZL,Asia-Pacific,Investment,IMF IFS via DBnomics,Q.NZ.NFI_R_SA_XDC,SA,Source seasonally adjusted,1992-04-01,4177
New Zealand,NZ,NZL,Asia-Pacific,Investment,IMF IFS via DBnomics,Q.NZ.NFI_R_SA_XDC,SA,Source seasonally adjusted,1992-07-01,4173
New Zealand,NZ,NZL,Asia-Pacific,Investment,IMF IFS via DBnomics,Q.NZ.NFI_R_SA_XDC,SA,Source seasonally adjusted,1992-10-01,4327
New Zealand,NZ,NZL,Asia-Pacific,Investment,IMF IFS via DBnomics,Q.NZ.NFI_R_SA_XDC,SA,Source seasonally adjusted,1993-01-01,4496
New Zealand,NZ,NZL,Asia-Pacific,Investment,IMF IFS via DBnomics,Q.NZ.NFI_R_SA_XDC,SA,Source seasonally adjusted,1993-04-01,4719
New Zealand,NZ,NZL,Asia-Pacific,Investment,IMF IFS via DBnomics,Q.NZ.NFI_R_SA_XDC,SA,Source seasonally adjusted,1993-07-01,5085
New Zealand,NZ,NZL,Asia-Pacific,Investment,IMF IFS via DBnomics,Q.NZ.NFI_R_SA_XDC,SA,Source seasonally adjusted,1993-10-01,5128
New Zealand,NZ,NZL,Asia-Pacific,Investment,IMF IFS via DBnomics,Q.NZ.NFI_R_SA_XDC,SA,Source seasonally adjusted,1994-01-01,5184
New Zealand,NZ,NZL,Asia-Pacific,Investment,IMF IFS via DBnomics,Q.NZ.NFI_R_SA_XDC,SA,Source seasonally adjusted,1994-04-01,5584
New Zealand,NZ,NZL,Asia-Pacific,Investment,IMF IFS via DBnomics,Q.NZ.NFI_R_SA_XDC,SA,Source seasonally adjusted,1994-07-01,5753
New Zealand,NZ,NZL,Asia-Pacific,Investment,IMF IFS via DBnomics,Q.NZ.NFI_R_SA_XDC,SA,Source seasonally adjusted,1994-10-01,5907
New Zealand,NZ,NZL,Asia-Pacific,Investment,IMF IFS via DBnomics,Q.NZ.NFI_R_SA_XDC,SA,Source seasonally adjusted,1995-01-01,5947
New Zealand,NZ,NZL,Asia-Pacific,Investment,IMF IFS via DBnomics,Q.NZ.NFI_R_SA_XDC,SA,Source seasonally adjusted,1995-04-01,6228
New Zealand,NZ,NZL,Asia-Pacific,Investment,IMF IFS via DBnomics,Q.NZ.NFI_R_SA_XDC,SA,Source seasonally adjusted,1995-07-01,6214
New Zealand,NZ,NZL,Asia-Pacific,Investment,IMF IFS via DBnomics,Q.NZ.NFI_R_SA_XDC,SA,Source seasonally adjusted,1995-10-01,6409
New Zealand,NZ,NZL,Asia-Pacific,Investment,IMF IFS via DBnomics,Q.NZ.NFI_R_SA_XDC,SA,Source seasonally adjusted,1996-01-01,6530
New Zealand,NZ,NZL,Asia-Pacific,Investment,IMF IFS via DBnomics,Q.NZ.NFI_R_SA_XDC,SA,Source seasonally adjusted,1996-04-01,6633
New Zealand,NZ,NZL,Asia-Pacific,Investment,IMF IFS via DBnomics,Q.NZ.NFI_R_SA_XDC,SA,Source seasonally adjusted,1996-07-01,6621
New Zealand,NZ,NZL,Asia-Pacific,Investment,IMF IFS via DBnomics,Q.NZ.NFI_R_SA_XDC,SA,Source seasonally adjusted,1996-10-01,6588
New Zealand,NZ,NZL,Asia-Pacific,Investment,IMF IFS via DBnomics,Q.NZ.NFI_R_SA_XDC,SA,Source seasonally adjusted,1997-01-01,6744
New Zealand,NZ,NZL,Asia-Pacific,Investment,IMF IFS via DBnomics,Q.NZ.NFI_R_SA_XDC,SA,Source seasonally adjusted,1997-04-01,7698
New Zealand,NZ,NZL,Asia-Pacific,Investment,IMF IFS via DBnomics,Q.NZ.NFI_R_SA_XDC,SA,Source seasonally adjusted,1997-07-01,6982
New Zealand,NZ,NZL,Asia-Pacific,Investment,IMF IFS via DBnomics,Q.NZ.NFI_R_SA_XDC,SA,Source seasonally adjusted,1997-10-01,6536
New Zealand,NZ,NZL,Asia-Pacific,Investment,IMF IFS via DBnomics,Q.NZ.NFI_R_SA_XDC,SA,Source seasonally adjusted,1998-01-01,6640
New Zealand,NZ,NZL,Asia-Pacific,Investment,IMF IFS via DBnomics,Q.NZ.NFI_R_SA_XDC,SA,Source seasonally adjusted,1998-04-01,6713
New Zealand,NZ,NZL,Asia-Pacific,Investment,IMF IFS via DBnomics,Q.NZ.NFI_R_SA_XDC,SA,Source seasonally adjusted,1998-07-01,6166
New Zealand,NZ,NZL,Asia-Pacific,Investment,IMF IFS via DBnomics,Q.NZ.NFI_R_SA_XDC,SA,Source seasonally adjusted,1998-10-01,6582
New Zealand,NZ,NZL,Asia-Pacific,Investment,IMF IFS via DBnomics,Q.NZ.NFI_R_SA_XDC,SA,Source seasonally adjusted,1999-01-01,6696
New Zealand,NZ,NZL,Asia-Pacific,Investment,IMF IFS via DBnomics,Q.NZ.NFI_R_SA_XDC,SA,Source seasonally adjusted,1999-04-01,6806
New Zealand,NZ,NZL,Asia-Pacific,Investment,IMF IFS via DBnomics,Q.NZ.NFI_R_SA_XDC,SA,Source seasonally adjusted,1999-07-01,7098
New Zealand,NZ,NZL,Asia-Pacific,Investment,IMF IFS via DBnomics,Q.NZ.NFI_R_SA_XDC,SA,Source seasonally adjusted,1999-10-01,7996
New Zealand,NZ,NZL,Asia-Pacific,Investment,IMF IFS via DBnomics,Q.NZ.NFI_R_SA_XDC,SA,Source seasonally adjusted,2000-01-01,7825
New Zealand,NZ,NZL,Asia-Pacific,Investment,IMF IFS via DBnomics,Q.NZ.NFI_R_SA_XDC,SA,Source seasonally adjusted,2000-04-01,7212
New Zealand,NZ,NZL,Asia-Pacific,Investment,IMF IFS via DBnomics,Q.NZ.NFI_R_SA_XDC,SA,Source seasonally adjusted,2000-07-01,7532
New Zealand,NZ,NZL,Asia-Pacific,Investment,IMF IFS via DBnomics,Q.NZ.NFI_R_SA_XDC,SA,Source seasonally adjusted,2000-10-01,7315
New Zealand,NZ,NZL,Asia-Pacific,Investment,IMF IFS via DBnomics,Q.NZ.NFI_R_SA_XDC,SA,Source seasonally adjusted,2001-01-01,6765
New Zealand,NZ,NZL,Asia-Pacific,Investment,IMF IFS via DBnomics,Q.NZ.NFI_R_SA_XDC,SA,Source seasonally adjusted,2001-04-01,7536
New Zealand,NZ,NZL,Asia-Pacific,Investment,IMF IFS via DBnomics,Q.NZ.NFI_R_SA_XDC,SA,Source seasonally adjusted,2001-07-01,7489
New Zealand,NZ,NZL,Asia-Pacific,Investment,IMF IFS via DBnomics,Q.NZ.NFI_R_SA_XDC,SA,Source seasonally adjusted,2001-10-01,8019
New Zealand,NZ,NZL,Asia-Pacific,Investment,IMF IFS via DBnomics,Q.NZ.NFI_R_SA_XDC,SA,Source seasonally adjusted,2002-01-01,8327
New Zealand,NZ,NZL,Asia-Pacific,Investment,IMF IFS via DBnomics,Q.NZ.NFI_R_SA_XDC,SA,Source seasonally adjusted,2002-04-01,8016
New Zealand,NZ,NZL,Asia-Pacific,Investment,IMF IFS via DBnomics,Q.NZ.NFI_R_SA_XDC,SA,Source seasonally adjusted,2002-07-01,8453
New Zealand,NZ,NZL,Asia-Pacific,Investment,IMF IFS via DBnomics,Q.NZ.NFI_R_SA_XDC,SA,Source seasonally adjusted,2002-10-01,8725
New Zealand,NZ,NZL,Asia-Pacific,Investment,IMF IFS via DBnomics,Q.NZ.NFI_R_SA_XDC,SA,Source seasonally adjusted,2003-01-01,8669
New Zealand,NZ,NZL,Asia-Pacific,Investment,IMF IFS via DBnomics,Q.NZ.NFI_R_SA_XDC,SA,Source seasonally adjusted,2003-04-01,9192
New Zealand,NZ,NZL,Asia-Pacific,Investment,IMF IFS via DBnomics,Q.NZ.NFI_R_SA_XDC,SA,Source seasonally adjusted,2003-07-01,9339
New Zealand,NZ,NZL,Asia-Pacific,Investment,IMF IFS via DBnomics,Q.NZ.NFI_R_SA_XDC,SA,Source seasonally adjusted,2003-10-01,9726
New Zealand,NZ,NZL,Asia-Pacific,Investment,IMF IFS via DBnomics,Q.NZ.NFI_R_SA_XDC,SA,Source seasonally adjusted,2004-01-01,10547
New Zealand,NZ,NZL,Asia-Pacific,Investment,IMF IFS via DBnomics,Q.NZ.NFI_R_SA_XDC,SA,Source seasonally adjusted,2004-04-01,10566
New Zealand,NZ,NZL,Asia-Pacific,Investment,IMF IFS via DBnomics,Q.NZ.NFI_R_SA_XDC,SA,Source seasonally adjusted,2004-07-01,10643
New Zealand,NZ,NZL,Asia-Pacific,Investment,IMF IFS via DBnomics,Q.NZ.NFI_R_SA_XDC,SA,Source seasonally adjusted,2004-10-01,10418
New Zealand,NZ,NZL,Asia-Pacific,Investment,IMF IFS via DBnomics,Q.NZ.NFI_R_SA_XDC,SA,Source seasonally adjusted,2005-01-01,10304
New Zealand,NZ,NZL,Asia-Pacific,Investment,IMF IFS via DBnomics,Q.NZ.NFI_R_SA_XDC,SA,Source seasonally adjusted,2005-04-01,11046
New Zealand,NZ,NZL,Asia-Pacific,Investment,IMF IFS via DBnomics,Q.NZ.NFI_R_SA_XDC,SA,Source seasonally adjusted,2005-07-01,11203
New Zealand,NZ,NZL,Asia-Pacific,Investment,IMF IFS via DBnomics,Q.NZ.NFI_R_SA_XDC,SA,Source seasonally adjusted,2005-10-01,11174
New Zealand,NZ,NZL,Asia-Pacific,Investment,IMF IFS via DBnomics,Q.NZ.NFI_R_SA_XDC,SA,Source seasonally adjusted,2006-01-01,10910
New Zealand,NZ,NZL,Asia-Pacific,Investment,IMF IFS via DBnomics,Q.NZ.NFI_R_SA_XDC,SA,Source seasonally adjusted,2006-04-01,10386
New Zealand,NZ,NZL,Asia-Pacific,Investment,IMF IFS via DBnomics,Q.NZ.NFI_R_SA_XDC,SA,Source seasonally adjusted,2006-07-01,10951
New Zealand,NZ,NZL,Asia-Pacific,Investment,IMF IFS via DBnomics,Q.NZ.NFI_R_SA_XDC,SA,Source seasonally adjusted,2006-10-01,10971
New Zealand,NZ,NZL,Asia-Pacific,Investment,IMF IFS via DBnomics,Q.NZ.NFI_R_SA_XDC,SA,Source seasonally adjusted,2007-01-01,11300
New Zealand,NZ,NZL,Asia-Pacific,Investment,IMF IFS via DBnomics,Q.NZ.NFI_R_SA_XDC,SA,Source seasonally adjusted,2007-04-01,11364
New Zealand,NZ,NZL,Asia-Pacific,Investment,IMF IFS via DBnomics,Q.NZ.NFI_R_SA_XDC,SA,Source seasonally adjusted,2007-07-01,11781
New Zealand,NZ,NZL,Asia-Pacific,Investment,IMF IFS via DBnomics,Q.NZ.NFI_R_SA_XDC,SA,Source seasonally adjusted,2007-10-01,12070
New Zealand,NZ,NZL,Asia-Pacific,Investment,IMF IFS via DBnomics,Q.NZ.NFI_R_SA_XDC,SA,Source seasonally adjusted,2008-01-01,11767
New Zealand,NZ,NZL,Asia-Pacific,Investment,IMF IFS via DBnomics,Q.NZ.NFI_R_SA_XDC,SA,Source seasonally adjusted,2008-04-01,11970
New Zealand,NZ,NZL,Asia-Pacific,Investment,IMF IFS via DBnomics,Q.NZ.NFI_R_SA_XDC,SA,Source seasonally adjusted,2008-07-01,11169
New Zealand,NZ,NZL,Asia-Pacific,Investment,IMF IFS via DBnomics,Q.NZ.NFI_R_SA_XDC,SA,Source seasonally adjusted,2008-10-01,10695
New Zealand,NZ,NZL,Asia-Pacific,Investment,IMF IFS via DBnomics,Q.NZ.NFI_R_SA_XDC,SA,Source seasonally adjusted,2009-01-01,10176
New Zealand,NZ,NZL,Asia-Pacific,Investment,IMF IFS via DBnomics,Q.NZ.NFI_R_SA_XDC,SA,Source seasonally adjusted,2009-04-01,10147
New Zealand,NZ,NZL,Asia-Pacific,Investment,IMF IFS via DBnomics,Q.NZ.NFI_R_SA_XDC,SA,Source seasonally adjusted,2009-07-01,9845
New Zealand,NZ,NZL,Asia-Pacific,Investment,IMF IFS via DBnomics,Q.NZ.NFI_R_SA_XDC,SA,Source seasonally adjusted,2009-10-01,9758
New Zealand,NZ,NZL,Asia-Pacific,Investment,IMF IFS via DBnomics,Q.NZ.NFI_R_SA_XDC,SA,Source seasonally adjusted,2010-01-01,9922
New Zealand,NZ,NZL,Asia-Pacific,Investment,IMF IFS via DBnomics,Q.NZ.NFI_R_SA_XDC,SA,Source seasonally adjusted,2010-04-01,10010
New Zealand,NZ,NZL,Asia-Pacific,Investment,IMF IFS via DBnomics,Q.NZ.NFI_R_SA_XDC,SA,Source seasonally adjusted,2010-07-01,10052
New Zealand,NZ,NZL,Asia-Pacific,Investment,IMF IFS via DBnomics,Q.NZ.NFI_R_SA_XDC,SA,Source seasonally adjusted,2010-10-01,10420
New Zealand,NZ,NZL,Asia-Pacific,Investment,IMF IFS via DBnomics,Q.NZ.NFI_R_SA_XDC,SA,Source seasonally adjusted,2011-01-01,10711
New Zealand,NZ,NZL,Asia-Pacific,Investment,IMF IFS via DBnomics,Q.NZ.NFI_R_SA_XDC,SA,Source seasonally adjusted,2011-04-01,10446
New Zealand,NZ,NZL,Asia-Pacific,Investment,IMF IFS via DBnomics,Q.NZ.NFI_R_SA_XDC,SA,Source seasonally adjusted,2011-07-01,10577
New Zealand,NZ,NZL,Asia-Pacific,Investment,IMF IFS via DBnomics,Q.NZ.NFI_R_SA_XDC,SA,Source seasonally adjusted,2011-10-01,10957
New Zealand,NZ,NZL,Asia-Pacific,Investment,IMF IFS via DBnomics,Q.NZ.NFI_R_SA_XDC,SA,Source seasonally adjusted,2012-01-01,11391
New Zealand,NZ,NZL,Asia-Pacific,Investment,IMF IFS via DBnomics,Q.NZ.NFI_R_SA_XDC,SA,Source seasonally adjusted,2012-04-01,11389
New Zealand,NZ,NZL,Asia-Pacific,Investment,IMF IFS via DBnomics,Q.NZ.NFI_R_SA_XDC,SA,Source seasonally adjusted,2012-07-01,11208
New Zealand,NZ,NZL,Asia-Pacific,Investment,IMF IFS via DBnomics,Q.NZ.NFI_R_SA_XDC,SA,Source seasonally adjusted,2012-10-01,11539
New Zealand,NZ,NZL,Asia-Pacific,Investment,IMF IFS via DBnomics,Q.NZ.NFI_R_SA_XDC,SA,Source seasonally adjusted,2013-01-01,11753
New Zealand,NZ,NZL,Asia-Pacific,Investment,IMF IFS via DBnomics,Q.NZ.NFI_R_SA_XDC,SA,Source seasonally adjusted,2013-04-01,12073
New Zealand,NZ,NZL,Asia-Pacific,Investment,IMF IFS via DBnomics,Q.NZ.NFI_R_SA_XDC,SA,Source seasonally adjusted,2013-07-01,12411
New Zealand,NZ,NZL,Asia-Pacific,Investment,IMF IFS via DBnomics,Q.NZ.NFI_R_SA_XDC,SA,Source seasonally adjusted,2013-10-01,12557
New Zealand,NZ,NZL,Asia-Pacific,Investment,IMF IFS via DBnomics,Q.NZ.NFI_R_SA_XDC,SA,Source seasonally adjusted,2014-01-01,12863
New Zealand,NZ,NZL,Asia-Pacific,Investment,IMF IFS via DBnomics,Q.NZ.NFI_R_SA_XDC,SA,Source seasonally adjusted,2014-04-01,13165
New Zealand,NZ,NZL,Asia-Pacific,Investment,IMF IFS via DBnomics,Q.NZ.NFI_R_SA_XDC,SA,Source seasonally adjusted,2014-07-01,13653
New Zealand,NZ,NZL,Asia-Pacific,Investment,IMF IFS via DBnomics,Q.NZ.NFI_R_SA_XDC,SA,Source seasonally adjusted,2014-10-01,13636
New Zealand,NZ,NZL,Asia-Pacific,Investment,IMF IFS via DBnomics,Q.NZ.NFI_R_SA_XDC,SA,Source seasonally adjusted,2015-01-01,13546
New Zealand,NZ,NZL,Asia-Pacific,Investment,IMF IFS via DBnomics,Q.NZ.NFI_R_SA_XDC,SA,Source seasonally adjusted,2015-04-01,13728
New Zealand,NZ,NZL,Asia-Pacific,Investment,IMF IFS via DBnomics,Q.NZ.NFI_R_SA_XDC,SA,Source seasonally adjusted,2015-07-01,14182
New Zealand,NZ,NZL,Asia-Pacific,Investment,IMF IFS via DBnomics,Q.NZ.NFI_R_SA_XDC,SA,Source seasonally adjusted,2015-10-01,13837
New Zealand,NZ,NZL,Asia-Pacific,Investment,IMF IFS via DBnomics,Q.NZ.NFI_R_SA_XDC,SA,Source seasonally adjusted,2016-01-01,14000
New Zealand,NZ,NZL,Asia-Pacific,Investment,IMF IFS via DBnomics,Q.NZ.NFI_R_SA_XDC,SA,Source seasonally adjusted,2016-04-01,14244
New Zealand,NZ,NZL,Asia-Pacific,Investment,IMF IFS via DBnomics,Q.NZ.NFI_R_SA_XDC,SA,Source seasonally adjusted,2016-07-01,14445
New Zealand,NZ,NZL,Asia-Pacific,Investment,IMF IFS via DBnomics,Q.NZ.NFI_R_SA_XDC,SA,Source seasonally adjusted,2016-10-01,14173
New Zealand,NZ,NZL,Asia-Pacific,Investment,IMF IFS via DBnomics,Q.NZ.NFI_R_SA_XDC,SA,Source seasonally adjusted,2017-01-01,14305
New Zealand,NZ,NZL,Asia-Pacific,Investment,IMF IFS via DBnomics,Q.NZ.NFI_R_SA_XDC,SA,Source seasonally adjusted,2017-04-01,14644
New Zealand,NZ,NZL,Asia-Pacific,Investment,IMF IFS via DBnomics,Q.NZ.NFI_R_SA_XDC,SA,Source seasonally adjusted,2017-07-01,15005
New Zealand,NZ,NZL,Asia-Pacific,Investment,IMF IFS via DBnomics,Q.NZ.NFI_R_SA_XDC,SA,Source seasonally adjusted,2017-10-01,15615
New Zealand,NZ,NZL,Asia-Pacific,Investment,IMF IFS via DBnomics,Q.NZ.NFI_R_SA_XDC,SA,Source seasonally adjusted,2018-01-01,15681
New Zealand,NZ,NZL,Asia-Pacific,Investment,IMF IFS via DBnomics,Q.NZ.NFI_R_SA_XDC,SA,Source seasonally adjusted,2018-04-01,15982
New Zealand,NZ,NZL,Asia-Pacific,Investment,IMF IFS via DBnomics,Q.NZ.NFI_R_SA_XDC,SA,Source seasonally adjusted,2018-07-01,15697
New Zealand,NZ,NZL,Asia-Pacific,Investment,IMF IFS via DBnomics,Q.NZ.NFI_R_SA_XDC,SA,Source seasonally adjusted,2018-10-01,16039
New Zealand,NZ,NZL,Asia-Pacific,Investment,IMF IFS via DBnomics,Q.NZ.NFI_R_SA_XDC,SA,Source seasonally adjusted,2019-01-01,16369
New Zealand,NZ,NZL,Asia-Pacific,Investment,IMF IFS via DBnomics,Q.NZ.NFI_R_SA_XDC,SA,Source seasonally adjusted,2019-04-01,16510
New Zealand,NZ,NZL,Asia-Pacific,Investment,IMF IFS via DBnomics,Q.NZ.NFI_R_SA_XDC,SA,Source seasonally adjusted,2019-07-01,16512
New Zealand,NZ,NZL,Asia-Pacific,Investment,IMF IFS via DBnomics,Q.NZ.NFI_R_SA_XDC,SA,Source seasonally adjusted,2019-10-01,16740
New Zealand,NZ,NZL,Asia-Pacific,Investment,IMF IFS via DBnomics,Q.NZ.NFI_R_SA_XDC,SA,Source seasonally adjusted,2020-01-01,16126
New Zealand,NZ,NZL,Asia-Pacific,Investment,IMF IFS via DBnomics,Q.NZ.NFI_R_SA_XDC,SA,Source seasonally adjusted,2020-04-01,13381
New Zealand,NZ,NZL,Asia-Pacific,Investment,IMF IFS via DBnomics,Q.NZ.NFI_R_SA_XDC,SA,Source seasonally adjusted,2020-07-01,16891
New Zealand,NZ,NZL,Asia-Pacific,Investment,IMF IFS via DBnomics,Q.NZ.NFI_R_SA_XDC,SA,Source seasonally adjusted,2020-10-01,17006
New Zealand,NZ,NZL,Asia-Pacific,Investment,IMF IFS via DBnomics,Q.NZ.NFI_R_SA_XDC,SA,Source seasonally adjusted,2021-01-01,17813
New Zealand,NZ,NZL,Asia-Pacific,Investment,IMF IFS via DBnomics,Q.NZ.NFI_R_SA_XDC,SA,Source seasonally adjusted,2021-04-01,17404
New Zealand,NZ,NZL,Asia-Pacific,Investment,IMF IFS via DBnomics,Q.NZ.NFI_R_SA_XDC,SA,Source seasonally adjusted,2021-07-01,16718
New Zealand,NZ,NZL,Asia-Pacific,Investment,IMF IFS via DBnomics,Q.NZ.NFI_R_SA_XDC,SA,Source seasonally adjusted,2021-10-01,18414
New Zealand,NZ,NZL,Asia-Pacific,Investment,IMF IFS via DBnomics,Q.NZ.NFI_R_SA_XDC,SA,Source seasonally adjusted,2022-01-01,18472
New Zealand,NZ,NZL,Asia-Pacific,Investment,IMF IFS via DBnomics,Q.NZ.NFI_R_SA_XDC,SA,Source seasonally adjusted,2022-04-01,17725
New Zealand,NZ,NZL,Asia-Pacific,Investment,IMF IFS via DBnomics,Q.NZ.NFI_R_SA_XDC,SA,Source seasonally adjusted,2022-07-01,18757
New Zealand,NZ,NZL,Asia-Pacific,Investment,IMF IFS via DBnomics,Q.NZ.NFI_R_SA_XDC,SA,Source seasonally adjusted,2022-10-01,18335
New Zealand,NZ,NZL,Asia-Pacific,Investment,IMF IFS via DBnomics,Q.NZ.NFI_R_SA_XDC,SA,Source seasonally adjusted,2023-01-01,18551
New Zealand,NZ,NZL,Asia-Pacific,Investment,IMF IFS via DBnomics,Q.NZ.NFI_R_SA_XDC,SA,Source seasonally adjusted,2023-04-01,18550
New Zealand,NZ,NZL,Asia-Pacific,Investment,IMF IFS via DBnomics,Q.NZ.NFI_R_SA_XDC,SA,Source seasonally adjusted,2023-07-01,18108
New Zealand,NZ,NZL,Asia-Pacific,Investment,IMF IFS via DBnomics,Q.NZ.NFI_R_SA_XDC,SA,Source seasonally adjusted,2023-10-01,18051
New Zealand,NZ,NZL,Asia-Pacific,Investment,IMF IFS via DBnomics,Q.NZ.NFI_R_SA_XDC,SA,Source seasonally adjusted,2024-01-01,17867
New Zealand,NZ,NZL,Asia-Pacific,Investment,IMF IFS via DBnomics,Q.NZ.NFI_R_SA_XDC,SA,Source seasonally adjusted,2024-04-01,17585
New Zealand,NZ,NZL,Asia-Pacific,Investment,IMF IFS via DBnomics,Q.NZ.NFI_R_SA_XDC,SA,Source seasonally adjusted,2024-07-01,17056
New Zealand,NZ,NZL,Asia-Pacific,Investment,IMF IFS via DBnomics,Q.NZ.NFI_R_SA_XDC,SA,Source seasonally adjusted,2024-10-01,17013
New Zealand,NZ,NZL,Asia-Pacific,Investment,IMF IFS via DBnomics,Q.NZ.NFI_R_SA_XDC,SA,Source seasonally adjusted,2025-01-01,17112
Philippines,PH,PHL,ASEAN,Consumption,IMF IFS via DBnomics,Q.PH.NCP_R_SA_XDC,SA,Source seasonally adjusted,2000-01-01,1317101.70008614
Philippines,PH,PHL,ASEAN,Consumption,IMF IFS via DBnomics,Q.PH.NCP_R_SA_XDC,SA,Source seasonally adjusted,2000-04-01,1352124.98320234
Philippines,PH,PHL,ASEAN,Consumption,IMF IFS via DBnomics,Q.PH.NCP_R_SA_XDC,SA,Source seasonally adjusted,2000-07-01,1340908.62305233
Philippines,PH,PHL,ASEAN,Consumption,IMF IFS via DBnomics,Q.PH.NCP_R_SA_XDC,SA,Source seasonally adjusted,2000-10-01,1345100.94643188
Philippines,PH,PHL,ASEAN,Consumption,IMF IFS via DBnomics,Q.PH.NCP_R_SA_XDC,SA,Source seasonally adjusted,2001-01-01,1373096.78963645
Philippines,PH,PHL,ASEAN,Consumption,IMF IFS via DBnomics,Q.PH.NCP_R_SA_XDC,SA,Source seasonally adjusted,2001-04-01,1374175.02758733
Philippines,PH,PHL,ASEAN,Consumption,IMF IFS via DBnomics,Q.PH.NCP_R_SA_XDC,SA,Source seasonally adjusted,2001-07-01,1399795.66120699
Philippines,PH,PHL,ASEAN,Consumption,IMF IFS via DBnomics,Q.PH.NCP_R_SA_XDC,SA,Source seasonally adjusted,2001-10-01,1420071.77902304
Philippines,PH,PHL,ASEAN,Consumption,IMF IFS via DBnomics,Q.PH.NCP_R_SA_XDC,SA,Source seasonally adjusted,2002-01-01,1419317.42740955
Philippines,PH,PHL,ASEAN,Consumption,IMF IFS via DBnomics,Q.PH.NCP_R_SA_XDC,SA,Source seasonally adjusted,2002-04-01,1461606.6600318
Philippines,PH,PHL,ASEAN,Consumption,IMF IFS via DBnomics,Q.PH.NCP_R_SA_XDC,SA,Source seasonally adjusted,2002-07-01,1485618.99709878
Philippines,PH,PHL,ASEAN,Consumption,IMF IFS via DBnomics,Q.PH.NCP_R_SA_XDC,SA,Source seasonally adjusted,2002-10-01,1483792.19866904
Philippines,PH,PHL,ASEAN,Consumption,IMF IFS via DBnomics,Q.PH.NCP_R_SA_XDC,SA,Source seasonally adjusted,2003-01-01,1509282.4970379
Philippines,PH,PHL,ASEAN,Consumption,IMF IFS via DBnomics,Q.PH.NCP_R_SA_XDC,SA,Source seasonally adjusted,2003-04-01,1533055.93610967
Philippines,PH,PHL,ASEAN,Consumption,IMF IFS via DBnomics,Q.PH.NCP_R_SA_XDC,SA,Source seasonally adjusted,2003-07-01,1552528.99180307
Philippines,PH,PHL,ASEAN,Consumption,IMF IFS via DBnomics,Q.PH.NCP_R_SA_XDC,SA,Source seasonally adjusted,2003-10-01,1568784.95650511
Philippines,PH,PHL,ASEAN,Consumption,IMF IFS via DBnomics,Q.PH.NCP_R_SA_XDC,SA,Source seasonally adjusted,2004-01-01,1605432.96410457
Philippines,PH,PHL,ASEAN,Consumption,IMF IFS via DBnomics,Q.PH.NCP_R_SA_XDC,SA,Source seasonally adjusted,2004-04-01,1599552.79874476
Philippines,PH,PHL,ASEAN,Consumption,IMF IFS via DBnomics,Q.PH.NCP_R_SA_XDC,SA,Source seasonally adjusted,2004-07-01,1646893.11500257
Philippines,PH,PHL,ASEAN,Consumption,IMF IFS via DBnomics,Q.PH.NCP_R_SA_XDC,SA,Source seasonally adjusted,2004-10-01,1674965.69136927
Philippines,PH,PHL,ASEAN,Consumption,IMF IFS via DBnomics,Q.PH.NCP_R_SA_XDC,SA,Source seasonally adjusted,2005-01-01,1684764.94883842
Philippines,PH,PHL,ASEAN,Consumption,IMF IFS via DBnomics,Q.PH.NCP_R_SA_XDC,SA,Source seasonally adjusted,2005-04-01,1691939.80456952
Philippines,PH,PHL,ASEAN,Consumption,IMF IFS via DBnomics,Q.PH.NCP_R_SA_XDC,SA,Source seasonally adjusted,2005-07-01,1713714.31260852
Philippines,PH,PHL,ASEAN,Consumption,IMF IFS via DBnomics,Q.PH.NCP_R_SA_XDC,SA,Source seasonally adjusted,2005-10-01,1727134.19206625
Philippines,PH,PHL,ASEAN,Consumption,IMF IFS via DBnomics,Q.PH.NCP_R_SA_XDC,SA,Source seasonally adjusted,2006-01-01,1745284.25263873
Philippines,PH,PHL,ASEAN,Consumption,IMF IFS via DBnomics,Q.PH.NCP_R_SA_XDC,SA,Source seasonally adjusted,2006-04-01,1775655.07815982
Philippines,PH,PHL,ASEAN,Consumption,IMF IFS via DBnomics,Q.PH.NCP_R_SA_XDC,SA,Source seasonally adjusted,2006-07-01,1784830.80042269
Philippines,PH,PHL,ASEAN,Consumption,IMF IFS via DBnomics,Q.PH.NCP_R_SA_XDC,SA,Source seasonally adjusted,2006-10-01,1796928.9362935
Philippines,PH,PHL,ASEAN,Consumption,IMF IFS via DBnomics,Q.PH.NCP_R_SA_XDC,SA,Source seasonally adjusted,2007-01-01,1816268.16993446
Philippines,PH,PHL,ASEAN,Consumption,IMF IFS via DBnomics,Q.PH.NCP_R_SA_XDC,SA,Source seasonally adjusted,2007-04-01,1856476.00159442
Philippines,PH,PHL,ASEAN,Consumption,IMF IFS via DBnomics,Q.PH.NCP_R_SA_XDC,SA,Source seasonally adjusted,2007-07-01,1874591.11422883
Philippines,PH,PHL,ASEAN,Consumption,IMF IFS via DBnomics,Q.PH.NCP_R_SA_XDC,SA,Source seasonally adjusted,2007-10-01,1894953.58624784
Philippines,PH,PHL,ASEAN,Consumption,IMF IFS via DBnomics,Q.PH.NCP_R_SA_XDC,SA,Source seasonally adjusted,2008-01-01,1911188.27867347
Philippines,PH,PHL,ASEAN,Consumption,IMF IFS via DBnomics,Q.PH.NCP_R_SA_XDC,SA,Source seasonally adjusted,2008-04-01,1910532.59534104
Philippines,PH,PHL,ASEAN,Consumption,IMF IFS via DBnomics,Q.PH.NCP_R_SA_XDC,SA,Source seasonally adjusted,2008-07-01,1954450.74848396
Philippines,PH,PHL,ASEAN,Consumption,IMF IFS via DBnomics,Q.PH.NCP_R_SA_XDC,SA,Source seasonally adjusted,2008-10-01,1954911.64776189
Philippines,PH,PHL,ASEAN,Consumption,IMF IFS via DBnomics,Q.PH.NCP_R_SA_XDC,SA,Source seasonally adjusted,2009-01-01,1945836.85571899
Philippines,PH,PHL,ASEAN,Consumption,IMF IFS via DBnomics,Q.PH.NCP_R_SA_XDC,SA,Source seasonally adjusted,2009-04-01,1992360.56855989
Philippines,PH,PHL,ASEAN,Consumption,IMF IFS via DBnomics,Q.PH.NCP_R_SA_XDC,SA,Source seasonally adjusted,2009-07-01,1982202.02853085
Philippines,PH,PHL,ASEAN,Consumption,IMF IFS via DBnomics,Q.PH.NCP_R_SA_XDC,SA,Source seasonally adjusted,2009-10-01,2004348.58748078
Philippines,PH,PHL,ASEAN,Consumption,IMF IFS via DBnomics,Q.PH.NCP_R_SA_XDC,SA,Source seasonally adjusted,2010-01-01,2021877.96765178
Philippines,PH,PHL,ASEAN,Consumption,IMF IFS via DBnomics,Q.PH.NCP_R_SA_XDC,SA,Source seasonally adjusted,2010-04-01,2038513.20898908
Philippines,PH,PHL,ASEAN,Consumption,IMF IFS via DBnomics,Q.PH.NCP_R_SA_XDC,SA,Source seasonally adjusted,2010-07-01,2043567.99003809
Philippines,PH,PHL,ASEAN,Consumption,IMF IFS via DBnomics,Q.PH.NCP_R_SA_XDC,SA,Source seasonally adjusted,2010-10-01,2103051.05202858
Philippines,PH,PHL,ASEAN,Consumption,IMF IFS via DBnomics,Q.PH.NCP_R_SA_XDC,SA,Source seasonally adjusted,2011-01-01,2110672.78229655
Philippines,PH,PHL,ASEAN,Consumption,IMF IFS via DBnomics,Q.PH.NCP_R_SA_XDC,SA,Source seasonally adjusted,2011-04-01,2144748.25972478
Philippines,PH,PHL,ASEAN,Consumption,IMF IFS via DBnomics,Q.PH.NCP_R_SA_XDC,SA,Source seasonally adjusted,2011-07-01,2184420.83754709
Philippines,PH,PHL,ASEAN,Consumption,IMF IFS via DBnomics,Q.PH.NCP_R_SA_XDC,SA,Source seasonally adjusted,2011-10-01,2224288.12381125
Philippines,PH,PHL,ASEAN,Consumption,IMF IFS via DBnomics,Q.PH.NCP_R_SA_XDC,SA,Source seasonally adjusted,2012-01-01,2257747.5592977
Philippines,PH,PHL,ASEAN,Consumption,IMF IFS via DBnomics,Q.PH.NCP_R_SA_XDC,SA,Source seasonally adjusted,2012-04-01,2298373.01815098
Philippines,PH,PHL,ASEAN,Consumption,IMF IFS via DBnomics,Q.PH.NCP_R_SA_XDC,SA,Source seasonally adjusted,2012-07-01,2336082.55929086
Philippines,PH,PHL,ASEAN,Consumption,IMF IFS via DBnomics,Q.PH.NCP_R_SA_XDC,SA,Source seasonally adjusted,2012-10-01,2363865.89007785
Philippines,PH,PHL,ASEAN,Consumption,IMF IFS via DBnomics,Q.PH.NCP_R_SA_XDC,SA,Source seasonally adjusted,2013-01-01,2380867.47726383
Philippines,PH,PHL,ASEAN,Consumption,IMF IFS via DBnomics,Q.PH.NCP_R_SA_XDC,SA,Source seasonally adjusted,2013-04-01,2424973.71147148
Philippines,PH,PHL,ASEAN,Consumption,IMF IFS via DBnomics,Q.PH.NCP_R_SA_XDC,SA,Source seasonally adjusted,2013-07-01,2485404.8181011
Philippines,PH,PHL,ASEAN,Consumption,IMF IFS via DBnomics,Q.PH.NCP_R_SA_XDC,SA,Source seasonally adjusted,2013-10-01,2503811.73995046
Philippines,PH,PHL,ASEAN,Consumption,IMF IFS via DBnomics,Q.PH.NCP_R_SA_XDC,SA,Source seasonally adjusted,2014-01-01,2530357.37127824
Philippines,PH,PHL,ASEAN,Consumption,IMF IFS via DBnomics,Q.PH.NCP_R_SA_XDC,SA,Source seasonally adjusted,2014-04-01,2571612.77971666
Philippines,PH,PHL,ASEAN,Consumption,IMF IFS via DBnomics,Q.PH.NCP_R_SA_XDC,SA,Source seasonally adjusted,2014-07-01,2617190.53983292
Philippines,PH,PHL,ASEAN,Consumption,IMF IFS via DBnomics,Q.PH.NCP_R_SA_XDC,SA,Source seasonally adjusted,2014-10-01,2639521.65069875
Philippines,PH,PHL,ASEAN,Consumption,IMF IFS via DBnomics,Q.PH.NCP_R_SA_XDC,SA,Source seasonally adjusted,2015-01-01,2680983.28022424
Philippines,PH,PHL,ASEAN,Consumption,IMF IFS via DBnomics,Q.PH.NCP_R_SA_XDC,SA,Source seasonally adjusted,2015-04-01,2741052.14899895
Philippines,PH,PHL,ASEAN,Consumption,IMF IFS via DBnomics,Q.PH.NCP_R_SA_XDC,SA,Source seasonally adjusted,2015-07-01,2786098.35050853
Philippines,PH,PHL,ASEAN,Consumption,IMF IFS via DBnomics,Q.PH.NCP_R_SA_XDC,SA,Source seasonally adjusted,2015-10-01,2817188.08682632
Philippines,PH,PHL,ASEAN,Consumption,IMF IFS via DBnomics,Q.PH.NCP_R_SA_XDC,SA,Source seasonally adjusted,2016-01-01,2869781.56955349
Philippines,PH,PHL,ASEAN,Consumption,IMF IFS via DBnomics,Q.PH.NCP_R_SA_XDC,SA,Source seasonally adjusted,2016-04-01,2947126.38153014
Philippines,PH,PHL,ASEAN,Consumption,IMF IFS via DBnomics,Q.PH.NCP_R_SA_XDC,SA,Source seasonally adjusted,2016-07-01,2993417.43277614
Philippines,PH,PHL,ASEAN,Consumption,IMF IFS via DBnomics,Q.PH.NCP_R_SA_XDC,SA,Source seasonally adjusted,2016-10-01,3007449.6339046
Philippines,PH,PHL,ASEAN,Consumption,IMF IFS via DBnomics,Q.PH.NCP_R_SA_XDC,SA,Source seasonally adjusted,2017-01-01,3036793.65194875
Philippines,PH,PHL,ASEAN,Consumption,IMF IFS via DBnomics,Q.PH.NCP_R_SA_XDC,SA,Source seasonally adjusted,2017-04-01,3128316.29321943
Philippines,PH,PHL,ASEAN,Consumption,IMF IFS via DBnomics,Q.PH.NCP_R_SA_XDC,SA,Source seasonally adjusted,2017-07-01,3158718.1242017
Philippines,PH,PHL,ASEAN,Consumption,IMF IFS via DBnomics,Q.PH.NCP_R_SA_XDC,SA,Source seasonally adjusted,2017-10-01,3196236.21204458
Philippines,PH,PHL,ASEAN,Consumption,IMF IFS via DBnomics,Q.PH.NCP_R_SA_XDC,SA,Source seasonally adjusted,2018-01-01,3209599.84915022
Philippines,PH,PHL,ASEAN,Consumption,IMF IFS via DBnomics,Q.PH.NCP_R_SA_XDC,SA,Source seasonally adjusted,2018-04-01,3329967.00466008
Philippines,PH,PHL,ASEAN,Consumption,IMF IFS via DBnomics,Q.PH.NCP_R_SA_XDC,SA,Source seasonally adjusted,2018-07-01,3328381.61199131
Philippines,PH,PHL,ASEAN,Consumption,IMF IFS via DBnomics,Q.PH.NCP_R_SA_XDC,SA,Source seasonally adjusted,2018-10-01,3368957.24761597
Philippines,PH,PHL,ASEAN,Consumption,IMF IFS via DBnomics,Q.PH.NCP_R_SA_XDC,SA,Source seasonally adjusted,2019-01-01,3404675.7764642
Philippines,PH,PHL,ASEAN,Consumption,IMF IFS via DBnomics,Q.PH.NCP_R_SA_XDC,SA,Source seasonally adjusted,2019-04-01,3533282.44240229
Philippines,PH,PHL,ASEAN,Consumption,IMF IFS via DBnomics,Q.PH.NCP_R_SA_XDC,SA,Source seasonally adjusted,2019-07-01,3519551.9856704
Philippines,PH,PHL,ASEAN,Consumption,IMF IFS via DBnomics,Q.PH.NCP_R_SA_XDC,SA,Source seasonally adjusted,2019-10-01,3560945.35965709
Philippines,PH,PHL,ASEAN,Consumption,IMF IFS via DBnomics,Q.PH.NCP_R_SA_XDC,SA,Source seasonally adjusted,2020-01-01,3413243.71683212
Philippines,PH,PHL,ASEAN,Consumption,IMF IFS via DBnomics,Q.PH.NCP_R_SA_XDC,SA,Source seasonally adjusted,2020-04-01,3017138.71062178
Philippines,PH,PHL,ASEAN,Consumption,IMF IFS via DBnomics,Q.PH.NCP_R_SA_XDC,SA,Source seasonally adjusted,2020-07-01,3202269.46435252
Philippines,PH,PHL,ASEAN,Consumption,IMF IFS via DBnomics,Q.PH.NCP_R_SA_XDC,SA,Source seasonally adjusted,2020-10-01,3256933.6102612
Philippines,PH,PHL,ASEAN,Consumption,IMF IFS via DBnomics,Q.PH.NCP_R_SA_XDC,SA,Source seasonally adjusted,2021-01-01,3265169.27812587
Philippines,PH,PHL,ASEAN,Consumption,IMF IFS via DBnomics,Q.PH.NCP_R_SA_XDC,SA,Source seasonally adjusted,2021-04-01,3250386.66397607
Philippines,PH,PHL,ASEAN,Consumption,IMF IFS via DBnomics,Q.PH.NCP_R_SA_XDC,SA,Source seasonally adjusted,2021-07-01,3416725.17000239
Philippines,PH,PHL,ASEAN,Consumption,IMF IFS via DBnomics,Q.PH.NCP_R_SA_XDC,SA,Source seasonally adjusted,2021-10-01,3505561.08267881
Philippines,PH,PHL,ASEAN,Consumption,IMF IFS via DBnomics,Q.PH.NCP_R_SA_XDC,SA,Source seasonally adjusted,2022-01-01,3583825.75008805
Philippines,PH,PHL,ASEAN,Consumption,IMF IFS via DBnomics,Q.PH.NCP_R_SA_XDC,SA,Source seasonally adjusted,2022-04-01,3540535.36998904
Philippines,PH,PHL,ASEAN,Consumption,IMF IFS via DBnomics,Q.PH.NCP_R_SA_XDC,SA,Source seasonally adjusted,2022-07-01,3679987.25866314
Philippines,PH,PHL,ASEAN,Consumption,IMF IFS via DBnomics,Q.PH.NCP_R_SA_XDC,SA,Source seasonally adjusted,2022-10-01,3753719.88443021
Philippines,PH,PHL,ASEAN,Consumption,IMF IFS via DBnomics,Q.PH.NCP_R_SA_XDC,SA,Source seasonally adjusted,2023-01-01,3798014.00081229
Philippines,PH,PHL,ASEAN,Consumption,IMF IFS via DBnomics,Q.PH.NCP_R_SA_XDC,SA,Source seasonally adjusted,2023-04-01,3750296.28743958
Philippines,PH,PHL,ASEAN,Consumption,IMF IFS via DBnomics,Q.PH.NCP_R_SA_XDC,SA,Source seasonally adjusted,2023-07-01,3857600.25314899
Philippines,PH,PHL,ASEAN,Consumption,IMF IFS via DBnomics,Q.PH.NCP_R_SA_XDC,SA,Source seasonally adjusted,2023-10-01,3966672.04236893
Philippines,PH,PHL,ASEAN,Consumption,IMF IFS via DBnomics,Q.PH.NCP_R_SA_XDC,SA,Source seasonally adjusted,2024-01-01,3964875.8303197
Philippines,PH,PHL,ASEAN,Consumption,IMF IFS via DBnomics,Q.PH.NCP_R_SA_XDC,SA,Source seasonally adjusted,2024-04-01,3935270.78144314
Philippines,PH,PHL,ASEAN,Consumption,IMF IFS via DBnomics,Q.PH.NCP_R_SA_XDC,SA,Source seasonally adjusted,2024-07-01,4044512.53490507
Philippines,PH,PHL,ASEAN,Investment,IMF IFS via DBnomics,Q.PH.NFI_R_SA_XDC,SA,Source seasonally adjusted,2000-01-01,326474.729968372
Philippines,PH,PHL,ASEAN,Investment,IMF IFS via DBnomics,Q.PH.NFI_R_SA_XDC,SA,Source seasonally adjusted,2000-04-01,307344.164467085
Philippines,PH,PHL,ASEAN,Investment,IMF IFS via DBnomics,Q.PH.NFI_R_SA_XDC,SA,Source seasonally adjusted,2000-07-01,327504.475231266
Philippines,PH,PHL,ASEAN,Investment,IMF IFS via DBnomics,Q.PH.NFI_R_SA_XDC,SA,Source seasonally adjusted,2000-10-01,320448.710953605
Philippines,PH,PHL,ASEAN,Investment,IMF IFS via DBnomics,Q.PH.NFI_R_SA_XDC,SA,Source seasonally adjusted,2001-01-01,308653.696425098
Philippines,PH,PHL,ASEAN,Investment,IMF IFS via DBnomics,Q.PH.NFI_R_SA_XDC,SA,Source seasonally adjusted,2001-04-01,302949.986119005
Philippines,PH,PHL,ASEAN,Investment,IMF IFS via DBnomics,Q.PH.NFI_R_SA_XDC,SA,Source seasonally adjusted,2001-07-01,305789.514592494
Philippines,PH,PHL,ASEAN,Investment,IMF IFS via DBnomics,Q.PH.NFI_R_SA_XDC,SA,Source seasonally adjusted,2001-10-01,303896.991115945
Philippines,PH,PHL,ASEAN,Investment,IMF IFS via DBnomics,Q.PH.NFI_R_SA_XDC,SA,Source seasonally adjusted,2002-01-01,299974.439441752
Philippines,PH,PHL,ASEAN,Investment,IMF IFS via DBnomics,Q.PH.NFI_R_SA_XDC,SA,Source seasonally adjusted,2002-04-01,325702.599375259
Philippines,PH,PHL,ASEAN,Investment,IMF IFS via DBnomics,Q.PH.NFI_R_SA_XDC,SA,Source seasonally adjusted,2002-07-01,316283.049806487
Philippines,PH,PHL,ASEAN,Investment,IMF IFS via DBnomics,Q.PH.NFI_R_SA_XDC,SA,Source seasonally adjusted,2002-10-01,325573.412118965
Philippines,PH,PHL,ASEAN,Investment,IMF IFS via DBnomics,Q.PH.NFI_R_SA_XDC,SA,Source seasonally adjusted,2003-01-01,351266.057255945
Philippines,PH,PHL,ASEAN,Investment,IMF IFS via DBnomics,Q.PH.NFI_R_SA_XDC,SA,Source seasonally adjusted,2003-04-01,343751.030558726
Philippines,PH,PHL,ASEAN,Investment,IMF IFS via DBnomics,Q.PH.NFI_R_SA_XDC,SA,Source seasonally adjusted,2003-07-01,349317.086272563
Philippines,PH,PHL,ASEAN,Investment,IMF IFS via DBnomics,Q.PH.NFI_R_SA_XDC,SA,Source seasonally adjusted,2003-10-01,342042.9031388
Philippines,PH,PHL,ASEAN,Investment,IMF IFS via DBnomics,Q.PH.NFI_R_SA_XDC,SA,Source seasonally adjusted,2004-01-01,351758.633715553
Philippines,PH,PHL,ASEAN,Investment,IMF IFS via DBnomics,Q.PH.NFI_R_SA_XDC,SA,Source seasonally adjusted,2004-04-01,369435.682415626
Philippines,PH,PHL,ASEAN,Investment,IMF IFS via DBnomics,Q.PH.NFI_R_SA_XDC,SA,Source seasonally adjusted,2004-07-01,353407.600035942
Philippines,PH,PHL,ASEAN,Investment,IMF IFS via DBnomics,Q.PH.NFI_R_SA_XDC,SA,Source seasonally adjusted,2004-10-01,371022.836663418
Philippines,PH,PHL,ASEAN,Investment,IMF IFS via DBnomics,Q.PH.NFI_R_SA_XDC,SA,Source seasonally adjusted,2005-01-01,349503.612930927
Philippines,PH,PHL,ASEAN,Investment,IMF IFS via DBnomics,Q.PH.NFI_R_SA_XDC,SA,Source seasonally adjusted,2005-04-01,377649.163753355
Philippines,PH,PHL,ASEAN,Investment,IMF IFS via DBnomics,Q.PH.NFI_R_SA_XDC,SA,Source seasonally adjusted,2005-07-01,346459.766359837
Philippines,PH,PHL,ASEAN,Investment,IMF IFS via DBnomics,Q.PH.NFI_R_SA_XDC,SA,Source seasonally adjusted,2005-10-01,354816.098960529
Philippines,PH,PHL,ASEAN,Investment,IMF IFS via DBnomics,Q.PH.NFI_R_SA_XDC,SA,Source seasonally adjusted,2006-01-01,359392.754696777
Philippines,PH,PHL,ASEAN,Investment,IMF IFS via DBnomics,Q.PH.NFI_R_SA_XDC,SA,Source seasonally adjusted,2006-04-01,378893.259018248
Philippines,PH,PHL,ASEAN,Investment,IMF IFS via DBnomics,Q.PH.NFI_R_SA_XDC,SA,Source seasonally adjusted,2006-07-01,371863.032571481
Philippines,PH,PHL,ASEAN,Investment,IMF IFS via DBnomics,Q.PH.NFI_R_SA_XDC,SA,Source seasonally adjusted,2006-10-01,394714.815690827
Philippines,PH,PHL,ASEAN,Investment,IMF IFS via DBnomics,Q.PH.NFI_R_SA_XDC,SA,Source seasonally adjusted,2007-01-01,411021.410110933
Philippines,PH,PHL,ASEAN,Investment,IMF IFS via DBnomics,Q.PH.NFI_R_SA_XDC,SA,Source seasonally adjusted,2007-04-01,426869.537841574
Philippines,PH,PHL,ASEAN,Investment,IMF IFS via DBnomics,Q.PH.NFI_R_SA_XDC,SA,Source seasonally adjusted,2007-07-01,404922.032619822
Philippines,PH,PHL,ASEAN,Investment,IMF IFS via DBnomics,Q.PH.NFI_R_SA_XDC,SA,Source seasonally adjusted,2007-10-01,427312.140046721
Philippines,PH,PHL,ASEAN,Investment,IMF IFS via DBnomics,Q.PH.NFI_R_SA_XDC,SA,Source seasonally adjusted,2008-01-01,429020.723681051
Philippines,PH,PHL,ASEAN,Investment,IMF IFS via DBnomics,Q.PH.NFI_R_SA_XDC,SA,Source seasonally adjusted,2008-04-01,446305.521685532
Philippines,PH,PHL,ASEAN,Investment,IMF IFS via DBnomics,Q.PH.NFI_R_SA_XDC,SA,Source seasonally adjusted,2008-07-01,472821.170165565
Philippines,PH,PHL,ASEAN,Investment,IMF IFS via DBnomics,Q.PH.NFI_R_SA_XDC,SA,Source seasonally adjusted,2008-10-01,466589.453533105
Philippines,PH,PHL,ASEAN,Investment,IMF IFS via DBnomics,Q.PH.NFI_R_SA_XDC,SA,Source seasonally adjusted,2009-01-01,447393.265348965
Philippines,PH,PHL,ASEAN,Investment,IMF IFS via DBnomics,Q.PH.NFI_R_SA_XDC,SA,Source seasonally adjusted,2009-04-01,451287.198469388
Philippines,PH,PHL,ASEAN,Investment,IMF IFS via DBnomics,Q.PH.NFI_R_SA_XDC,SA,Source seasonally adjusted,2009-07-01,474183.624381166
Philippines,PH,PHL,ASEAN,Investment,IMF IFS via DBnomics,Q.PH.NFI_R_SA_XDC,SA,Source seasonally adjusted,2009-10-01,475038.69224431
Philippines,PH,PHL,ASEAN,Investment,IMF IFS via DBnomics,Q.PH.NFI_R_SA_XDC,SA,Source seasonally adjusted,2010-01-01,517438.677893333
Philippines,PH,PHL,ASEAN,Investment,IMF IFS via DBnomics,Q.PH.NFI_R_SA_XDC,SA,Source seasonally adjusted,2010-04-01,580533.899093347
Philippines,PH,PHL,ASEAN,Investment,IMF IFS via DBnomics,Q.PH.NFI_R_SA_XDC,SA,Source seasonally adjusted,2010-07-01,543322.963854941
Philippines,PH,PHL,ASEAN,Investment,IMF IFS via DBnomics,Q.PH.NFI_R_SA_XDC,SA,Source seasonally adjusted,2010-10-01,556646.533185976
Philippines,PH,PHL,ASEAN,Investment,IMF IFS via DBnomics,Q.PH.NFI_R_SA_XDC,SA,Source seasonally adjusted,2011-01-01,553894.748379769
Philippines,PH,PHL,ASEAN,Investment,IMF IFS via DBnomics,Q.PH.NFI_R_SA_XDC,SA,Source seasonally adjusted,2011-04-01,529350.84636181
Philippines,PH,PHL,ASEAN,Investment,IMF IFS via DBnomics,Q.PH.NFI_R_SA_XDC,SA,Source seasonally adjusted,2011-07-01,525822.639350148
Philippines,PH,PHL,ASEAN,Investment,IMF IFS via DBnomics,Q.PH.NFI_R_SA_XDC,SA,Source seasonally adjusted,2011-10-01,527661.199423701
Philippines,PH,PHL,ASEAN,Investment,IMF IFS via DBnomics,Q.PH.NFI_R_SA_XDC,SA,Source seasonally adjusted,2012-01-01,559221.714828682
Philippines,PH,PHL,ASEAN,Investment,IMF IFS via DBnomics,Q.PH.NFI_R_SA_XDC,SA,Source seasonally adjusted,2012-04-01,567266.206814139
Philippines,PH,PHL,ASEAN,Investment,IMF IFS via DBnomics,Q.PH.NFI_R_SA_XDC,SA,Source seasonally adjusted,2012-07-01,607138.152845947
Philippines,PH,PHL,ASEAN,Investment,IMF IFS via DBnomics,Q.PH.NFI_R_SA_XDC,SA,Source seasonally adjusted,2012-10-01,657355.454586205
Philippines,PH,PHL,ASEAN,Investment,IMF IFS via DBnomics,Q.PH.NFI_R_SA_XDC,SA,Source seasonally adjusted,2013-01-01,701393.773219739
Philippines,PH,PHL,ASEAN,Investment,IMF IFS via DBnomics,Q.PH.NFI_R_SA_XDC,SA,Source seasonally adjusted,2013-04-01,657120.836885121
Philippines,PH,PHL,ASEAN,Investment,IMF IFS via DBnomics,Q.PH.NFI_R_SA_XDC,SA,Source seasonally adjusted,2013-07-01,651912.907780079
Philippines,PH,PHL,ASEAN,Investment,IMF IFS via DBnomics,Q.PH.NFI_R_SA_XDC,SA,Source seasonally adjusted,2013-10-01,671530.001721228
Philippines,PH,PHL,ASEAN,Investment,IMF IFS via DBnomics,Q.PH.NFI_R_SA_XDC,SA,Source seasonally adjusted,2014-01-01,710127.581392332
Philippines,PH,PHL,ASEAN,Investment,IMF IFS via DBnomics,Q.PH.NFI_R_SA_XDC,SA,Source seasonally adjusted,2014-04-01,710701.294036881
Philippines,PH,PHL,ASEAN,Investment,IMF IFS via DBnomics,Q.PH.NFI_R_SA_XDC,SA,Source seasonally adjusted,2014-07-01,725021.653772293
Philippines,PH,PHL,ASEAN,Investment,IMF IFS via DBnomics,Q.PH.NFI_R_SA_XDC,SA,Source seasonally adjusted,2014-10-01,746482.388630387
Philippines,PH,PHL,ASEAN,Investment,IMF IFS via DBnomics,Q.PH.NFI_R_SA_XDC,SA,Source seasonally adjusted,2015-01-01,770073.803729634
Philippines,PH,PHL,ASEAN,Investment,IMF IFS via DBnomics,Q.PH.NFI_R_SA_XDC,SA,Source seasonally adjusted,2015-04-01,797226.413214839
Philippines,PH,PHL,ASEAN,Investment,IMF IFS via DBnomics,Q.PH.NFI_R_SA_XDC,SA,Source seasonally adjusted,2015-07-01,829751.236847038
Philippines,PH,PHL,ASEAN,Investment,IMF IFS via DBnomics,Q.PH.NFI_R_SA_XDC,SA,Source seasonally adjusted,2015-10-01,896104.180356721
Philippines,PH,PHL,ASEAN,Investment,IMF IFS via DBnomics,Q.PH.NFI_R_SA_XDC,SA,Source seasonally adjusted,2016-01-01,931661.613847376
Philippines,PH,PHL,ASEAN,Investment,IMF IFS via DBnomics,Q.PH.NFI_R_SA_XDC,SA,Source seasonally adjusted,2016-04-01,994159.815339077
Philippines,PH,PHL,ASEAN,Investment,IMF IFS via DBnomics,Q.PH.NFI_R_SA_XDC,SA,Source seasonally adjusted,2016-07-01,1012216.12618825
Philippines,PH,PHL,ASEAN,Investment,IMF IFS via DBnomics,Q.PH.NFI_R_SA_XDC,SA,Source seasonally adjusted,2016-10-01,1045070.39036483
Philippines,PH,PHL,ASEAN,Investment,IMF IFS via DBnomics,Q.PH.NFI_R_SA_XDC,SA,Source seasonally adjusted,2017-01-01,1040770.53011661
Philippines,PH,PHL,ASEAN,Investment,IMF IFS via DBnomics,Q.PH.NFI_R_SA_XDC,SA,Source seasonally adjusted,2017-04-01,1077884.30763638
Philippines,PH,PHL,ASEAN,Investment,IMF IFS via DBnomics,Q.PH.NFI_R_SA_XDC,SA,Source seasonally adjusted,2017-07-01,1108675.54026118
Philippines,PH,PHL,ASEAN,Investment,IMF IFS via DBnomics,Q.PH.NFI_R_SA_XDC,SA,Source seasonally adjusted,2017-10-01,1173965.68551808
Philippines,PH,PHL,ASEAN,Investment,IMF IFS via DBnomics,Q.PH.NFI_R_SA_XDC,SA,Source seasonally adjusted,2018-01-01,1155976.78163037
Philippines,PH,PHL,ASEAN,Investment,IMF IFS via DBnomics,Q.PH.NFI_R_SA_XDC,SA,Source seasonally adjusted,2018-04-01,1258685.03866264
Philippines,PH,PHL,ASEAN,Investment,IMF IFS via DBnomics,Q.PH.NFI_R_SA_XDC,SA,Source seasonally adjusted,2018-07-01,1275380.63991154
Philippines,PH,PHL,ASEAN,Investment,IMF IFS via DBnomics,Q.PH.NFI_R_SA_XDC,SA,Source seasonally adjusted,2018-10-01,1281014.45710223
Philippines,PH,PHL,ASEAN,Investment,IMF IFS via DBnomics,Q.PH.NFI_R_SA_XDC,SA,Source seasonally adjusted,2019-01-01,1230696.9857961
Philippines,PH,PHL,ASEAN,Investment,IMF IFS via DBnomics,Q.PH.NFI_R_SA_XDC,SA,Source seasonally adjusted,2019-04-01,1256576.96933901
Philippines,PH,PHL,ASEAN,Investment,IMF IFS via DBnomics,Q.PH.NFI_R_SA_XDC,SA,Source seasonally adjusted,2019-07-01,1351633.62727511
Philippines,PH,PHL,ASEAN,Investment,IMF IFS via DBnomics,Q.PH.NFI_R_SA_XDC,SA,Source seasonally adjusted,2019-10-01,1359577.34896313
Philippines,PH,PHL,ASEAN,Investment,IMF IFS via DBnomics,Q.PH.NFI_R_SA_XDC,SA,Source seasonally adjusted,2020-01-01,1217051.47327181
Philippines,PH,PHL,ASEAN,Investment,IMF IFS via DBnomics,Q.PH.NFI_R_SA_XDC,SA,Source seasonally adjusted,2020-04-01,757815.430833359
Philippines,PH,PHL,ASEAN,Investment,IMF IFS via DBnomics,Q.PH.NFI_R_SA_XDC,SA,Source seasonally adjusted,2020-07-01,861523.134030471
Philippines,PH,PHL,ASEAN,Investment,IMF IFS via DBnomics,Q.PH.NFI_R_SA_XDC,SA,Source seasonally adjusted,2020-10-01,956896.511222649
Philippines,PH,PHL,ASEAN,Investment,IMF IFS via DBnomics,Q.PH.NFI_R_SA_XDC,SA,Source seasonally adjusted,2021-01-01,1025279.13408722
Philippines,PH,PHL,ASEAN,Investment,IMF IFS via DBnomics,Q.PH.NFI_R_SA_XDC,SA,Source seasonally adjusted,2021-04-01,1037215.06580883
Philippines,PH,PHL,ASEAN,Investment,IMF IFS via DBnomics,Q.PH.NFI_R_SA_XDC,SA,Source seasonally adjusted,2021-07-01,1020175.01311188
Philippines,PH,PHL,ASEAN,Investment,IMF IFS via DBnomics,Q.PH.NFI_R_SA_XDC,SA,Source seasonally adjusted,2021-10-01,1058339.85602092
Philippines,PH,PHL,ASEAN,Investment,IMF IFS via DBnomics,Q.PH.NFI_R_SA_XDC,SA,Source seasonally adjusted,2022-01-01,1121001.25213407
Philippines,PH,PHL,ASEAN,Investment,IMF IFS via DBnomics,Q.PH.NFI_R_SA_XDC,SA,Source seasonally adjusted,2022-04-01,1140246.02003682
Philippines,PH,PHL,ASEAN,Investment,IMF IFS via DBnomics,Q.PH.NFI_R_SA_XDC,SA,Source seasonally adjusted,2022-07-01,1118654.76042098
Philippines,PH,PHL,ASEAN,Investment,IMF IFS via DBnomics,Q.PH.NFI_R_SA_XDC,SA,Source seasonally adjusted,2022-10-01,1135429.4303771
Philippines,PH,PHL,ASEAN,Investment,IMF IFS via DBnomics,Q.PH.NFI_R_SA_XDC,SA,Source seasonally adjusted,2023-01-01,1236615.1413999
Philippines,PH,PHL,ASEAN,Investment,IMF IFS via DBnomics,Q.PH.NFI_R_SA_XDC,SA,Source seasonally adjusted,2023-04-01,1200119.27631001
Philippines,PH,PHL,ASEAN,Investment,IMF IFS via DBnomics,Q.PH.NFI_R_SA_XDC,SA,Source seasonally adjusted,2023-07-01,1210350.46131682
Philippines,PH,PHL,ASEAN,Investment,IMF IFS via DBnomics,Q.PH.NFI_R_SA_XDC,SA,Source seasonally adjusted,2023-10-01,1260991.68214246
Philippines,PH,PHL,ASEAN,Investment,IMF IFS via DBnomics,Q.PH.NFI_R_SA_XDC,SA,Source seasonally adjusted,2024-01-01,1279476.0629342
Philippines,PH,PHL,ASEAN,Investment,IMF IFS via DBnomics,Q.PH.NFI_R_SA_XDC,SA,Source seasonally adjusted,2024-04-01,1290193.38213755
Philippines,PH,PHL,ASEAN,Investment,IMF IFS via DBnomics,Q.PH.NFI_R_SA_XDC,SA,Source seasonally adjusted,2024-07-01,1301938.1671705
Singapore,SG,SGP,ASEAN,Consumption,IMF IFS via DBnomics,Q.SG.NCP_R_SA_XDC,SA,Source seasonally adjusted,1975-01-01,4470.6
Singapore,SG,SGP,ASEAN,Consumption,IMF IFS via DBnomics,Q.SG.NCP_R_SA_XDC,SA,Source seasonally adjusted,1975-04-01,4581.2
Singapore,SG,SGP,ASEAN,Consumption,IMF IFS via DBnomics,Q.SG.NCP_R_SA_XDC,SA,Source seasonally adjusted,1975-07-01,4731
Singapore,SG,SGP,ASEAN,Consumption,IMF IFS via DBnomics,Q.SG.NCP_R_SA_XDC,SA,Source seasonally adjusted,1975-10-01,4887.4
Singapore,SG,SGP,ASEAN,Consumption,IMF IFS via DBnomics,Q.SG.NCP_R_SA_XDC,SA,Source seasonally adjusted,1976-01-01,4850
Singapore,SG,SGP,ASEAN,Consumption,IMF IFS via DBnomics,Q.SG.NCP_R_SA_XDC,SA,Source seasonally adjusted,1976-04-01,4850.7
Singapore,SG,SGP,ASEAN,Consumption,IMF IFS via DBnomics,Q.SG.NCP_R_SA_XDC,SA,Source seasonally adjusted,1976-07-01,4908.5
Singapore,SG,SGP,ASEAN,Consumption,IMF IFS via DBnomics,Q.SG.NCP_R_SA_XDC,SA,Source seasonally adjusted,1976-10-01,5052.4
Singapore,SG,SGP,ASEAN,Consumption,IMF IFS via DBnomics,Q.SG.NCP_R_SA_XDC,SA,Source seasonally adjusted,1977-01-01,5057.2
Singapore,SG,SGP,ASEAN,Consumption,IMF IFS via DBnomics,Q.SG.NCP_R_SA_XDC,SA,Source seasonally adjusted,1977-04-01,5191.9
Singapore,SG,SGP,ASEAN,Consumption,IMF IFS via DBnomics,Q.SG.NCP_R_SA_XDC,SA,Source seasonally adjusted,1977-07-01,5192.4
Singapore,SG,SGP,ASEAN,Consumption,IMF IFS via DBnomics,Q.SG.NCP_R_SA_XDC,SA,Source seasonally adjusted,1977-10-01,5251.4
Singapore,SG,SGP,ASEAN,Consumption,IMF IFS via DBnomics,Q.SG.NCP_R_SA_XDC,SA,Source seasonally adjusted,1978-01-01,5438.6
Singapore,SG,SGP,ASEAN,Consumption,IMF IFS via DBnomics,Q.SG.NCP_R_SA_XDC,SA,Source seasonally adjusted,1978-04-01,5457
Singapore,SG,SGP,ASEAN,Consumption,IMF IFS via DBnomics,Q.SG.NCP_R_SA_XDC,SA,Source seasonally adjusted,1978-07-01,5637
Singapore,SG,SGP,ASEAN,Consumption,IMF IFS via DBnomics,Q.SG.NCP_R_SA_XDC,SA,Source seasonally adjusted,1978-10-01,5521.3
Singapore,SG,SGP,ASEAN,Consumption,IMF IFS via DBnomics,Q.SG.NCP_R_SA_XDC,SA,Source seasonally adjusted,1979-01-01,5763.8
Singapore,SG,SGP,ASEAN,Consumption,IMF IFS via DBnomics,Q.SG.NCP_R_SA_XDC,SA,Source seasonally adjusted,1979-04-01,5825.1
Singapore,SG,SGP,ASEAN,Consumption,IMF IFS via DBnomics,Q.SG.NCP_R_SA_XDC,SA,Source seasonally adjusted,1979-07-01,5902.1
Singapore,SG,SGP,ASEAN,Consumption,IMF IFS via DBnomics,Q.SG.NCP_R_SA_XDC,SA,Source seasonally adjusted,1979-10-01,6020.2
Singapore,SG,SGP,ASEAN,Consumption,IMF IFS via DBnomics,Q.SG.NCP_R_SA_XDC,SA,Source seasonally adjusted,1980-01-01,5967.8
Singapore,SG,SGP,ASEAN,Consumption,IMF IFS via DBnomics,Q.SG.NCP_R_SA_XDC,SA,Source seasonally adjusted,1980-04-01,6308.2
Singapore,SG,SGP,ASEAN,Consumption,IMF IFS via DBnomics,Q.SG.NCP_R_SA_XDC,SA,Source seasonally adjusted,1980-07-01,6198.1
Singapore,SG,SGP,ASEAN,Consumption,IMF IFS via DBnomics,Q.SG.NCP_R_SA_XDC,SA,Source seasonally adjusted,1980-10-01,6359.4
Singapore,SG,SGP,ASEAN,Consumption,IMF IFS via DBnomics,Q.SG.NCP_R_SA_XDC,SA,Source seasonally adjusted,1981-01-01,6469.4
Singapore,SG,SGP,ASEAN,Consumption,IMF IFS via DBnomics,Q.SG.NCP_R_SA_XDC,SA,Source seasonally adjusted,1981-04-01,6456.7
Singapore,SG,SGP,ASEAN,Consumption,IMF IFS via DBnomics,Q.SG.NCP_R_SA_XDC,SA,Source seasonally adjusted,1981-07-01,6589.7
Singapore,SG,SGP,ASEAN,Consumption,IMF IFS via DBnomics,Q.SG.NCP_R_SA_XDC,SA,Source seasonally adjusted,1981-10-01,6527.4
Singapore,SG,SGP,ASEAN,Consumption,IMF IFS via DBnomics,Q.SG.NCP_R_SA_XDC,SA,Source seasonally adjusted,1982-01-01,6638
Singapore,SG,SGP,ASEAN,Consumption,IMF IFS via DBnomics,Q.SG.NCP_R_SA_XDC,SA,Source seasonally adjusted,1982-04-01,6700.9
Singapore,SG,SGP,ASEAN,Consumption,IMF IFS via DBnomics,Q.SG.NCP_R_SA_XDC,SA,Source seasonally adjusted,1982-07-01,6814.4
Singapore,SG,SGP,ASEAN,Consumption,IMF IFS via DBnomics,Q.SG.NCP_R_SA_XDC,SA,Source seasonally adjusted,1982-10-01,6931.1
Singapore,SG,SGP,ASEAN,Consumption,IMF IFS via DBnomics,Q.SG.NCP_R_SA_XDC,SA,Source seasonally adjusted,1983-01-01,6980.2
Singapore,SG,SGP,ASEAN,Consumption,IMF IFS via DBnomics,Q.SG.NCP_R_SA_XDC,SA,Source seasonally adjusted,1983-04-01,7251.2
Singapore,SG,SGP,ASEAN,Consumption,IMF IFS via DBnomics,Q.SG.NCP_R_SA_XDC,SA,Source seasonally adjusted,1983-07-01,7279.9
Singapore,SG,SGP,ASEAN,Consumption,IMF IFS via DBnomics,Q.SG.NCP_R_SA_XDC,SA,Source seasonally adjusted,1983-10-01,7121.3
Singapore,SG,SGP,ASEAN,Consumption,IMF IFS via DBnomics,Q.SG.NCP_R_SA_XDC,SA,Source seasonally adjusted,1984-01-01,7622.6
Singapore,SG,SGP,ASEAN,Consumption,IMF IFS via DBnomics,Q.SG.NCP_R_SA_XDC,SA,Source seasonally adjusted,1984-04-01,7443.1
Singapore,SG,SGP,ASEAN,Consumption,IMF IFS via DBnomics,Q.SG.NCP_R_SA_XDC,SA,Source seasonally adjusted,1984-07-01,7468
Singapore,SG,SGP,ASEAN,Consumption,IMF IFS via DBnomics,Q.SG.NCP_R_SA_XDC,SA,Source seasonally adjusted,1984-10-01,7769.7
Singapore,SG,SGP,ASEAN,Consumption,IMF IFS via DBnomics,Q.SG.NCP_R_SA_XDC,SA,Source seasonally adjusted,1985-01-01,7797.1
Singapore,SG,SGP,ASEAN,Consumption,IMF IFS via DBnomics,Q.SG.NCP_R_SA_XDC,SA,Source seasonally adjusted,1985-04-01,7522.4
Singapore,SG,SGP,ASEAN,Consumption,IMF IFS via DBnomics,Q.SG.NCP_R_SA_XDC,SA,Source seasonally adjusted,1985-07-01,7419
Singapore,SG,SGP,ASEAN,Consumption,IMF IFS via DBnomics,Q.SG.NCP_R_SA_XDC,SA,Source seasonally adjusted,1985-10-01,7560.4
Singapore,SG,SGP,ASEAN,Consumption,IMF IFS via DBnomics,Q.SG.NCP_R_SA_XDC,SA,Source seasonally adjusted,1986-01-01,7597.4
Singapore,SG,SGP,ASEAN,Consumption,IMF IFS via DBnomics,Q.SG.NCP_R_SA_XDC,SA,Source seasonally adjusted,1986-04-01,7809.3
Singapore,SG,SGP,ASEAN,Consumption,IMF IFS via DBnomics,Q.SG.NCP_R_SA_XDC,SA,Source seasonally adjusted,1986-07-01,8077.1
Singapore,SG,SGP,ASEAN,Consumption,IMF IFS via DBnomics,Q.SG.NCP_R_SA_XDC,SA,Source seasonally adjusted,1986-10-01,8000.1
Singapore,SG,SGP,ASEAN,Consumption,IMF IFS via DBnomics,Q.SG.NCP_R_SA_XDC,SA,Source seasonally adjusted,1987-01-01,8112
Singapore,SG,SGP,ASEAN,Consumption,IMF IFS via DBnomics,Q.SG.NCP_R_SA_XDC,SA,Source seasonally adjusted,1987-04-01,8614.9
Singapore,SG,SGP,ASEAN,Consumption,IMF IFS via DBnomics,Q.SG.NCP_R_SA_XDC,SA,Source seasonally adjusted,1987-07-01,8947.6
Singapore,SG,SGP,ASEAN,Consumption,IMF IFS via DBnomics,Q.SG.NCP_R_SA_XDC,SA,Source seasonally adjusted,1987-10-01,9027.4
Singapore,SG,SGP,ASEAN,Consumption,IMF IFS via DBnomics,Q.SG.NCP_R_SA_XDC,SA,Source seasonally adjusted,1988-01-01,9173.1
Singapore,SG,SGP,ASEAN,Consumption,IMF IFS via DBnomics,Q.SG.NCP_R_SA_XDC,SA,Source seasonally adjusted,1988-04-01,9477.7
Singapore,SG,SGP,ASEAN,Consumption,IMF IFS via DBnomics,Q.SG.NCP_R_SA_XDC,SA,Source seasonally adjusted,1988-07-01,9773.7
Singapore,SG,SGP,ASEAN,Consumption,IMF IFS via DBnomics,Q.SG.NCP_R_SA_XDC,SA,Source seasonally adjusted,1988-10-01,10253.7
Singapore,SG,SGP,ASEAN,Consumption,IMF IFS via DBnomics,Q.SG.NCP_R_SA_XDC,SA,Source seasonally adjusted,1989-01-01,9980.3
Singapore,SG,SGP,ASEAN,Consumption,IMF IFS via DBnomics,Q.SG.NCP_R_SA_XDC,SA,Source seasonally adjusted,1989-04-01,10394.5
Singapore,SG,SGP,ASEAN,Consumption,IMF IFS via DBnomics,Q.SG.NCP_R_SA_XDC,SA,Source seasonally adjusted,1989-07-01,10620.1
Singapore,SG,SGP,ASEAN,Consumption,IMF IFS via DBnomics,Q.SG.NCP_R_SA_XDC,SA,Source seasonally adjusted,1989-10-01,10912.4
Singapore,SG,SGP,ASEAN,Consumption,IMF IFS via DBnomics,Q.SG.NCP_R_SA_XDC,SA,Source seasonally adjusted,1990-01-01,11162.2
Singapore,SG,SGP,ASEAN,Consumption,IMF IFS via DBnomics,Q.SG.NCP_R_SA_XDC,SA,Source seasonally adjusted,1990-04-01,11145.4
Singapore,SG,SGP,ASEAN,Consumption,IMF IFS via DBnomics,Q.SG.NCP_R_SA_XDC,SA,Source seasonally adjusted,1990-07-01,11154.5
Singapore,SG,SGP,ASEAN,Consumption,IMF IFS via DBnomics,Q.SG.NCP_R_SA_XDC,SA,Source seasonally adjusted,1990-10-01,11549.1
Singapore,SG,SGP,ASEAN,Consumption,IMF IFS via DBnomics,Q.SG.NCP_R_SA_XDC,SA,Source seasonally adjusted,1991-01-01,11777.6
Singapore,SG,SGP,ASEAN,Consumption,IMF IFS via DBnomics,Q.SG.NCP_R_SA_XDC,SA,Source seasonally adjusted,1991-04-01,11743.1
Singapore,SG,SGP,ASEAN,Consumption,IMF IFS via DBnomics,Q.SG.NCP_R_SA_XDC,SA,Source seasonally adjusted,1991-07-01,12008.6
Singapore,SG,SGP,ASEAN,Consumption,IMF IFS via DBnomics,Q.SG.NCP_R_SA_XDC,SA,Source seasonally adjusted,1991-10-01,12231.6
Singapore,SG,SGP,ASEAN,Consumption,IMF IFS via DBnomics,Q.SG.NCP_R_SA_XDC,SA,Source seasonally adjusted,1992-01-01,12311.4
Singapore,SG,SGP,ASEAN,Consumption,IMF IFS via DBnomics,Q.SG.NCP_R_SA_XDC,SA,Source seasonally adjusted,1992-04-01,12499.4
Singapore,SG,SGP,ASEAN,Consumption,IMF IFS via DBnomics,Q.SG.NCP_R_SA_XDC,SA,Source seasonally adjusted,1992-07-01,12768.9
Singapore,SG,SGP,ASEAN,Consumption,IMF IFS via DBnomics,Q.SG.NCP_R_SA_XDC,SA,Source seasonally adjusted,1992-10-01,12981.2
Singapore,SG,SGP,ASEAN,Consumption,IMF IFS via DBnomics,Q.SG.NCP_R_SA_XDC,SA,Source seasonally adjusted,1993-01-01,13744.8
Singapore,SG,SGP,ASEAN,Consumption,IMF IFS via DBnomics,Q.SG.NCP_R_SA_XDC,SA,Source seasonally adjusted,1993-04-01,13990.2
Singapore,SG,SGP,ASEAN,Consumption,IMF IFS via DBnomics,Q.SG.NCP_R_SA_XDC,SA,Source seasonally adjusted,1993-07-01,14230.8
Singapore,SG,SGP,ASEAN,Consumption,IMF IFS via DBnomics,Q.SG.NCP_R_SA_XDC,SA,Source seasonally adjusted,1993-10-01,14521.3
Singapore,SG,SGP,ASEAN,Consumption,IMF IFS via DBnomics,Q.SG.NCP_R_SA_XDC,SA,Source seasonally adjusted,1994-01-01,15290.9
Singapore,SG,SGP,ASEAN,Consumption,IMF IFS via DBnomics,Q.SG.NCP_R_SA_XDC,SA,Source seasonally adjusted,1994-04-01,14822.7
Singapore,SG,SGP,ASEAN,Consumption,IMF IFS via DBnomics,Q.SG.NCP_R_SA_XDC,SA,Source seasonally adjusted,1994-07-01,15174.7
Singapore,SG,SGP,ASEAN,Consumption,IMF IFS via DBnomics,Q.SG.NCP_R_SA_XDC,SA,Source seasonally adjusted,1994-10-01,15302.5
Singapore,SG,SGP,ASEAN,Consumption,IMF IFS via DBnomics,Q.SG.NCP_R_SA_XDC,SA,Source seasonally adjusted,1995-01-01,15338.2
Singapore,SG,SGP,ASEAN,Consumption,IMF IFS via DBnomics,Q.SG.NCP_R_SA_XDC,SA,Source seasonally adjusted,1995-04-01,15586.5
Singapore,SG,SGP,ASEAN,Consumption,IMF IFS via DBnomics,Q.SG.NCP_R_SA_XDC,SA,Source seasonally adjusted,1995-07-01,15835.7
Singapore,SG,SGP,ASEAN,Consumption,IMF IFS via DBnomics,Q.SG.NCP_R_SA_XDC,SA,Source seasonally adjusted,1995-10-01,16184.7
Singapore,SG,SGP,ASEAN,Consumption,IMF IFS via DBnomics,Q.SG.NCP_R_SA_XDC,SA,Source seasonally adjusted,1996-01-01,16382.5
Singapore,SG,SGP,ASEAN,Consumption,IMF IFS via DBnomics,Q.SG.NCP_R_SA_XDC,SA,Source seasonally adjusted,1996-04-01,16601.5
Singapore,SG,SGP,ASEAN,Consumption,IMF IFS via DBnomics,Q.SG.NCP_R_SA_XDC,SA,Source seasonally adjusted,1996-07-01,16904.2
Singapore,SG,SGP,ASEAN,Consumption,IMF IFS via DBnomics,Q.SG.NCP_R_SA_XDC,SA,Source seasonally adjusted,1996-10-01,17211.8
Singapore,SG,SGP,ASEAN,Consumption,IMF IFS via DBnomics,Q.SG.NCP_R_SA_XDC,SA,Source seasonally adjusted,1997-01-01,17241.2
Singapore,SG,SGP,ASEAN,Consumption,IMF IFS via DBnomics,Q.SG.NCP_R_SA_XDC,SA,Source seasonally adjusted,1997-04-01,17353.1
Singapore,SG,SGP,ASEAN,Consumption,IMF IFS via DBnomics,Q.SG.NCP_R_SA_XDC,SA,Source seasonally adjusted,1997-07-01,18333.2
Singapore,SG,SGP,ASEAN,Consumption,IMF IFS via DBnomics,Q.SG.NCP_R_SA_XDC,SA,Source seasonally adjusted,1997-10-01,18052.3
Singapore,SG,SGP,ASEAN,Consumption,IMF IFS via DBnomics,Q.SG.NCP_R_SA_XDC,SA,Source seasonally adjusted,1998-01-01,17707
Singapore,SG,SGP,ASEAN,Consumption,IMF IFS via DBnomics,Q.SG.NCP_R_SA_XDC,SA,Source seasonally adjusted,1998-04-01,17416.3
Singapore,SG,SGP,ASEAN,Consumption,IMF IFS via DBnomics,Q.SG.NCP_R_SA_XDC,SA,Source seasonally adjusted,1998-07-01,17175.1
Singapore,SG,SGP,ASEAN,Consumption,IMF IFS via DBnomics,Q.SG.NCP_R_SA_XDC,SA,Source seasonally adjusted,1998-10-01,17296.5
Singapore,SG,SGP,ASEAN,Consumption,IMF IFS via DBnomics,Q.SG.NCP_R_SA_XDC,SA,Source seasonally adjusted,1999-01-01,18247.6
Singapore,SG,SGP,ASEAN,Consumption,IMF IFS via DBnomics,Q.SG.NCP_R_SA_XDC,SA,Source seasonally adjusted,1999-04-01,18769.1
Singapore,SG,SGP,ASEAN,Consumption,IMF IFS via DBnomics,Q.SG.NCP_R_SA_XDC,SA,Source seasonally adjusted,1999-07-01,19320.3
Singapore,SG,SGP,ASEAN,Consumption,IMF IFS via DBnomics,Q.SG.NCP_R_SA_XDC,SA,Source seasonally adjusted,1999-10-01,19993.1
Singapore,SG,SGP,ASEAN,Consumption,IMF IFS via DBnomics,Q.SG.NCP_R_SA_XDC,SA,Source seasonally adjusted,2000-01-01,20731.1
Singapore,SG,SGP,ASEAN,Consumption,IMF IFS via DBnomics,Q.SG.NCP_R_SA_XDC,SA,Source seasonally adjusted,2000-04-01,21418.3
Singapore,SG,SGP,ASEAN,Consumption,IMF IFS via DBnomics,Q.SG.NCP_R_SA_XDC,SA,Source seasonally adjusted,2000-07-01,22056
Singapore,SG,SGP,ASEAN,Consumption,IMF IFS via DBnomics,Q.SG.NCP_R_SA_XDC,SA,Source seasonally adjusted,2000-10-01,22455.5
Singapore,SG,SGP,ASEAN,Consumption,IMF IFS via DBnomics,Q.SG.NCP_R_SA_XDC,SA,Source seasonally adjusted,2001-01-01,23292
Singapore,SG,SGP,ASEAN,Consumption,IMF IFS via DBnomics,Q.SG.NCP_R_SA_XDC,SA,Source seasonally adjusted,2001-04-01,23636.3
Singapore,SG,SGP,ASEAN,Consumption,IMF IFS via DBnomics,Q.SG.NCP_R_SA_XDC,SA,Source seasonally adjusted,2001-07-01,23568
Singapore,SG,SGP,ASEAN,Consumption,IMF IFS via DBnomics,Q.SG.NCP_R_SA_XDC,SA,Source seasonally adjusted,2001-10-01,23097.9
Singapore,SG,SGP,ASEAN,Consumption,IMF IFS via DBnomics,Q.SG.NCP_R_SA_XDC,SA,Source seasonally adjusted,2002-01-01,23725.9
Singapore,SG,SGP,ASEAN,Consumption,IMF IFS via DBnomics,Q.SG.NCP_R_SA_XDC,SA,Source seasonally adjusted,2002-04-01,24171.2
Singapore,SG,SGP,ASEAN,Consumption,IMF IFS via DBnomics,Q.SG.NCP_R_SA_XDC,SA,Source seasonally adjusted,2002-07-01,24496
Singapore,SG,SGP,ASEAN,Consumption,IMF IFS via DBnomics,Q.SG.NCP_R_SA_XDC,SA,Source seasonally adjusted,2002-10-01,24418
Singapore,SG,SGP,ASEAN,Consumption,IMF IFS via DBnomics,Q.SG.NCP_R_SA_XDC,SA,Source seasonally adjusted,2003-01-01,24082.8
Singapore,SG,SGP,ASEAN,Consumption,IMF IFS via DBnomics,Q.SG.NCP_R_SA_XDC,SA,Source seasonally adjusted,2003-04-01,23440.3
Singapore,SG,SGP,ASEAN,Consumption,IMF IFS via DBnomics,Q.SG.NCP_R_SA_XDC,SA,Source seasonally adjusted,2003-07-01,24968.2
Singapore,SG,SGP,ASEAN,Consumption,IMF IFS via DBnomics,Q.SG.NCP_R_SA_XDC,SA,Source seasonally adjusted,2003-10-01,25554.8
Singapore,SG,SGP,ASEAN,Consumption,IMF IFS via DBnomics,Q.SG.NCP_R_SA_XDC,SA,Source seasonally adjusted,2004-01-01,25509.7
Singapore,SG,SGP,ASEAN,Consumption,IMF IFS via DBnomics,Q.SG.NCP_R_SA_XDC,SA,Source seasonally adjusted,2004-04-01,25786.3
Singapore,SG,SGP,ASEAN,Consumption,IMF IFS via DBnomics,Q.SG.NCP_R_SA_XDC,SA,Source seasonally adjusted,2004-07-01,25840.1
Singapore,SG,SGP,ASEAN,Consumption,IMF IFS via DBnomics,Q.SG.NCP_R_SA_XDC,SA,Source seasonally adjusted,2004-10-01,26051.2
Singapore,SG,SGP,ASEAN,Consumption,IMF IFS via DBnomics,Q.SG.NCP_R_SA_XDC,SA,Source seasonally adjusted,2005-01-01,26604.7
Singapore,SG,SGP,ASEAN,Consumption,IMF IFS via DBnomics,Q.SG.NCP_R_SA_XDC,SA,Source seasonally adjusted,2005-04-01,26775.5
Singapore,SG,SGP,ASEAN,Consumption,IMF IFS via DBnomics,Q.SG.NCP_R_SA_XDC,SA,Source seasonally adjusted,2005-07-01,26932.3
Singapore,SG,SGP,ASEAN,Consumption,IMF IFS via DBnomics,Q.SG.NCP_R_SA_XDC,SA,Source seasonally adjusted,2005-10-01,27107.4
Singapore,SG,SGP,ASEAN,Consumption,IMF IFS via DBnomics,Q.SG.NCP_R_SA_XDC,SA,Source seasonally adjusted,2006-01-01,27592.8
Singapore,SG,SGP,ASEAN,Consumption,IMF IFS via DBnomics,Q.SG.NCP_R_SA_XDC,SA,Source seasonally adjusted,2006-04-01,27780.2
Singapore,SG,SGP,ASEAN,Consumption,IMF IFS via DBnomics,Q.SG.NCP_R_SA_XDC,SA,Source seasonally adjusted,2006-07-01,28095.1
Singapore,SG,SGP,ASEAN,Consumption,IMF IFS via DBnomics,Q.SG.NCP_R_SA_XDC,SA,Source seasonally adjusted,2006-10-01,28663.8
Singapore,SG,SGP,ASEAN,Consumption,IMF IFS via DBnomics,Q.SG.NCP_R_SA_XDC,SA,Source seasonally adjusted,2007-01-01,29084.4
Singapore,SG,SGP,ASEAN,Consumption,IMF IFS via DBnomics,Q.SG.NCP_R_SA_XDC,SA,Source seasonally adjusted,2007-04-01,29876.9
Singapore,SG,SGP,ASEAN,Consumption,IMF IFS via DBnomics,Q.SG.NCP_R_SA_XDC,SA,Source seasonally adjusted,2007-07-01,30229.9
Singapore,SG,SGP,ASEAN,Consumption,IMF IFS via DBnomics,Q.SG.NCP_R_SA_XDC,SA,Source seasonally adjusted,2007-10-01,30793.6
Singapore,SG,SGP,ASEAN,Consumption,IMF IFS via DBnomics,Q.SG.NCP_R_SA_XDC,SA,Source seasonally adjusted,2008-01-01,30998.1
Singapore,SG,SGP,ASEAN,Consumption,IMF IFS via DBnomics,Q.SG.NCP_R_SA_XDC,SA,Source seasonally adjusted,2008-04-01,31491.1
Singapore,SG,SGP,ASEAN,Consumption,IMF IFS via DBnomics,Q.SG.NCP_R_SA_XDC,SA,Source seasonally adjusted,2008-07-01,31636.4
Singapore,SG,SGP,ASEAN,Consumption,IMF IFS via DBnomics,Q.SG.NCP_R_SA_XDC,SA,Source seasonally adjusted,2008-10-01,31019.6
Singapore,SG,SGP,ASEAN,Consumption,IMF IFS via DBnomics,Q.SG.NCP_R_SA_XDC,SA,Source seasonally adjusted,2009-01-01,30610.3
Singapore,SG,SGP,ASEAN,Consumption,IMF IFS via DBnomics,Q.SG.NCP_R_SA_XDC,SA,Source seasonally adjusted,2009-04-01,30730.5
Singapore,SG,SGP,ASEAN,Consumption,IMF IFS via DBnomics,Q.SG.NCP_R_SA_XDC,SA,Source seasonally adjusted,2009-07-01,31968
Singapore,SG,SGP,ASEAN,Consumption,IMF IFS via DBnomics,Q.SG.NCP_R_SA_XDC,SA,Source seasonally adjusted,2009-10-01,31509.4
Singapore,SG,SGP,ASEAN,Consumption,IMF IFS via DBnomics,Q.SG.NCP_R_SA_XDC,SA,Source seasonally adjusted,2010-01-01,32506.2
Singapore,SG,SGP,ASEAN,Consumption,IMF IFS via DBnomics,Q.SG.NCP_R_SA_XDC,SA,Source seasonally adjusted,2010-04-01,32273.6
Singapore,SG,SGP,ASEAN,Consumption,IMF IFS via DBnomics,Q.SG.NCP_R_SA_XDC,SA,Source seasonally adjusted,2010-07-01,32489.2
Singapore,SG,SGP,ASEAN,Consumption,IMF IFS via DBnomics,Q.SG.NCP_R_SA_XDC,SA,Source seasonally adjusted,2010-10-01,33000.4
Singapore,SG,SGP,ASEAN,Consumption,IMF IFS via DBnomics,Q.SG.NCP_R_SA_XDC,SA,Source seasonally adjusted,2011-01-01,33132.4
Singapore,SG,SGP,ASEAN,Consumption,IMF IFS via DBnomics,Q.SG.NCP_R_SA_XDC,SA,Source seasonally adjusted,2011-04-01,33906.7
Singapore,SG,SGP,ASEAN,Consumption,IMF IFS via DBnomics,Q.SG.NCP_R_SA_XDC,SA,Source seasonally adjusted,2011-07-01,33960.3
Singapore,SG,SGP,ASEAN,Consumption,IMF IFS via DBnomics,Q.SG.NCP_R_SA_XDC,SA,Source seasonally adjusted,2011-10-01,34442.2
Singapore,SG,SGP,ASEAN,Consumption,IMF IFS via DBnomics,Q.SG.NCP_R_SA_XDC,SA,Source seasonally adjusted,2012-01-01,34679.2
Singapore,SG,SGP,ASEAN,Consumption,IMF IFS via DBnomics,Q.SG.NCP_R_SA_XDC,SA,Source seasonally adjusted,2012-04-01,34842.5
Singapore,SG,SGP,ASEAN,Consumption,IMF IFS via DBnomics,Q.SG.NCP_R_SA_XDC,SA,Source seasonally adjusted,2012-07-01,35438.1
Singapore,SG,SGP,ASEAN,Consumption,IMF IFS via DBnomics,Q.SG.NCP_R_SA_XDC,SA,Source seasonally adjusted,2012-10-01,35549.1
Singapore,SG,SGP,ASEAN,Consumption,IMF IFS via DBnomics,Q.SG.NCP_R_SA_XDC,SA,Source seasonally adjusted,2013-01-01,35670.5
Singapore,SG,SGP,ASEAN,Consumption,IMF IFS via DBnomics,Q.SG.NCP_R_SA_XDC,SA,Source seasonally adjusted,2013-04-01,36118.9
Singapore,SG,SGP,ASEAN,Consumption,IMF IFS via DBnomics,Q.SG.NCP_R_SA_XDC,SA,Source seasonally adjusted,2013-07-01,36415.7
Singapore,SG,SGP,ASEAN,Consumption,IMF IFS via DBnomics,Q.SG.NCP_R_SA_XDC,SA,Source seasonally adjusted,2013-10-01,36252.1
Singapore,SG,SGP,ASEAN,Consumption,IMF IFS via DBnomics,Q.SG.NCP_R_SA_XDC,SA,Source seasonally adjusted,2014-01-01,36881.4
Singapore,SG,SGP,ASEAN,Consumption,IMF IFS via DBnomics,Q.SG.NCP_R_SA_XDC,SA,Source seasonally adjusted,2014-04-01,37338
Singapore,SG,SGP,ASEAN,Consumption,IMF IFS via DBnomics,Q.SG.NCP_R_SA_XDC,SA,Source seasonally adjusted,2014-07-01,37456.1
Singapore,SG,SGP,ASEAN,Consumption,IMF IFS via DBnomics,Q.SG.NCP_R_SA_XDC,SA,Source seasonally adjusted,2014-10-01,37954.4
Singapore,SG,SGP,ASEAN,Consumption,IMF IFS via DBnomics,Q.SG.NCP_R_SA_XDC,SA,Source seasonally adjusted,2015-01-01,38647.8
Singapore,SG,SGP,ASEAN,Consumption,IMF IFS via DBnomics,Q.SG.NCP_R_SA_XDC,SA,Source seasonally adjusted,2015-04-01,39181.4
Singapore,SG,SGP,ASEAN,Consumption,IMF IFS via DBnomics,Q.SG.NCP_R_SA_XDC,SA,Source seasonally adjusted,2015-07-01,39193.1
Singapore,SG,SGP,ASEAN,Consumption,IMF IFS via DBnomics,Q.SG.NCP_R_SA_XDC,SA,Source seasonally adjusted,2015-10-01,40270.6
Singapore,SG,SGP,ASEAN,Consumption,IMF IFS via DBnomics,Q.SG.NCP_R_SA_XDC,SA,Source seasonally adjusted,2016-01-01,40900
Singapore,SG,SGP,ASEAN,Consumption,IMF IFS via DBnomics,Q.SG.NCP_R_SA_XDC,SA,Source seasonally adjusted,2016-04-01,40427.8
Singapore,SG,SGP,ASEAN,Consumption,IMF IFS via DBnomics,Q.SG.NCP_R_SA_XDC,SA,Source seasonally adjusted,2016-07-01,40570.1
Singapore,SG,SGP,ASEAN,Consumption,IMF IFS via DBnomics,Q.SG.NCP_R_SA_XDC,SA,Source seasonally adjusted,2016-10-01,40685.5
Singapore,SG,SGP,ASEAN,Consumption,IMF IFS via DBnomics,Q.SG.NCP_R_SA_XDC,SA,Source seasonally adjusted,2017-01-01,40972
Singapore,SG,SGP,ASEAN,Consumption,IMF IFS via DBnomics,Q.SG.NCP_R_SA_XDC,SA,Source seasonally adjusted,2017-04-01,41578.3
Singapore,SG,SGP,ASEAN,Consumption,IMF IFS via DBnomics,Q.SG.NCP_R_SA_XDC,SA,Source seasonally adjusted,2017-07-01,42153.5
Singapore,SG,SGP,ASEAN,Consumption,IMF IFS via DBnomics,Q.SG.NCP_R_SA_XDC,SA,Source seasonally adjusted,2017-10-01,42864.2
Singapore,SG,SGP,ASEAN,Consumption,IMF IFS via DBnomics,Q.SG.NCP_R_SA_XDC,SA,Source seasonally adjusted,2018-01-01,42847.8
Singapore,SG,SGP,ASEAN,Consumption,IMF IFS via DBnomics,Q.SG.NCP_R_SA_XDC,SA,Source seasonally adjusted,2018-04-01,43845.9
Singapore,SG,SGP,ASEAN,Consumption,IMF IFS via DBnomics,Q.SG.NCP_R_SA_XDC,SA,Source seasonally adjusted,2018-07-01,43866.6
Singapore,SG,SGP,ASEAN,Consumption,IMF IFS via DBnomics,Q.SG.NCP_R_SA_XDC,SA,Source seasonally adjusted,2018-10-01,44305.6
Singapore,SG,SGP,ASEAN,Consumption,IMF IFS via DBnomics,Q.SG.NCP_R_SA_XDC,SA,Source seasonally adjusted,2019-01-01,45382.3
Singapore,SG,SGP,ASEAN,Consumption,IMF IFS via DBnomics,Q.SG.NCP_R_SA_XDC,SA,Source seasonally adjusted,2019-04-01,45088.9
Singapore,SG,SGP,ASEAN,Consumption,IMF IFS via DBnomics,Q.SG.NCP_R_SA_XDC,SA,Source seasonally adjusted,2019-07-01,45140.7
Singapore,SG,SGP,ASEAN,Consumption,IMF IFS via DBnomics,Q.SG.NCP_R_SA_XDC,SA,Source seasonally adjusted,2019-10-01,45040.8
Singapore,SG,SGP,ASEAN,Consumption,IMF IFS via DBnomics,Q.SG.NCP_R_SA_XDC,SA,Source seasonally adjusted,2020-01-01,43977.9
Singapore,SG,SGP,ASEAN,Consumption,IMF IFS via DBnomics,Q.SG.NCP_R_SA_XDC,SA,Source seasonally adjusted,2020-04-01,32563.5
Singapore,SG,SGP,ASEAN,Consumption,IMF IFS via DBnomics,Q.SG.NCP_R_SA_XDC,SA,Source seasonally adjusted,2020-07-01,39488.2
Singapore,SG,SGP,ASEAN,Consumption,IMF IFS via DBnomics,Q.SG.NCP_R_SA_XDC,SA,Source seasonally adjusted,2020-10-01,40001.9
Singapore,SG,SGP,ASEAN,Consumption,IMF IFS via DBnomics,Q.SG.NCP_R_SA_XDC,SA,Source seasonally adjusted,2021-01-01,42254.9
Singapore,SG,SGP,ASEAN,Consumption,IMF IFS via DBnomics,Q.SG.NCP_R_SA_XDC,SA,Source seasonally adjusted,2021-04-01,40804.7
Singapore,SG,SGP,ASEAN,Consumption,IMF IFS via DBnomics,Q.SG.NCP_R_SA_XDC,SA,Source seasonally adjusted,2021-07-01,41638.4
Singapore,SG,SGP,ASEAN,Consumption,IMF IFS via DBnomics,Q.SG.NCP_R_SA_XDC,SA,Source seasonally adjusted,2021-10-01,42577.2
Singapore,SG,SGP,ASEAN,Consumption,IMF IFS via DBnomics,Q.SG.NCP_R_SA_XDC,SA,Source seasonally adjusted,2022-01-01,44068
Singapore,SG,SGP,ASEAN,Consumption,IMF IFS via DBnomics,Q.SG.NCP_R_SA_XDC,SA,Source seasonally adjusted,2022-04-01,45950.2
Singapore,SG,SGP,ASEAN,Consumption,IMF IFS via DBnomics,Q.SG.NCP_R_SA_XDC,SA,Source seasonally adjusted,2022-07-01,46716
Singapore,SG,SGP,ASEAN,Consumption,IMF IFS via DBnomics,Q.SG.NCP_R_SA_XDC,SA,Source seasonally adjusted,2022-10-01,46691.8
Singapore,SG,SGP,ASEAN,Consumption,IMF IFS via DBnomics,Q.SG.NCP_R_SA_XDC,SA,Source seasonally adjusted,2023-01-01,47215.2
Singapore,SG,SGP,ASEAN,Consumption,IMF IFS via DBnomics,Q.SG.NCP_R_SA_XDC,SA,Source seasonally adjusted,2023-04-01,47853.8
Singapore,SG,SGP,ASEAN,Consumption,IMF IFS via DBnomics,Q.SG.NCP_R_SA_XDC,SA,Source seasonally adjusted,2023-07-01,47703.8
Singapore,SG,SGP,ASEAN,Consumption,IMF IFS via DBnomics,Q.SG.NCP_R_SA_XDC,SA,Source seasonally adjusted,2023-10-01,49555.1
Singapore,SG,SGP,ASEAN,Consumption,IMF IFS via DBnomics,Q.SG.NCP_R_SA_XDC,SA,Source seasonally adjusted,2024-01-01,49864.5
Singapore,SG,SGP,ASEAN,Consumption,IMF IFS via DBnomics,Q.SG.NCP_R_SA_XDC,SA,Source seasonally adjusted,2024-04-01,50299.3
Singapore,SG,SGP,ASEAN,Consumption,IMF IFS via DBnomics,Q.SG.NCP_R_SA_XDC,SA,Source seasonally adjusted,2024-07-01,50806.8
Singapore,SG,SGP,ASEAN,Consumption,IMF IFS via DBnomics,Q.SG.NCP_R_SA_XDC,SA,Source seasonally adjusted,2024-10-01,50667.6
Singapore,SG,SGP,ASEAN,Investment,IMF IFS via DBnomics,Q.SG.NFI_R_SA_XDC,SA,Source seasonally adjusted,1975-01-01,2184.7
Singapore,SG,SGP,ASEAN,Investment,IMF IFS via DBnomics,Q.SG.NFI_R_SA_XDC,SA,Source seasonally adjusted,1975-04-01,2135.7
Singapore,SG,SGP,ASEAN,Investment,IMF IFS via DBnomics,Q.SG.NFI_R_SA_XDC,SA,Source seasonally adjusted,1975-07-01,1971.6
Singapore,SG,SGP,ASEAN,Investment,IMF IFS via DBnomics,Q.SG.NFI_R_SA_XDC,SA,Source seasonally adjusted,1975-10-01,2129.9
Singapore,SG,SGP,ASEAN,Investment,IMF IFS via DBnomics,Q.SG.NFI_R_SA_XDC,SA,Source seasonally adjusted,1976-01-01,2326.4
Singapore,SG,SGP,ASEAN,Investment,IMF IFS via DBnomics,Q.SG.NFI_R_SA_XDC,SA,Source seasonally adjusted,1976-04-01,2247
Singapore,SG,SGP,ASEAN,Investment,IMF IFS via DBnomics,Q.SG.NFI_R_SA_XDC,SA,Source seasonally adjusted,1976-07-01,2295.6
Singapore,SG,SGP,ASEAN,Investment,IMF IFS via DBnomics,Q.SG.NFI_R_SA_XDC,SA,Source seasonally adjusted,1976-10-01,1979.6
Singapore,SG,SGP,ASEAN,Investment,IMF IFS via DBnomics,Q.SG.NFI_R_SA_XDC,SA,Source seasonally adjusted,1977-01-01,2022.7
Singapore,SG,SGP,ASEAN,Investment,IMF IFS via DBnomics,Q.SG.NFI_R_SA_XDC,SA,Source seasonally adjusted,1977-04-01,2215.2
Singapore,SG,SGP,ASEAN,Investment,IMF IFS via DBnomics,Q.SG.NFI_R_SA_XDC,SA,Source seasonally adjusted,1977-07-01,2349.7
Singapore,SG,SGP,ASEAN,Investment,IMF IFS via DBnomics,Q.SG.NFI_R_SA_XDC,SA,Source seasonally adjusted,1977-10-01,2371.5
Singapore,SG,SGP,ASEAN,Investment,IMF IFS via DBnomics,Q.SG.NFI_R_SA_XDC,SA,Source seasonally adjusted,1978-01-01,2582.7
Singapore,SG,SGP,ASEAN,Investment,IMF IFS via DBnomics,Q.SG.NFI_R_SA_XDC,SA,Source seasonally adjusted,1978-04-01,2436.3
Singapore,SG,SGP,ASEAN,Investment,IMF IFS via DBnomics,Q.SG.NFI_R_SA_XDC,SA,Source seasonally adjusted,1978-07-01,2339.2
Singapore,SG,SGP,ASEAN,Investment,IMF IFS via DBnomics,Q.SG.NFI_R_SA_XDC,SA,Source seasonally adjusted,1978-10-01,2766.8
Singapore,SG,SGP,ASEAN,Investment,IMF IFS via DBnomics,Q.SG.NFI_R_SA_XDC,SA,Source seasonally adjusted,1979-01-01,2411.6
Singapore,SG,SGP,ASEAN,Investment,IMF IFS via DBnomics,Q.SG.NFI_R_SA_XDC,SA,Source seasonally adjusted,1979-04-01,2772.7
Singapore,SG,SGP,ASEAN,Investment,IMF IFS via DBnomics,Q.SG.NFI_R_SA_XDC,SA,Source seasonally adjusted,1979-07-01,3180.3
Singapore,SG,SGP,ASEAN,Investment,IMF IFS via DBnomics,Q.SG.NFI_R_SA_XDC,SA,Source seasonally adjusted,1979-10-01,3108.9
Singapore,SG,SGP,ASEAN,Investment,IMF IFS via DBnomics,Q.SG.NFI_R_SA_XDC,SA,Source seasonally adjusted,1980-01-01,3340.1
Singapore,SG,SGP,ASEAN,Investment,IMF IFS via DBnomics,Q.SG.NFI_R_SA_XDC,SA,Source seasonally adjusted,1980-04-01,3566.5
Singapore,SG,SGP,ASEAN,Investment,IMF IFS via DBnomics,Q.SG.NFI_R_SA_XDC,SA,Source seasonally adjusted,1980-07-01,3457.5
Singapore,SG,SGP,ASEAN,Investment,IMF IFS via DBnomics,Q.SG.NFI_R_SA_XDC,SA,Source seasonally adjusted,1980-10-01,3525.4
Singapore,SG,SGP,ASEAN,Investment,IMF IFS via DBnomics,Q.SG.NFI_R_SA_XDC,SA,Source seasonally adjusted,1981-01-01,3580.5
Singapore,SG,SGP,ASEAN,Investment,IMF IFS via DBnomics,Q.SG.NFI_R_SA_XDC,SA,Source seasonally adjusted,1981-04-01,3809.8
Singapore,SG,SGP,ASEAN,Investment,IMF IFS via DBnomics,Q.SG.NFI_R_SA_XDC,SA,Source seasonally adjusted,1981-07-01,4121.1
Singapore,SG,SGP,ASEAN,Investment,IMF IFS via DBnomics,Q.SG.NFI_R_SA_XDC,SA,Source seasonally adjusted,1981-10-01,4612.7
Singapore,SG,SGP,ASEAN,Investment,IMF IFS via DBnomics,Q.SG.NFI_R_SA_XDC,SA,Source seasonally adjusted,1982-01-01,4869.2
Singapore,SG,SGP,ASEAN,Investment,IMF IFS via DBnomics,Q.SG.NFI_R_SA_XDC,SA,Source seasonally adjusted,1982-04-01,4681.6
Singapore,SG,SGP,ASEAN,Investment,IMF IFS via DBnomics,Q.SG.NFI_R_SA_XDC,SA,Source seasonally adjusted,1982-07-01,5065.3
Singapore,SG,SGP,ASEAN,Investment,IMF IFS via DBnomics,Q.SG.NFI_R_SA_XDC,SA,Source seasonally adjusted,1982-10-01,4923.5
Singapore,SG,SGP,ASEAN,Investment,IMF IFS via DBnomics,Q.SG.NFI_R_SA_XDC,SA,Source seasonally adjusted,1983-01-01,4847.6
Singapore,SG,SGP,ASEAN,Investment,IMF IFS via DBnomics,Q.SG.NFI_R_SA_XDC,SA,Source seasonally adjusted,1983-04-01,5746.5
Singapore,SG,SGP,ASEAN,Investment,IMF IFS via DBnomics,Q.SG.NFI_R_SA_XDC,SA,Source seasonally adjusted,1983-07-01,5541.7
Singapore,SG,SGP,ASEAN,Investment,IMF IFS via DBnomics,Q.SG.NFI_R_SA_XDC,SA,Source seasonally adjusted,1983-10-01,5537.2
Singapore,SG,SGP,ASEAN,Investment,IMF IFS via DBnomics,Q.SG.NFI_R_SA_XDC,SA,Source seasonally adjusted,1984-01-01,5913.8
Singapore,SG,SGP,ASEAN,Investment,IMF IFS via DBnomics,Q.SG.NFI_R_SA_XDC,SA,Source seasonally adjusted,1984-04-01,6119.7
Singapore,SG,SGP,ASEAN,Investment,IMF IFS via DBnomics,Q.SG.NFI_R_SA_XDC,SA,Source seasonally adjusted,1984-07-01,5640.9
Singapore,SG,SGP,ASEAN,Investment,IMF IFS via DBnomics,Q.SG.NFI_R_SA_XDC,SA,Source seasonally adjusted,1984-10-01,6100.1
Singapore,SG,SGP,ASEAN,Investment,IMF IFS via DBnomics,Q.SG.NFI_R_SA_XDC,SA,Source seasonally adjusted,1985-01-01,5944
Singapore,SG,SGP,ASEAN,Investment,IMF IFS via DBnomics,Q.SG.NFI_R_SA_XDC,SA,Source seasonally adjusted,1985-04-01,5056.1
Singapore,SG,SGP,ASEAN,Investment,IMF IFS via DBnomics,Q.SG.NFI_R_SA_XDC,SA,Source seasonally adjusted,1985-07-01,5075.5
Singapore,SG,SGP,ASEAN,Investment,IMF IFS via DBnomics,Q.SG.NFI_R_SA_XDC,SA,Source seasonally adjusted,1985-10-01,4878.6
Singapore,SG,SGP,ASEAN,Investment,IMF IFS via DBnomics,Q.SG.NFI_R_SA_XDC,SA,Source seasonally adjusted,1986-01-01,4740.8
Singapore,SG,SGP,ASEAN,Investment,IMF IFS via DBnomics,Q.SG.NFI_R_SA_XDC,SA,Source seasonally adjusted,1986-04-01,4511.2
Singapore,SG,SGP,ASEAN,Investment,IMF IFS via DBnomics,Q.SG.NFI_R_SA_XDC,SA,Source seasonally adjusted,1986-07-01,4723.6
Singapore,SG,SGP,ASEAN,Investment,IMF IFS via DBnomics,Q.SG.NFI_R_SA_XDC,SA,Source seasonally adjusted,1986-10-01,4402
Singapore,SG,SGP,ASEAN,Investment,IMF IFS via DBnomics,Q.SG.NFI_R_SA_XDC,SA,Source seasonally adjusted,1987-01-01,4514.7
Singapore,SG,SGP,ASEAN,Investment,IMF IFS via DBnomics,Q.SG.NFI_R_SA_XDC,SA,Source seasonally adjusted,1987-04-01,4619.8
Singapore,SG,SGP,ASEAN,Investment,IMF IFS via DBnomics,Q.SG.NFI_R_SA_XDC,SA,Source seasonally adjusted,1987-07-01,4603.2
Singapore,SG,SGP,ASEAN,Investment,IMF IFS via DBnomics,Q.SG.NFI_R_SA_XDC,SA,Source seasonally adjusted,1987-10-01,4759.7
Singapore,SG,SGP,ASEAN,Investment,IMF IFS via DBnomics,Q.SG.NFI_R_SA_XDC,SA,Source seasonally adjusted,1988-01-01,4509.9
Singapore,SG,SGP,ASEAN,Investment,IMF IFS via DBnomics,Q.SG.NFI_R_SA_XDC,SA,Source seasonally adjusted,1988-04-01,4807.9
Singapore,SG,SGP,ASEAN,Investment,IMF IFS via DBnomics,Q.SG.NFI_R_SA_XDC,SA,Source seasonally adjusted,1988-07-01,5192
Singapore,SG,SGP,ASEAN,Investment,IMF IFS via DBnomics,Q.SG.NFI_R_SA_XDC,SA,Source seasonally adjusted,1989-01-01,5585.8
Singapore,SG,SGP,ASEAN,Investment,IMF IFS via DBnomics,Q.SG.NFI_R_SA_XDC,SA,Source seasonally adjusted,1989-04-01,5371.2
Singapore,SG,SGP,ASEAN,Investment,IMF IFS via DBnomics,Q.SG.NFI_R_SA_XDC,SA,Source seasonally adjusted,1989-07-01,5479.6
Singapore,SG,SGP,ASEAN,Investment,IMF IFS via DBnomics,Q.SG.NFI_R_SA_XDC,SA,Source seasonally adjusted,1989-10-01,6215.8
Singapore,SG,SGP,ASEAN,Investment,IMF IFS via DBnomics,Q.SG.NFI_R_SA_XDC,SA,Source seasonally adjusted,1990-01-01,6079.1
Singapore,SG,SGP,ASEAN,Investment,IMF IFS via DBnomics,Q.SG.NFI_R_SA_XDC,SA,Source seasonally adjusted,1990-04-01,6229.1
Singapore,SG,SGP,ASEAN,Investment,IMF IFS via DBnomics,Q.SG.NFI_R_SA_XDC,SA,Source seasonally adjusted,1990-07-01,6472.4
Singapore,SG,SGP,ASEAN,Investment,IMF IFS via DBnomics,Q.SG.NFI_R_SA_XDC,SA,Source seasonally adjusted,1990-10-01,6436.9
Singapore,SG,SGP,ASEAN,Investment,IMF IFS via DBnomics,Q.SG.NFI_R_SA_XDC,SA,Source seasonally adjusted,1991-01-01,6847.7
Singapore,SG,SGP,ASEAN,Investment,IMF IFS via DBnomics,Q.SG.NFI_R_SA_XDC,SA,Source seasonally adjusted,1991-04-01,7520
Singapore,SG,SGP,ASEAN,Investment,IMF IFS via DBnomics,Q.SG.NFI_R_SA_XDC,SA,Source seasonally adjusted,1991-07-01,7264.6
Singapore,SG,SGP,ASEAN,Investment,IMF IFS via DBnomics,Q.SG.NFI_R_SA_XDC,SA,Source seasonally adjusted,1991-10-01,6941.5
Singapore,SG,SGP,ASEAN,Investment,IMF IFS via DBnomics,Q.SG.NFI_R_SA_XDC,SA,Source seasonally adjusted,1992-01-01,7559.9
Singapore,SG,SGP,ASEAN,Investment,IMF IFS via DBnomics,Q.SG.NFI_R_SA_XDC,SA,Source seasonally adjusted,1992-04-01,7901.8
Singapore,SG,SGP,ASEAN,Investment,IMF IFS via DBnomics,Q.SG.NFI_R_SA_XDC,SA,Source seasonally adjusted,1992-07-01,7908.3
Singapore,SG,SGP,ASEAN,Investment,IMF IFS via DBnomics,Q.SG.NFI_R_SA_XDC,SA,Source seasonally adjusted,1992-10-01,8563.7
Singapore,SG,SGP,ASEAN,Investment,IMF IFS via DBnomics,Q.SG.NFI_R_SA_XDC,SA,Source seasonally adjusted,1993-01-01,8289.1
Singapore,SG,SGP,ASEAN,Investment,IMF IFS via DBnomics,Q.SG.NFI_R_SA_XDC,SA,Source seasonally adjusted,1993-04-01,8781
Singapore,SG,SGP,ASEAN,Investment,IMF IFS via DBnomics,Q.SG.NFI_R_SA_XDC,SA,Source seasonally adjusted,1993-07-01,8890.2
Singapore,SG,SGP,ASEAN,Investment,IMF IFS via DBnomics,Q.SG.NFI_R_SA_XDC,SA,Source seasonally adjusted,1993-10-01,9103.9
Singapore,SG,SGP,ASEAN,Investment,IMF IFS via DBnomics,Q.SG.NFI_R_SA_XDC,SA,Source seasonally adjusted,1994-01-01,9395.6
Singapore,SG,SGP,ASEAN,Investment,IMF IFS via DBnomics,Q.SG.NFI_R_SA_XDC,SA,Source seasonally adjusted,1994-04-01,9345.6
Singapore,SG,SGP,ASEAN,Investment,IMF IFS via DBnomics,Q.SG.NFI_R_SA_XDC,SA,Source seasonally adjusted,1994-07-01,9930.7
Singapore,SG,SGP,ASEAN,Investment,IMF IFS via DBnomics,Q.SG.NFI_R_SA_XDC,SA,Source seasonally adjusted,1994-10-01,9878.7
Singapore,SG,SGP,ASEAN,Investment,IMF IFS via DBnomics,Q.SG.NFI_R_SA_XDC,SA,Source seasonally adjusted,1995-01-01,9888.8
Singapore,SG,SGP,ASEAN,Investment,IMF IFS via DBnomics,Q.SG.NFI_R_SA_XDC,SA,Source seasonally adjusted,1995-04-01,10312.5
Singapore,SG,SGP,ASEAN,Investment,IMF IFS via DBnomics,Q.SG.NFI_R_SA_XDC,SA,Source seasonally adjusted,1995-07-01,10978.7
Singapore,SG,SGP,ASEAN,Investment,IMF IFS via DBnomics,Q.SG.NFI_R_SA_XDC,SA,Source seasonally adjusted,1995-10-01,12044.3
Singapore,SG,SGP,ASEAN,Investment,IMF IFS via DBnomics,Q.SG.NFI_R_SA_XDC,SA,Source seasonally adjusted,1996-01-01,13048.1
Singapore,SG,SGP,ASEAN,Investment,IMF IFS via DBnomics,Q.SG.NFI_R_SA_XDC,SA,Source seasonally adjusted,1996-04-01,13910.7
Singapore,SG,SGP,ASEAN,Investment,IMF IFS via DBnomics,Q.SG.NFI_R_SA_XDC,SA,Source seasonally adjusted,1996-07-01,12600.3
Singapore,SG,SGP,ASEAN,Investment,IMF IFS via DBnomics,Q.SG.NFI_R_SA_XDC,SA,Source seasonally adjusted,1996-10-01,14189.4
Singapore,SG,SGP,ASEAN,Investment,IMF IFS via DBnomics,Q.SG.NFI_R_SA_XDC,SA,Source seasonally adjusted,1997-01-01,13659.6
Singapore,SG,SGP,ASEAN,Investment,IMF IFS via DBnomics,Q.SG.NFI_R_SA_XDC,SA,Source seasonally adjusted,1997-04-01,14375.8
Singapore,SG,SGP,ASEAN,Investment,IMF IFS via DBnomics,Q.SG.NFI_R_SA_XDC,SA,Source seasonally adjusted,1997-07-01,15586.4
Singapore,SG,SGP,ASEAN,Investment,IMF IFS via DBnomics,Q.SG.NFI_R_SA_XDC,SA,Source seasonally adjusted,1997-10-01,15793.1
Singapore,SG,SGP,ASEAN,Investment,IMF IFS via DBnomics,Q.SG.NFI_R_SA_XDC,SA,Source seasonally adjusted,1998-01-01,15335
Singapore,SG,SGP,ASEAN,Investment,IMF IFS via DBnomics,Q.SG.NFI_R_SA_XDC,SA,Source seasonally adjusted,1998-04-01,14305
Singapore,SG,SGP,ASEAN,Investment,IMF IFS via DBnomics,Q.SG.NFI_R_SA_XDC,SA,Source seasonally adjusted,1998-07-01,13864.1
Singapore,SG,SGP,ASEAN,Investment,IMF IFS via DBnomics,Q.SG.NFI_R_SA_XDC,SA,Source seasonally adjusted,1998-10-01,13095.9
Singapore,SG,SGP,ASEAN,Investment,IMF IFS via DBnomics,Q.SG.NFI_R_SA_XDC,SA,Source seasonally adjusted,1999-01-01,13029.4
Singapore,SG,SGP,ASEAN,Investment,IMF IFS via DBnomics,Q.SG.NFI_R_SA_XDC,SA,Source seasonally adjusted,1999-04-01,13616.3
Singapore,SG,SGP,ASEAN,Investment,IMF IFS via DBnomics,Q.SG.NFI_R_SA_XDC,SA,Source seasonally adjusted,1999-07-01,13882.6
Singapore,SG,SGP,ASEAN,Investment,IMF IFS via DBnomics,Q.SG.NFI_R_SA_XDC,SA,Source seasonally adjusted,1999-10-01,13457.1
Singapore,SG,SGP,ASEAN,Investment,IMF IFS via DBnomics,Q.SG.NFI_R_SA_XDC,SA,Source seasonally adjusted,2000-01-01,14887.4
Singapore,SG,SGP,ASEAN,Investment,IMF IFS via DBnomics,Q.SG.NFI_R_SA_XDC,SA,Source seasonally adjusted,2000-04-01,14465.1
Singapore,SG,SGP,ASEAN,Investment,IMF IFS via DBnomics,Q.SG.NFI_R_SA_XDC,SA,Source seasonally adjusted,2000-07-01,15753.1
Singapore,SG,SGP,ASEAN,Investment,IMF IFS via DBnomics,Q.SG.NFI_R_SA_XDC,SA,Source seasonally adjusted,2000-10-01,14994.9
Singapore,SG,SGP,ASEAN,Investment,IMF IFS via DBnomics,Q.SG.NFI_R_SA_XDC,SA,Source seasonally adjusted,2001-01-01,14926.1
Singapore,SG,SGP,ASEAN,Investment,IMF IFS via DBnomics,Q.SG.NFI_R_SA_XDC,SA,Source seasonally adjusted,2001-04-01,14449.4
Singapore,SG,SGP,ASEAN,Investment,IMF IFS via DBnomics,Q.SG.NFI_R_SA_XDC,SA,Source seasonally adjusted,2001-07-01,13966.9
Singapore,SG,SGP,ASEAN,Investment,IMF IFS via DBnomics,Q.SG.NFI_R_SA_XDC,SA,Source seasonally adjusted,2001-10-01,13669.6
Singapore,SG,SGP,ASEAN,Investment,IMF IFS via DBnomics,Q.SG.NFI_R_SA_XDC,SA,Source seasonally adjusted,2002-01-01,13341.4
Singapore,SG,SGP,ASEAN,Investment,IMF IFS via DBnomics,Q.SG.NFI_R_SA_XDC,SA,Source seasonally adjusted,2002-04-01,13410.7
Singapore,SG,SGP,ASEAN,Investment,IMF IFS via DBnomics,Q.SG.NFI_R_SA_XDC,SA,Source seasonally adjusted,2002-07-01,12365.7
Singapore,SG,SGP,ASEAN,Investment,IMF IFS via DBnomics,Q.SG.NFI_R_SA_XDC,SA,Source seasonally adjusted,2002-10-01,12661.1
Singapore,SG,SGP,ASEAN,Investment,IMF IFS via DBnomics,Q.SG.NFI_R_SA_XDC,SA,Source seasonally adjusted,2003-01-01,12271.2
Singapore,SG,SGP,ASEAN,Investment,IMF IFS via DBnomics,Q.SG.NFI_R_SA_XDC,SA,Source seasonally adjusted,2003-04-01,12036.4
Singapore,SG,SGP,ASEAN,Investment,IMF IFS via DBnomics,Q.SG.NFI_R_SA_XDC,SA,Source seasonally adjusted,2003-07-01,12223.2
Singapore,SG,SGP,ASEAN,Investment,IMF IFS via DBnomics,Q.SG.NFI_R_SA_XDC,SA,Source seasonally adjusted,2003-10-01,12515.7
Singapore,SG,SGP,ASEAN,Investment,IMF IFS via DBnomics,Q.SG.NFI_R_SA_XDC,SA,Source seasonally adjusted,2004-01-01,13081.5
Singapore,SG,SGP,ASEAN,Investment,IMF IFS via DBnomics,Q.SG.NFI_R_SA_XDC,SA,Source seasonally adjusted,2004-04-01,13826.1
Singapore,SG,SGP,ASEAN,Investment,IMF IFS via DBnomics,Q.SG.NFI_R_SA_XDC,SA,Source seasonally adjusted,2004-07-01,14307.2
Singapore,SG,SGP,ASEAN,Investment,IMF IFS via DBnomics,Q.SG.NFI_R_SA_XDC,SA,Source seasonally adjusted,2004-10-01,12869
Singapore,SG,SGP,ASEAN,Investment,IMF IFS via DBnomics,Q.SG.NFI_R_SA_XDC,SA,Source seasonally adjusted,2005-01-01,13608.2
Singapore,SG,SGP,ASEAN,Investment,IMF IFS via DBnomics,Q.SG.NFI_R_SA_XDC,SA,Source seasonally adjusted,2005-04-01,13471.4
Singapore,SG,SGP,ASEAN,Investment,IMF IFS via DBnomics,Q.SG.NFI_R_SA_XDC,SA,Source seasonally adjusted,2005-07-01,13893.4
Singapore,SG,SGP,ASEAN,Investment,IMF IFS via DBnomics,Q.SG.NFI_R_SA_XDC,SA,Source seasonally adjusted,2005-10-01,15013.4
Singapore,SG,SGP,ASEAN,Investment,IMF IFS via DBnomics,Q.SG.NFI_R_SA_XDC,SA,Source seasonally adjusted,2006-01-01,14581
Singapore,SG,SGP,ASEAN,Investment,IMF IFS via DBnomics,Q.SG.NFI_R_SA_XDC,SA,Source seasonally adjusted,2006-04-01,14430.3
Singapore,SG,SGP,ASEAN,Investment,IMF IFS via DBnomics,Q.SG.NFI_R_SA_XDC,SA,Source seasonally adjusted,2006-07-01,15766.3
Singapore,SG,SGP,ASEAN,Investment,IMF IFS via DBnomics,Q.SG.NFI_R_SA_XDC,SA,Source seasonally adjusted,2006-10-01,16503.9
Singapore,SG,SGP,ASEAN,Investment,IMF IFS via DBnomics,Q.SG.NFI_R_SA_XDC,SA,Source seasonally adjusted,2007-01-01,16672.7
Singapore,SG,SGP,ASEAN,Investment,IMF IFS via DBnomics,Q.SG.NFI_R_SA_XDC,SA,Source seasonally adjusted,2007-04-01,17220.3
Singapore,SG,SGP,ASEAN,Investment,IMF IFS via DBnomics,Q.SG.NFI_R_SA_XDC,SA,Source seasonally adjusted,2007-07-01,17073
Singapore,SG,SGP,ASEAN,Investment,IMF IFS via DBnomics,Q.SG.NFI_R_SA_XDC,SA,Source seasonally adjusted,2007-10-01,19831.5
Singapore,SG,SGP,ASEAN,Investment,IMF IFS via DBnomics,Q.SG.NFI_R_SA_XDC,SA,Source seasonally adjusted,2008-01-01,19818.6
Singapore,SG,SGP,ASEAN,Investment,IMF IFS via DBnomics,Q.SG.NFI_R_SA_XDC,SA,Source seasonally adjusted,2008-04-01,20184.2
Singapore,SG,SGP,ASEAN,Investment,IMF IFS via DBnomics,Q.SG.NFI_R_SA_XDC,SA,Source seasonally adjusted,2008-07-01,19857.6
Singapore,SG,SGP,ASEAN,Investment,IMF IFS via DBnomics,Q.SG.NFI_R_SA_XDC,SA,Source seasonally adjusted,2008-10-01,18760.7
Singapore,SG,SGP,ASEAN,Investment,IMF IFS via DBnomics,Q.SG.NFI_R_SA_XDC,SA,Source seasonally adjusted,2009-01-01,19739.6
Singapore,SG,SGP,ASEAN,Investment,IMF IFS via DBnomics,Q.SG.NFI_R_SA_XDC,SA,Source seasonally adjusted,2009-04-01,21149
Singapore,SG,SGP,ASEAN,Investment,IMF IFS via DBnomics,Q.SG.NFI_R_SA_XDC,SA,Source seasonally adjusted,2009-07-01,20697.4
Singapore,SG,SGP,ASEAN,Investment,IMF IFS via DBnomics,Q.SG.NFI_R_SA_XDC,SA,Source seasonally adjusted,2009-10-01,21282.7
Singapore,SG,SGP,ASEAN,Investment,IMF IFS via DBnomics,Q.SG.NFI_R_SA_XDC,SA,Source seasonally adjusted,2010-01-01,21960.4
Singapore,SG,SGP,ASEAN,Investment,IMF IFS via DBnomics,Q.SG.NFI_R_SA_XDC,SA,Source seasonally adjusted,2010-04-01,21808
Singapore,SG,SGP,ASEAN,Investment,IMF IFS via DBnomics,Q.SG.NFI_R_SA_XDC,SA,Source seasonally adjusted,2010-07-01,22002.5
Singapore,SG,SGP,ASEAN,Investment,IMF IFS via DBnomics,Q.SG.NFI_R_SA_XDC,SA,Source seasonally adjusted,2010-10-01,22699.8
Singapore,SG,SGP,ASEAN,Investment,IMF IFS via DBnomics,Q.SG.NFI_R_SA_XDC,SA,Source seasonally adjusted,2011-01-01,21725.6
Singapore,SG,SGP,ASEAN,Investment,IMF IFS via DBnomics,Q.SG.NFI_R_SA_XDC,SA,Source seasonally adjusted,2011-04-01,23539.6
Singapore,SG,SGP,ASEAN,Investment,IMF IFS via DBnomics,Q.SG.NFI_R_SA_XDC,SA,Source seasonally adjusted,2011-07-01,24898.7
Singapore,SG,SGP,ASEAN,Investment,IMF IFS via DBnomics,Q.SG.NFI_R_SA_XDC,SA,Source seasonally adjusted,2011-10-01,23870.8
Singapore,SG,SGP,ASEAN,Investment,IMF IFS via DBnomics,Q.SG.NFI_R_SA_XDC,SA,Source seasonally adjusted,2012-01-01,25947.1
Singapore,SG,SGP,ASEAN,Investment,IMF IFS via DBnomics,Q.SG.NFI_R_SA_XDC,SA,Source seasonally adjusted,2012-04-01,25067.4
Singapore,SG,SGP,ASEAN,Investment,IMF IFS via DBnomics,Q.SG.NFI_R_SA_XDC,SA,Source seasonally adjusted,2012-07-01,25002.4
Singapore,SG,SGP,ASEAN,Investment,IMF IFS via DBnomics,Q.SG.NFI_R_SA_XDC,SA,Source seasonally adjusted,2012-10-01,26142
Singapore,SG,SGP,ASEAN,Investment,IMF IFS via DBnomics,Q.SG.NFI_R_SA_XDC,SA,Source seasonally adjusted,2013-01-01,26577.3
Singapore,SG,SGP,ASEAN,Investment,IMF IFS via DBnomics,Q.SG.NFI_R_SA_XDC,SA,Source seasonally adjusted,2013-04-01,26556.4
Singapore,SG,SGP,ASEAN,Investment,IMF IFS via DBnomics,Q.SG.NFI_R_SA_XDC,SA,Source seasonally adjusted,2013-07-01,28237.7
Singapore,SG,SGP,ASEAN,Investment,IMF IFS via DBnomics,Q.SG.NFI_R_SA_XDC,SA,Source seasonally adjusted,2013-10-01,26997.1
Singapore,SG,SGP,ASEAN,Investment,IMF IFS via DBnomics,Q.SG.NFI_R_SA_XDC,SA,Source seasonally adjusted,2014-01-01,28319.1
Singapore,SG,SGP,ASEAN,Investment,IMF IFS via DBnomics,Q.SG.NFI_R_SA_XDC,SA,Source seasonally adjusted,2014-04-01,27735.5
Singapore,SG,SGP,ASEAN,Investment,IMF IFS via DBnomics,Q.SG.NFI_R_SA_XDC,SA,Source seasonally adjusted,2014-07-01,28065
Singapore,SG,SGP,ASEAN,Investment,IMF IFS via DBnomics,Q.SG.NFI_R_SA_XDC,SA,Source seasonally adjusted,2014-10-01,28812.3
Singapore,SG,SGP,ASEAN,Investment,IMF IFS via DBnomics,Q.SG.NFI_R_SA_XDC,SA,Source seasonally adjusted,2015-01-01,27773.2
Singapore,SG,SGP,ASEAN,Investment,IMF IFS via DBnomics,Q.SG.NFI_R_SA_XDC,SA,Source seasonally adjusted,2015-04-01,28949.5
Singapore,SG,SGP,ASEAN,Investment,IMF IFS via DBnomics,Q.SG.NFI_R_SA_XDC,SA,Source seasonally adjusted,2015-07-01,29064.3
Singapore,SG,SGP,ASEAN,Investment,IMF IFS via DBnomics,Q.SG.NFI_R_SA_XDC,SA,Source seasonally adjusted,2015-10-01,29375.9
Singapore,SG,SGP,ASEAN,Investment,IMF IFS via DBnomics,Q.SG.NFI_R_SA_XDC,SA,Source seasonally adjusted,2016-01-01,28394.2
Singapore,SG,SGP,ASEAN,Investment,IMF IFS via DBnomics,Q.SG.NFI_R_SA_XDC,SA,Source seasonally adjusted,2016-04-01,29423.4
Singapore,SG,SGP,ASEAN,Investment,IMF IFS via DBnomics,Q.SG.NFI_R_SA_XDC,SA,Source seasonally adjusted,2016-07-01,28622.2
Singapore,SG,SGP,ASEAN,Investment,IMF IFS via DBnomics,Q.SG.NFI_R_SA_XDC,SA,Source seasonally adjusted,2016-10-01,29425.4
Singapore,SG,SGP,ASEAN,Investment,IMF IFS via DBnomics,Q.SG.NFI_R_SA_XDC,SA,Source seasonally adjusted,2017-01-01,29767.4
Singapore,SG,SGP,ASEAN,Investment,IMF IFS via DBnomics,Q.SG.NFI_R_SA_XDC,SA,Source seasonally adjusted,2017-04-01,30226.8
Singapore,SG,SGP,ASEAN,Investment,IMF IFS via DBnomics,Q.SG.NFI_R_SA_XDC,SA,Source seasonally adjusted,2017-07-01,30675.8
Singapore,SG,SGP,ASEAN,Investment,IMF IFS via DBnomics,Q.SG.NFI_R_SA_XDC,SA,Source seasonally adjusted,2017-10-01,31218.6
Singapore,SG,SGP,ASEAN,Investment,IMF IFS via DBnomics,Q.SG.NFI_R_SA_XDC,SA,Source seasonally adjusted,2018-01-01,29319.8
Singapore,SG,SGP,ASEAN,Investment,IMF IFS via DBnomics,Q.SG.NFI_R_SA_XDC,SA,Source seasonally adjusted,2018-04-01,29193.7
Singapore,SG,SGP,ASEAN,Investment,IMF IFS via DBnomics,Q.SG.NFI_R_SA_XDC,SA,Source seasonally adjusted,2018-07-01,28759.5
Singapore,SG,SGP,ASEAN,Investment,IMF IFS via DBnomics,Q.SG.NFI_R_SA_XDC,SA,Source seasonally adjusted,2018-10-01,28666.6
Singapore,SG,SGP,ASEAN,Investment,IMF IFS via DBnomics,Q.SG.NFI_R_SA_XDC,SA,Source seasonally adjusted,2019-01-01,29478.1
Singapore,SG,SGP,ASEAN,Investment,IMF IFS via DBnomics,Q.SG.NFI_R_SA_XDC,SA,Source seasonally adjusted,2019-04-01,29554.4
Singapore,SG,SGP,ASEAN,Investment,IMF IFS via DBnomics,Q.SG.NFI_R_SA_XDC,SA,Source seasonally adjusted,2019-07-01,30284.2
Singapore,SG,SGP,ASEAN,Investment,IMF IFS via DBnomics,Q.SG.NFI_R_SA_XDC,SA,Source seasonally adjusted,2019-10-01,29482.8
Singapore,SG,SGP,ASEAN,Investment,IMF IFS via DBnomics,Q.SG.NFI_R_SA_XDC,SA,Source seasonally adjusted,2020-01-01,29532.3
Singapore,SG,SGP,ASEAN,Investment,IMF IFS via DBnomics,Q.SG.NFI_R_SA_XDC,SA,Source seasonally adjusted,2020-04-01,20877.9
Singapore,SG,SGP,ASEAN,Investment,IMF IFS via DBnomics,Q.SG.NFI_R_SA_XDC,SA,Source seasonally adjusted,2020-07-01,23760.8
Singapore,SG,SGP,ASEAN,Investment,IMF IFS via DBnomics,Q.SG.NFI_R_SA_XDC,SA,Source seasonally adjusted,2020-10-01,27928.6
Singapore,SG,SGP,ASEAN,Investment,IMF IFS via DBnomics,Q.SG.NFI_R_SA_XDC,SA,Source seasonally adjusted,2021-01-01,30369.8
Singapore,SG,SGP,ASEAN,Investment,IMF IFS via DBnomics,Q.SG.NFI_R_SA_XDC,SA,Source seasonally adjusted,2021-04-01,31012.3
Singapore,SG,SGP,ASEAN,Investment,IMF IFS via DBnomics,Q.SG.NFI_R_SA_XDC,SA,Source seasonally adjusted,2021-07-01,32073.3
Singapore,SG,SGP,ASEAN,Investment,IMF IFS via DBnomics,Q.SG.NFI_R_SA_XDC,SA,Source seasonally adjusted,2021-10-01,32142.5
Singapore,SG,SGP,ASEAN,Investment,IMF IFS via DBnomics,Q.SG.NFI_R_SA_XDC,SA,Source seasonally adjusted,2022-01-01,32530.3
Singapore,SG,SGP,ASEAN,Investment,IMF IFS via DBnomics,Q.SG.NFI_R_SA_XDC,SA,Source seasonally adjusted,2022-04-01,32938.8
Singapore,SG,SGP,ASEAN,Investment,IMF IFS via DBnomics,Q.SG.NFI_R_SA_XDC,SA,Source seasonally adjusted,2022-07-01,33803.2
Singapore,SG,SGP,ASEAN,Investment,IMF IFS via DBnomics,Q.SG.NFI_R_SA_XDC,SA,Source seasonally adjusted,2022-10-01,32173.8
Singapore,SG,SGP,ASEAN,Investment,IMF IFS via DBnomics,Q.SG.NFI_R_SA_XDC,SA,Source seasonally adjusted,2023-01-01,32669.2
Singapore,SG,SGP,ASEAN,Investment,IMF IFS via DBnomics,Q.SG.NFI_R_SA_XDC,SA,Source seasonally adjusted,2023-04-01,32106.7
Singapore,SG,SGP,ASEAN,Investment,IMF IFS via DBnomics,Q.SG.NFI_R_SA_XDC,SA,Source seasonally adjusted,2023-07-01,32575.1
Singapore,SG,SGP,ASEAN,Investment,IMF IFS via DBnomics,Q.SG.NFI_R_SA_XDC,SA,Source seasonally adjusted,2023-10-01,32887.8
Singapore,SG,SGP,ASEAN,Investment,IMF IFS via DBnomics,Q.SG.NFI_R_SA_XDC,SA,Source seasonally adjusted,2024-01-01,32325.6
Singapore,SG,SGP,ASEAN,Investment,IMF IFS via DBnomics,Q.SG.NFI_R_SA_XDC,SA,Source seasonally adjusted,2024-04-01,33301
Singapore,SG,SGP,ASEAN,Investment,IMF IFS via DBnomics,Q.SG.NFI_R_SA_XDC,SA,Source seasonally adjusted,2024-07-01,33982.8
Singapore,SG,SGP,ASEAN,Investment,IMF IFS via DBnomics,Q.SG.NFI_R_SA_XDC,SA,Source seasonally adjusted,2024-10-01,34460.6
South Korea,KR,KOR,Asia-Pacific,Consumption,IMF IFS via DBnomics,Q.KR.NCP_R_SA_XDC,SA,Source seasonally adjusted,1960-01-01,7848700
South Korea,KR,KOR,Asia-Pacific,Consumption,IMF IFS via DBnomics,Q.KR.NCP_R_SA_XDC,SA,Source seasonally adjusted,1960-04-01,8282200
South Korea,KR,KOR,Asia-Pacific,Consumption,IMF IFS via DBnomics,Q.KR.NCP_R_SA_XDC,SA,Source seasonally adjusted,1960-07-01,7927100
South Korea,KR,KOR,Asia-Pacific,Consumption,IMF IFS via DBnomics,Q.KR.NCP_R_SA_XDC,SA,Source seasonally adjusted,1960-10-01,8266900
South Korea,KR,KOR,Asia-Pacific,Consumption,IMF IFS via DBnomics,Q.KR.NCP_R_SA_XDC,SA,Source seasonally adjusted,1961-01-01,8337000
South Korea,KR,KOR,Asia-Pacific,Consumption,IMF IFS via DBnomics,Q.KR.NCP_R_SA_XDC,SA,Source seasonally adjusted,1961-04-01,8257700
South Korea,KR,KOR,Asia-Pacific,Consumption,IMF IFS via DBnomics,Q.KR.NCP_R_SA_XDC,SA,Source seasonally adjusted,1961-07-01,8239000
South Korea,KR,KOR,Asia-Pacific,Consumption,IMF IFS via DBnomics,Q.KR.NCP_R_SA_XDC,SA,Source seasonally adjusted,1961-10-01,8292100
South Korea,KR,KOR,Asia-Pacific,Consumption,IMF IFS via DBnomics,Q.KR.NCP_R_SA_XDC,SA,Source seasonally adjusted,1962-01-01,9066900
South Korea,KR,KOR,Asia-Pacific,Consumption,IMF IFS via DBnomics,Q.KR.NCP_R_SA_XDC,SA,Source seasonally adjusted,1962-04-01,9116000
South Korea,KR,KOR,Asia-Pacific,Consumption,IMF IFS via DBnomics,Q.KR.NCP_R_SA_XDC,SA,Source seasonally adjusted,1962-07-01,9084800
South Korea,KR,KOR,Asia-Pacific,Consumption,IMF IFS via DBnomics,Q.KR.NCP_R_SA_XDC,SA,Source seasonally adjusted,1962-10-01,9122000
South Korea,KR,KOR,Asia-Pacific,Consumption,IMF IFS via DBnomics,Q.KR.NCP_R_SA_XDC,SA,Source seasonally adjusted,1963-01-01,8903400
South Korea,KR,KOR,Asia-Pacific,Consumption,IMF IFS via DBnomics,Q.KR.NCP_R_SA_XDC,SA,Source seasonally adjusted,1963-04-01,9526500
South Korea,KR,KOR,Asia-Pacific,Consumption,IMF IFS via DBnomics,Q.KR.NCP_R_SA_XDC,SA,Source seasonally adjusted,1963-07-01,9544400
South Korea,KR,KOR,Asia-Pacific,Consumption,IMF IFS via DBnomics,Q.KR.NCP_R_SA_XDC,SA,Source seasonally adjusted,1963-10-01,9968400
South Korea,KR,KOR,Asia-Pacific,Consumption,IMF IFS via DBnomics,Q.KR.NCP_R_SA_XDC,SA,Source seasonally adjusted,1964-01-01,10113400
South Korea,KR,KOR,Asia-Pacific,Consumption,IMF IFS via DBnomics,Q.KR.NCP_R_SA_XDC,SA,Source seasonally adjusted,1964-04-01,10232900
South Korea,KR,KOR,Asia-Pacific,Consumption,IMF IFS via DBnomics,Q.KR.NCP_R_SA_XDC,SA,Source seasonally adjusted,1964-07-01,10328000
South Korea,KR,KOR,Asia-Pacific,Consumption,IMF IFS via DBnomics,Q.KR.NCP_R_SA_XDC,SA,Source seasonally adjusted,1964-10-01,10536500
South Korea,KR,KOR,Asia-Pacific,Consumption,IMF IFS via DBnomics,Q.KR.NCP_R_SA_XDC,SA,Source seasonally adjusted,1965-01-01,10779500
South Korea,KR,KOR,Asia-Pacific,Consumption,IMF IFS via DBnomics,Q.KR.NCP_R_SA_XDC,SA,Source seasonally adjusted,1965-04-01,10905200
South Korea,KR,KOR,Asia-Pacific,Consumption,IMF IFS via DBnomics,Q.KR.NCP_R_SA_XDC,SA,Source seasonally adjusted,1965-07-01,11103600
South Korea,KR,KOR,Asia-Pacific,Consumption,IMF IFS via DBnomics,Q.KR.NCP_R_SA_XDC,SA,Source seasonally adjusted,1965-10-01,11314100
South Korea,KR,KOR,Asia-Pacific,Consumption,IMF IFS via DBnomics,Q.KR.NCP_R_SA_XDC,SA,Source seasonally adjusted,1966-01-01,11467800
South Korea,KR,KOR,Asia-Pacific,Consumption,IMF IFS via DBnomics,Q.KR.NCP_R_SA_XDC,SA,Source seasonally adjusted,1966-04-01,11608200
South Korea,KR,KOR,Asia-Pacific,Consumption,IMF IFS via DBnomics,Q.KR.NCP_R_SA_XDC,SA,Source seasonally adjusted,1966-07-01,11599200
South Korea,KR,KOR,Asia-Pacific,Consumption,IMF IFS via DBnomics,Q.KR.NCP_R_SA_XDC,SA,Source seasonally adjusted,1966-10-01,12344700
South Korea,KR,KOR,Asia-Pacific,Consumption,IMF IFS via DBnomics,Q.KR.NCP_R_SA_XDC,SA,Source seasonally adjusted,1967-01-01,12406100
South Korea,KR,KOR,Asia-Pacific,Consumption,IMF IFS via DBnomics,Q.KR.NCP_R_SA_XDC,SA,Source seasonally adjusted,1967-04-01,12663200
South Korea,KR,KOR,Asia-Pacific,Consumption,IMF IFS via DBnomics,Q.KR.NCP_R_SA_XDC,SA,Source seasonally adjusted,1967-07-01,12795300
South Korea,KR,KOR,Asia-Pacific,Consumption,IMF IFS via DBnomics,Q.KR.NCP_R_SA_XDC,SA,Source seasonally adjusted,1967-10-01,13351700
South Korea,KR,KOR,Asia-Pacific,Consumption,IMF IFS via DBnomics,Q.KR.NCP_R_SA_XDC,SA,Source seasonally adjusted,1968-01-01,13622200
South Korea,KR,KOR,Asia-Pacific,Consumption,IMF IFS via DBnomics,Q.KR.NCP_R_SA_XDC,SA,Source seasonally adjusted,1968-04-01,14057500
South Korea,KR,KOR,Asia-Pacific,Consumption,IMF IFS via DBnomics,Q.KR.NCP_R_SA_XDC,SA,Source seasonally adjusted,1968-07-01,14315600
South Korea,KR,KOR,Asia-Pacific,Consumption,IMF IFS via DBnomics,Q.KR.NCP_R_SA_XDC,SA,Source seasonally adjusted,1968-10-01,14638900
South Korea,KR,KOR,Asia-Pacific,Consumption,IMF IFS via DBnomics,Q.KR.NCP_R_SA_XDC,SA,Source seasonally adjusted,1969-01-01,15083900
South Korea,KR,KOR,Asia-Pacific,Consumption,IMF IFS via DBnomics,Q.KR.NCP_R_SA_XDC,SA,Source seasonally adjusted,1969-04-01,15575300
South Korea,KR,KOR,Asia-Pacific,Consumption,IMF IFS via DBnomics,Q.KR.NCP_R_SA_XDC,SA,Source seasonally adjusted,1969-07-01,15929900
South Korea,KR,KOR,Asia-Pacific,Consumption,IMF IFS via DBnomics,Q.KR.NCP_R_SA_XDC,SA,Source seasonally adjusted,1969-10-01,16147300
South Korea,KR,KOR,Asia-Pacific,Consumption,IMF IFS via DBnomics,Q.KR.NCP_R_SA_XDC,SA,Source seasonally adjusted,1970-01-01,16688400
South Korea,KR,KOR,Asia-Pacific,Consumption,IMF IFS via DBnomics,Q.KR.NCP_R_SA_XDC,SA,Source seasonally adjusted,1970-04-01,17279500
South Korea,KR,KOR,Asia-Pacific,Consumption,IMF IFS via DBnomics,Q.KR.NCP_R_SA_XDC,SA,Source seasonally adjusted,1970-07-01,17827900
South Korea,KR,KOR,Asia-Pacific,Consumption,IMF IFS via DBnomics,Q.KR.NCP_R_SA_XDC,SA,Source seasonally adjusted,1970-10-01,17682100
South Korea,KR,KOR,Asia-Pacific,Consumption,IMF IFS via DBnomics,Q.KR.NCP_R_SA_XDC,SA,Source seasonally adjusted,1971-01-01,18410000
South Korea,KR,KOR,Asia-Pacific,Consumption,IMF IFS via DBnomics,Q.KR.NCP_R_SA_XDC,SA,Source seasonally adjusted,1971-04-01,18993600
South Korea,KR,KOR,Asia-Pacific,Consumption,IMF IFS via DBnomics,Q.KR.NCP_R_SA_XDC,SA,Source seasonally adjusted,1971-07-01,19352300
South Korea,KR,KOR,Asia-Pacific,Consumption,IMF IFS via DBnomics,Q.KR.NCP_R_SA_XDC,SA,Source seasonally adjusted,1971-10-01,19484600
South Korea,KR,KOR,Asia-Pacific,Consumption,IMF IFS via DBnomics,Q.KR.NCP_R_SA_XDC,SA,Source seasonally adjusted,1972-01-01,19748300
South Korea,KR,KOR,Asia-Pacific,Consumption,IMF IFS via DBnomics,Q.KR.NCP_R_SA_XDC,SA,Source seasonally adjusted,1972-04-01,19989700
South Korea,KR,KOR,Asia-Pacific,Consumption,IMF IFS via DBnomics,Q.KR.NCP_R_SA_XDC,SA,Source seasonally adjusted,1972-07-01,20193200
South Korea,KR,KOR,Asia-Pacific,Consumption,IMF IFS via DBnomics,Q.KR.NCP_R_SA_XDC,SA,Source seasonally adjusted,1972-10-01,20739700
South Korea,KR,KOR,Asia-Pacific,Consumption,IMF IFS via DBnomics,Q.KR.NCP_R_SA_XDC,SA,Source seasonally adjusted,1973-01-01,21374600
South Korea,KR,KOR,Asia-Pacific,Consumption,IMF IFS via DBnomics,Q.KR.NCP_R_SA_XDC,SA,Source seasonally adjusted,1973-04-01,21802200
South Korea,KR,KOR,Asia-Pacific,Consumption,IMF IFS via DBnomics,Q.KR.NCP_R_SA_XDC,SA,Source seasonally adjusted,1973-07-01,22333200
South Korea,KR,KOR,Asia-Pacific,Consumption,IMF IFS via DBnomics,Q.KR.NCP_R_SA_XDC,SA,Source seasonally adjusted,1973-10-01,22624300
South Korea,KR,KOR,Asia-Pacific,Consumption,IMF IFS via DBnomics,Q.KR.NCP_R_SA_XDC,SA,Source seasonally adjusted,1974-01-01,23332700
South Korea,KR,KOR,Asia-Pacific,Consumption,IMF IFS via DBnomics,Q.KR.NCP_R_SA_XDC,SA,Source seasonally adjusted,1974-04-01,23821700
South Korea,KR,KOR,Asia-Pacific,Consumption,IMF IFS via DBnomics,Q.KR.NCP_R_SA_XDC,SA,Source seasonally adjusted,1974-07-01,24012600
South Korea,KR,KOR,Asia-Pacific,Consumption,IMF IFS via DBnomics,Q.KR.NCP_R_SA_XDC,SA,Source seasonally adjusted,1974-10-01,23811200
South Korea,KR,KOR,Asia-Pacific,Consumption,IMF IFS via DBnomics,Q.KR.NCP_R_SA_XDC,SA,Source seasonally adjusted,1975-01-01,24714000
South Korea,KR,KOR,Asia-Pacific,Consumption,IMF IFS via DBnomics,Q.KR.NCP_R_SA_XDC,SA,Source seasonally adjusted,1975-04-01,25127000
South Korea,KR,KOR,Asia-Pacific,Consumption,IMF IFS via DBnomics,Q.KR.NCP_R_SA_XDC,SA,Source seasonally adjusted,1975-07-01,25465900
South Korea,KR,KOR,Asia-Pacific,Consumption,IMF IFS via DBnomics,Q.KR.NCP_R_SA_XDC,SA,Source seasonally adjusted,1975-10-01,25312500
South Korea,KR,KOR,Asia-Pacific,Consumption,IMF IFS via DBnomics,Q.KR.NCP_R_SA_XDC,SA,Source seasonally adjusted,1976-01-01,26896500
South Korea,KR,KOR,Asia-Pacific,Consumption,IMF IFS via DBnomics,Q.KR.NCP_R_SA_XDC,SA,Source seasonally adjusted,1976-04-01,27016800
South Korea,KR,KOR,Asia-Pacific,Consumption,IMF IFS via DBnomics,Q.KR.NCP_R_SA_XDC,SA,Source seasonally adjusted,1976-07-01,27513900
South Korea,KR,KOR,Asia-Pacific,Consumption,IMF IFS via DBnomics,Q.KR.NCP_R_SA_XDC,SA,Source seasonally adjusted,1976-10-01,27823600
South Korea,KR,KOR,Asia-Pacific,Consumption,IMF IFS via DBnomics,Q.KR.NCP_R_SA_XDC,SA,Source seasonally adjusted,1977-01-01,27779900
South Korea,KR,KOR,Asia-Pacific,Consumption,IMF IFS via DBnomics,Q.KR.NCP_R_SA_XDC,SA,Source seasonally adjusted,1977-04-01,28066600
South Korea,KR,KOR,Asia-Pacific,Consumption,IMF IFS via DBnomics,Q.KR.NCP_R_SA_XDC,SA,Source seasonally adjusted,1977-07-01,28871400
South Korea,KR,KOR,Asia-Pacific,Consumption,IMF IFS via DBnomics,Q.KR.NCP_R_SA_XDC,SA,Source seasonally adjusted,1977-10-01,30738100
South Korea,KR,KOR,Asia-Pacific,Consumption,IMF IFS via DBnomics,Q.KR.NCP_R_SA_XDC,SA,Source seasonally adjusted,1978-01-01,29656100
South Korea,KR,KOR,Asia-Pacific,Consumption,IMF IFS via DBnomics,Q.KR.NCP_R_SA_XDC,SA,Source seasonally adjusted,1978-04-01,30913600
South Korea,KR,KOR,Asia-Pacific,Consumption,IMF IFS via DBnomics,Q.KR.NCP_R_SA_XDC,SA,Source seasonally adjusted,1978-07-01,31195400
South Korea,KR,KOR,Asia-Pacific,Consumption,IMF IFS via DBnomics,Q.KR.NCP_R_SA_XDC,SA,Source seasonally adjusted,1978-10-01,33501400
South Korea,KR,KOR,Asia-Pacific,Consumption,IMF IFS via DBnomics,Q.KR.NCP_R_SA_XDC,SA,Source seasonally adjusted,1979-01-01,33388000
South Korea,KR,KOR,Asia-Pacific,Consumption,IMF IFS via DBnomics,Q.KR.NCP_R_SA_XDC,SA,Source seasonally adjusted,1979-04-01,33571800
South Korea,KR,KOR,Asia-Pacific,Consumption,IMF IFS via DBnomics,Q.KR.NCP_R_SA_XDC,SA,Source seasonally adjusted,1979-07-01,34089800
South Korea,KR,KOR,Asia-Pacific,Consumption,IMF IFS via DBnomics,Q.KR.NCP_R_SA_XDC,SA,Source seasonally adjusted,1979-10-01,35353000
South Korea,KR,KOR,Asia-Pacific,Consumption,IMF IFS via DBnomics,Q.KR.NCP_R_SA_XDC,SA,Source seasonally adjusted,1980-01-01,33739500
South Korea,KR,KOR,Asia-Pacific,Consumption,IMF IFS via DBnomics,Q.KR.NCP_R_SA_XDC,SA,Source seasonally adjusted,1980-04-01,33906500
South Korea,KR,KOR,Asia-Pacific,Consumption,IMF IFS via DBnomics,Q.KR.NCP_R_SA_XDC,SA,Source seasonally adjusted,1980-07-01,34282800
South Korea,KR,KOR,Asia-Pacific,Consumption,IMF IFS via DBnomics,Q.KR.NCP_R_SA_XDC,SA,Source seasonally adjusted,1980-10-01,34425400
South Korea,KR,KOR,Asia-Pacific,Consumption,IMF IFS via DBnomics,Q.KR.NCP_R_SA_XDC,SA,Source seasonally adjusted,1981-01-01,34970900
South Korea,KR,KOR,Asia-Pacific,Consumption,IMF IFS via DBnomics,Q.KR.NCP_R_SA_XDC,SA,Source seasonally adjusted,1981-04-01,35761200
South Korea,KR,KOR,Asia-Pacific,Consumption,IMF IFS via DBnomics,Q.KR.NCP_R_SA_XDC,SA,Source seasonally adjusted,1981-07-01,35943500
South Korea,KR,KOR,Asia-Pacific,Consumption,IMF IFS via DBnomics,Q.KR.NCP_R_SA_XDC,SA,Source seasonally adjusted,1981-10-01,37117300
South Korea,KR,KOR,Asia-Pacific,Consumption,IMF IFS via DBnomics,Q.KR.NCP_R_SA_XDC,SA,Source seasonally adjusted,1982-01-01,37476100
South Korea,KR,KOR,Asia-Pacific,Consumption,IMF IFS via DBnomics,Q.KR.NCP_R_SA_XDC,SA,Source seasonally adjusted,1982-04-01,38418200
South Korea,KR,KOR,Asia-Pacific,Consumption,IMF IFS via DBnomics,Q.KR.NCP_R_SA_XDC,SA,Source seasonally adjusted,1982-07-01,39153800
South Korea,KR,KOR,Asia-Pacific,Consumption,IMF IFS via DBnomics,Q.KR.NCP_R_SA_XDC,SA,Source seasonally adjusted,1982-10-01,39656500
South Korea,KR,KOR,Asia-Pacific,Consumption,IMF IFS via DBnomics,Q.KR.NCP_R_SA_XDC,SA,Source seasonally adjusted,1983-01-01,40887500
South Korea,KR,KOR,Asia-Pacific,Consumption,IMF IFS via DBnomics,Q.KR.NCP_R_SA_XDC,SA,Source seasonally adjusted,1983-04-01,41897700
South Korea,KR,KOR,Asia-Pacific,Consumption,IMF IFS via DBnomics,Q.KR.NCP_R_SA_XDC,SA,Source seasonally adjusted,1983-07-01,42724700
South Korea,KR,KOR,Asia-Pacific,Consumption,IMF IFS via DBnomics,Q.KR.NCP_R_SA_XDC,SA,Source seasonally adjusted,1983-10-01,43573200
South Korea,KR,KOR,Asia-Pacific,Consumption,IMF IFS via DBnomics,Q.KR.NCP_R_SA_XDC,SA,Source seasonally adjusted,1984-01-01,44285400
South Korea,KR,KOR,Asia-Pacific,Consumption,IMF IFS via DBnomics,Q.KR.NCP_R_SA_XDC,SA,Source seasonally adjusted,1984-04-01,45144200
South Korea,KR,KOR,Asia-Pacific,Consumption,IMF IFS via DBnomics,Q.KR.NCP_R_SA_XDC,SA,Source seasonally adjusted,1984-07-01,46254500
South Korea,KR,KOR,Asia-Pacific,Consumption,IMF IFS via DBnomics,Q.KR.NCP_R_SA_XDC,SA,Source seasonally adjusted,1984-10-01,46531000
South Korea,KR,KOR,Asia-Pacific,Consumption,IMF IFS via DBnomics,Q.KR.NCP_R_SA_XDC,SA,Source seasonally adjusted,1985-01-01,47320400
South Korea,KR,KOR,Asia-Pacific,Consumption,IMF IFS via DBnomics,Q.KR.NCP_R_SA_XDC,SA,Source seasonally adjusted,1985-04-01,48461600
South Korea,KR,KOR,Asia-Pacific,Consumption,IMF IFS via DBnomics,Q.KR.NCP_R_SA_XDC,SA,Source seasonally adjusted,1985-07-01,49651100
South Korea,KR,KOR,Asia-Pacific,Consumption,IMF IFS via DBnomics,Q.KR.NCP_R_SA_XDC,SA,Source seasonally adjusted,1985-10-01,50512000
South Korea,KR,KOR,Asia-Pacific,Consumption,IMF IFS via DBnomics,Q.KR.NCP_R_SA_XDC,SA,Source seasonally adjusted,1986-01-01,51613400
South Korea,KR,KOR,Asia-Pacific,Consumption,IMF IFS via DBnomics,Q.KR.NCP_R_SA_XDC,SA,Source seasonally adjusted,1986-04-01,52965600
South Korea,KR,KOR,Asia-Pacific,Consumption,IMF IFS via DBnomics,Q.KR.NCP_R_SA_XDC,SA,Source seasonally adjusted,1986-07-01,54432400
South Korea,KR,KOR,Asia-Pacific,Consumption,IMF IFS via DBnomics,Q.KR.NCP_R_SA_XDC,SA,Source seasonally adjusted,1986-10-01,55660600
South Korea,KR,KOR,Asia-Pacific,Consumption,IMF IFS via DBnomics,Q.KR.NCP_R_SA_XDC,SA,Source seasonally adjusted,1987-01-01,56239200
South Korea,KR,KOR,Asia-Pacific,Consumption,IMF IFS via DBnomics,Q.KR.NCP_R_SA_XDC,SA,Source seasonally adjusted,1987-04-01,57859200
South Korea,KR,KOR,Asia-Pacific,Consumption,IMF IFS via DBnomics,Q.KR.NCP_R_SA_XDC,SA,Source seasonally adjusted,1987-07-01,58754300
South Korea,KR,KOR,Asia-Pacific,Consumption,IMF IFS via DBnomics,Q.KR.NCP_R_SA_XDC,SA,Source seasonally adjusted,1987-10-01,60396000
South Korea,KR,KOR,Asia-Pacific,Consumption,IMF IFS via DBnomics,Q.KR.NCP_R_SA_XDC,SA,Source seasonally adjusted,1988-01-01,61443700
South Korea,KR,KOR,Asia-Pacific,Consumption,IMF IFS via DBnomics,Q.KR.NCP_R_SA_XDC,SA,Source seasonally adjusted,1988-04-01,63029500
South Korea,KR,KOR,Asia-Pacific,Consumption,IMF IFS via DBnomics,Q.KR.NCP_R_SA_XDC,SA,Source seasonally adjusted,1988-07-01,64769500
South Korea,KR,KOR,Asia-Pacific,Consumption,IMF IFS via DBnomics,Q.KR.NCP_R_SA_XDC,SA,Source seasonally adjusted,1988-10-01,66396100
South Korea,KR,KOR,Asia-Pacific,Consumption,IMF IFS via DBnomics,Q.KR.NCP_R_SA_XDC,SA,Source seasonally adjusted,1989-01-01,68331400
South Korea,KR,KOR,Asia-Pacific,Consumption,IMF IFS via DBnomics,Q.KR.NCP_R_SA_XDC,SA,Source seasonally adjusted,1989-04-01,70003300
South Korea,KR,KOR,Asia-Pacific,Consumption,IMF IFS via DBnomics,Q.KR.NCP_R_SA_XDC,SA,Source seasonally adjusted,1989-07-01,71748000
South Korea,KR,KOR,Asia-Pacific,Consumption,IMF IFS via DBnomics,Q.KR.NCP_R_SA_XDC,SA,Source seasonally adjusted,1989-10-01,73661400
South Korea,KR,KOR,Asia-Pacific,Consumption,IMF IFS via DBnomics,Q.KR.NCP_R_SA_XDC,SA,Source seasonally adjusted,1990-01-01,75580400
South Korea,KR,KOR,Asia-Pacific,Consumption,IMF IFS via DBnomics,Q.KR.NCP_R_SA_XDC,SA,Source seasonally adjusted,1990-04-01,77239400
South Korea,KR,KOR,Asia-Pacific,Consumption,IMF IFS via DBnomics,Q.KR.NCP_R_SA_XDC,SA,Source seasonally adjusted,1990-07-01,78875700
South Korea,KR,KOR,Asia-Pacific,Consumption,IMF IFS via DBnomics,Q.KR.NCP_R_SA_XDC,SA,Source seasonally adjusted,1990-10-01,80593100
South Korea,KR,KOR,Asia-Pacific,Consumption,IMF IFS via DBnomics,Q.KR.NCP_R_SA_XDC,SA,Source seasonally adjusted,1991-01-01,81928700
South Korea,KR,KOR,Asia-Pacific,Consumption,IMF IFS via DBnomics,Q.KR.NCP_R_SA_XDC,SA,Source seasonally adjusted,1991-04-01,84012000
South Korea,KR,KOR,Asia-Pacific,Consumption,IMF IFS via DBnomics,Q.KR.NCP_R_SA_XDC,SA,Source seasonally adjusted,1991-07-01,86528000
South Korea,KR,KOR,Asia-Pacific,Consumption,IMF IFS via DBnomics,Q.KR.NCP_R_SA_XDC,SA,Source seasonally adjusted,1991-10-01,88240100
South Korea,KR,KOR,Asia-Pacific,Consumption,IMF IFS via DBnomics,Q.KR.NCP_R_SA_XDC,SA,Source seasonally adjusted,1992-01-01,89143400
South Korea,KR,KOR,Asia-Pacific,Consumption,IMF IFS via DBnomics,Q.KR.NCP_R_SA_XDC,SA,Source seasonally adjusted,1992-04-01,90680500
South Korea,KR,KOR,Asia-Pacific,Consumption,IMF IFS via DBnomics,Q.KR.NCP_R_SA_XDC,SA,Source seasonally adjusted,1992-07-01,91699500
South Korea,KR,KOR,Asia-Pacific,Consumption,IMF IFS via DBnomics,Q.KR.NCP_R_SA_XDC,SA,Source seasonally adjusted,1992-10-01,93647200
South Korea,KR,KOR,Asia-Pacific,Consumption,IMF IFS via DBnomics,Q.KR.NCP_R_SA_XDC,SA,Source seasonally adjusted,1993-01-01,95452900
South Korea,KR,KOR,Asia-Pacific,Consumption,IMF IFS via DBnomics,Q.KR.NCP_R_SA_XDC,SA,Source seasonally adjusted,1993-04-01,96496800
South Korea,KR,KOR,Asia-Pacific,Consumption,IMF IFS via DBnomics,Q.KR.NCP_R_SA_XDC,SA,Source seasonally adjusted,1993-07-01,98420600
South Korea,KR,KOR,Asia-Pacific,Consumption,IMF IFS via DBnomics,Q.KR.NCP_R_SA_XDC,SA,Source seasonally adjusted,1993-10-01,100851000
South Korea,KR,KOR,Asia-Pacific,Consumption,IMF IFS via DBnomics,Q.KR.NCP_R_SA_XDC,SA,Source seasonally adjusted,1994-01-01,103840000
South Korea,KR,KOR,Asia-Pacific,Consumption,IMF IFS via DBnomics,Q.KR.NCP_R_SA_XDC,SA,Source seasonally adjusted,1994-04-01,105562100
South Korea,KR,KOR,Asia-Pacific,Consumption,IMF IFS via DBnomics,Q.KR.NCP_R_SA_XDC,SA,Source seasonally adjusted,1994-07-01,107719600
South Korea,KR,KOR,Asia-Pacific,Consumption,IMF IFS via DBnomics,Q.KR.NCP_R_SA_XDC,SA,Source seasonally adjusted,1994-10-01,111006300
South Korea,KR,KOR,Asia-Pacific,Consumption,IMF IFS via DBnomics,Q.KR.NCP_R_SA_XDC,SA,Source seasonally adjusted,1995-01-01,114975400
South Korea,KR,KOR,Asia-Pacific,Consumption,IMF IFS via DBnomics,Q.KR.NCP_R_SA_XDC,SA,Source seasonally adjusted,1995-04-01,117547200
South Korea,KR,KOR,Asia-Pacific,Consumption,IMF IFS via DBnomics,Q.KR.NCP_R_SA_XDC,SA,Source seasonally adjusted,1995-07-01,119632000
South Korea,KR,KOR,Asia-Pacific,Consumption,IMF IFS via DBnomics,Q.KR.NCP_R_SA_XDC,SA,Source seasonally adjusted,1995-10-01,122509800
South Korea,KR,KOR,Asia-Pacific,Consumption,IMF IFS via DBnomics,Q.KR.NCP_R_SA_XDC,SA,Source seasonally adjusted,1996-01-01,124752300
South Korea,KR,KOR,Asia-Pacific,Consumption,IMF IFS via DBnomics,Q.KR.NCP_R_SA_XDC,SA,Source seasonally adjusted,1996-04-01,127296900
South Korea,KR,KOR,Asia-Pacific,Consumption,IMF IFS via DBnomics,Q.KR.NCP_R_SA_XDC,SA,Source seasonally adjusted,1996-07-01,127813600
South Korea,KR,KOR,Asia-Pacific,Consumption,IMF IFS via DBnomics,Q.KR.NCP_R_SA_XDC,SA,Source seasonally adjusted,1996-10-01,132256900
South Korea,KR,KOR,Asia-Pacific,Consumption,IMF IFS via DBnomics,Q.KR.NCP_R_SA_XDC,SA,Source seasonally adjusted,1997-01-01,131282500
South Korea,KR,KOR,Asia-Pacific,Consumption,IMF IFS via DBnomics,Q.KR.NCP_R_SA_XDC,SA,Source seasonally adjusted,1997-04-01,133964500
South Korea,KR,KOR,Asia-Pacific,Consumption,IMF IFS via DBnomics,Q.KR.NCP_R_SA_XDC,SA,Source seasonally adjusted,1997-07-01,135253900
South Korea,KR,KOR,Asia-Pacific,Consumption,IMF IFS via DBnomics,Q.KR.NCP_R_SA_XDC,SA,Source seasonally adjusted,1997-10-01,133954100
South Korea,KR,KOR,Asia-Pacific,Consumption,IMF IFS via DBnomics,Q.KR.NCP_R_SA_XDC,SA,Source seasonally adjusted,1998-01-01,115427000
South Korea,KR,KOR,Asia-Pacific,Consumption,IMF IFS via DBnomics,Q.KR.NCP_R_SA_XDC,SA,Source seasonally adjusted,1998-04-01,115895400
South Korea,KR,KOR,Asia-Pacific,Consumption,IMF IFS via DBnomics,Q.KR.NCP_R_SA_XDC,SA,Source seasonally adjusted,1998-07-01,118573300
South Korea,KR,KOR,Asia-Pacific,Consumption,IMF IFS via DBnomics,Q.KR.NCP_R_SA_XDC,SA,Source seasonally adjusted,1998-10-01,121369400
South Korea,KR,KOR,Asia-Pacific,Consumption,IMF IFS via DBnomics,Q.KR.NCP_R_SA_XDC,SA,Source seasonally adjusted,1999-01-01,125405900
South Korea,KR,KOR,Asia-Pacific,Consumption,IMF IFS via DBnomics,Q.KR.NCP_R_SA_XDC,SA,Source seasonally adjusted,1999-04-01,129493600
South Korea,KR,KOR,Asia-Pacific,Consumption,IMF IFS via DBnomics,Q.KR.NCP_R_SA_XDC,SA,Source seasonally adjusted,1999-07-01,134580300
South Korea,KR,KOR,Asia-Pacific,Consumption,IMF IFS via DBnomics,Q.KR.NCP_R_SA_XDC,SA,Source seasonally adjusted,1999-10-01,139248700
South Korea,KR,KOR,Asia-Pacific,Consumption,IMF IFS via DBnomics,Q.KR.NCP_R_SA_XDC,SA,Source seasonally adjusted,2000-01-01,141914000
South Korea,KR,KOR,Asia-Pacific,Consumption,IMF IFS via DBnomics,Q.KR.NCP_R_SA_XDC,SA,Source seasonally adjusted,2000-04-01,143873500
South Korea,KR,KOR,Asia-Pacific,Consumption,IMF IFS via DBnomics,Q.KR.NCP_R_SA_XDC,SA,Source seasonally adjusted,2000-07-01,144959300
South Korea,KR,KOR,Asia-Pacific,Consumption,IMF IFS via DBnomics,Q.KR.NCP_R_SA_XDC,SA,Source seasonally adjusted,2000-10-01,145806900
South Korea,KR,KOR,Asia-Pacific,Consumption,IMF IFS via DBnomics,Q.KR.NCP_R_SA_XDC,SA,Source seasonally adjusted,2001-01-01,146358900
South Korea,KR,KOR,Asia-Pacific,Consumption,IMF IFS via DBnomics,Q.KR.NCP_R_SA_XDC,SA,Source seasonally adjusted,2001-04-01,151885400
South Korea,KR,KOR,Asia-Pacific,Consumption,IMF IFS via DBnomics,Q.KR.NCP_R_SA_XDC,SA,Source seasonally adjusted,2001-07-01,154279600
South Korea,KR,KOR,Asia-Pacific,Consumption,IMF IFS via DBnomics,Q.KR.NCP_R_SA_XDC,SA,Source seasonally adjusted,2001-10-01,157648700
South Korea,KR,KOR,Asia-Pacific,Consumption,IMF IFS via DBnomics,Q.KR.NCP_R_SA_XDC,SA,Source seasonally adjusted,2002-01-01,163582300
South Korea,KR,KOR,Asia-Pacific,Consumption,IMF IFS via DBnomics,Q.KR.NCP_R_SA_XDC,SA,Source seasonally adjusted,2002-04-01,166927100
South Korea,KR,KOR,Asia-Pacific,Consumption,IMF IFS via DBnomics,Q.KR.NCP_R_SA_XDC,SA,Source seasonally adjusted,2002-07-01,167733000
South Korea,KR,KOR,Asia-Pacific,Consumption,IMF IFS via DBnomics,Q.KR.NCP_R_SA_XDC,SA,Source seasonally adjusted,2002-10-01,167610300
South Korea,KR,KOR,Asia-Pacific,Consumption,IMF IFS via DBnomics,Q.KR.NCP_R_SA_XDC,SA,Source seasonally adjusted,2003-01-01,166599600
South Korea,KR,KOR,Asia-Pacific,Consumption,IMF IFS via DBnomics,Q.KR.NCP_R_SA_XDC,SA,Source seasonally adjusted,2003-04-01,165663700
South Korea,KR,KOR,Asia-Pacific,Consumption,IMF IFS via DBnomics,Q.KR.NCP_R_SA_XDC,SA,Source seasonally adjusted,2003-07-01,166175300
South Korea,KR,KOR,Asia-Pacific,Consumption,IMF IFS via DBnomics,Q.KR.NCP_R_SA_XDC,SA,Source seasonally adjusted,2003-10-01,166365000
South Korea,KR,KOR,Asia-Pacific,Consumption,IMF IFS via DBnomics,Q.KR.NCP_R_SA_XDC,SA,Source seasonally adjusted,2004-01-01,166182300
South Korea,KR,KOR,Asia-Pacific,Consumption,IMF IFS via DBnomics,Q.KR.NCP_R_SA_XDC,SA,Source seasonally adjusted,2004-04-01,166656200
South Korea,KR,KOR,Asia-Pacific,Consumption,IMF IFS via DBnomics,Q.KR.NCP_R_SA_XDC,SA,Source seasonally adjusted,2004-07-01,166926700
South Korea,KR,KOR,Asia-Pacific,Consumption,IMF IFS via DBnomics,Q.KR.NCP_R_SA_XDC,SA,Source seasonally adjusted,2004-10-01,168717900
South Korea,KR,KOR,Asia-Pacific,Consumption,IMF IFS via DBnomics,Q.KR.NCP_R_SA_XDC,SA,Source seasonally adjusted,2005-01-01,170412200
South Korea,KR,KOR,Asia-Pacific,Consumption,IMF IFS via DBnomics,Q.KR.NCP_R_SA_XDC,SA,Source seasonally adjusted,2005-04-01,174504700
South Korea,KR,KOR,Asia-Pacific,Consumption,IMF IFS via DBnomics,Q.KR.NCP_R_SA_XDC,SA,Source seasonally adjusted,2005-07-01,176622800
South Korea,KR,KOR,Asia-Pacific,Consumption,IMF IFS via DBnomics,Q.KR.NCP_R_SA_XDC,SA,Source seasonally adjusted,2005-10-01,178495700
South Korea,KR,KOR,Asia-Pacific,Consumption,IMF IFS via DBnomics,Q.KR.NCP_R_SA_XDC,SA,Source seasonally adjusted,2006-01-01,180254300
South Korea,KR,KOR,Asia-Pacific,Consumption,IMF IFS via DBnomics,Q.KR.NCP_R_SA_XDC,SA,Source seasonally adjusted,2006-04-01,182600500
South Korea,KR,KOR,Asia-Pacific,Consumption,IMF IFS via DBnomics,Q.KR.NCP_R_SA_XDC,SA,Source seasonally adjusted,2006-07-01,184681300
South Korea,KR,KOR,Asia-Pacific,Consumption,IMF IFS via DBnomics,Q.KR.NCP_R_SA_XDC,SA,Source seasonally adjusted,2006-10-01,187419100
South Korea,KR,KOR,Asia-Pacific,Consumption,IMF IFS via DBnomics,Q.KR.NCP_R_SA_XDC,SA,Source seasonally adjusted,2007-01-01,189788200
South Korea,KR,KOR,Asia-Pacific,Consumption,IMF IFS via DBnomics,Q.KR.NCP_R_SA_XDC,SA,Source seasonally adjusted,2007-04-01,192893600
South Korea,KR,KOR,Asia-Pacific,Consumption,IMF IFS via DBnomics,Q.KR.NCP_R_SA_XDC,SA,Source seasonally adjusted,2007-07-01,195052300
South Korea,KR,KOR,Asia-Pacific,Consumption,IMF IFS via DBnomics,Q.KR.NCP_R_SA_XDC,SA,Source seasonally adjusted,2007-10-01,197050800
South Korea,KR,KOR,Asia-Pacific,Consumption,IMF IFS via DBnomics,Q.KR.NCP_R_SA_XDC,SA,Source seasonally adjusted,2008-01-01,199010800
South Korea,KR,KOR,Asia-Pacific,Consumption,IMF IFS via DBnomics,Q.KR.NCP_R_SA_XDC,SA,Source seasonally adjusted,2008-04-01,198826200
South Korea,KR,KOR,Asia-Pacific,Consumption,IMF IFS via DBnomics,Q.KR.NCP_R_SA_XDC,SA,Source seasonally adjusted,2008-07-01,198782800
South Korea,KR,KOR,Asia-Pacific,Consumption,IMF IFS via DBnomics,Q.KR.NCP_R_SA_XDC,SA,Source seasonally adjusted,2008-10-01,191656200
South Korea,KR,KOR,Asia-Pacific,Consumption,IMF IFS via DBnomics,Q.KR.NCP_R_SA_XDC,SA,Source seasonally adjusted,2009-01-01,190806300
South Korea,KR,KOR,Asia-Pacific,Consumption,IMF IFS via DBnomics,Q.KR.NCP_R_SA_XDC,SA,Source seasonally adjusted,2009-04-01,197485800
South Korea,KR,KOR,Asia-Pacific,Consumption,IMF IFS via DBnomics,Q.KR.NCP_R_SA_XDC,SA,Source seasonally adjusted,2009-07-01,199718900
South Korea,KR,KOR,Asia-Pacific,Consumption,IMF IFS via DBnomics,Q.KR.NCP_R_SA_XDC,SA,Source seasonally adjusted,2009-10-01,201886600
South Korea,KR,KOR,Asia-Pacific,Consumption,IMF IFS via DBnomics,Q.KR.NCP_R_SA_XDC,SA,Source seasonally adjusted,2010-01-01,203577300
South Korea,KR,KOR,Asia-Pacific,Consumption,IMF IFS via DBnomics,Q.KR.NCP_R_SA_XDC,SA,Source seasonally adjusted,2010-04-01,205240800
South Korea,KR,KOR,Asia-Pacific,Consumption,IMF IFS via DBnomics,Q.KR.NCP_R_SA_XDC,SA,Source seasonally adjusted,2010-07-01,207297300
South Korea,KR,KOR,Asia-Pacific,Consumption,IMF IFS via DBnomics,Q.KR.NCP_R_SA_XDC,SA,Source seasonally adjusted,2010-10-01,209125700
South Korea,KR,KOR,Asia-Pacific,Consumption,IMF IFS via DBnomics,Q.KR.NCP_R_SA_XDC,SA,Source seasonally adjusted,2011-01-01,211517500
South Korea,KR,KOR,Asia-Pacific,Consumption,IMF IFS via DBnomics,Q.KR.NCP_R_SA_XDC,SA,Source seasonally adjusted,2011-04-01,213148600
South Korea,KR,KOR,Asia-Pacific,Consumption,IMF IFS via DBnomics,Q.KR.NCP_R_SA_XDC,SA,Source seasonally adjusted,2011-07-01,212830800
South Korea,KR,KOR,Asia-Pacific,Consumption,IMF IFS via DBnomics,Q.KR.NCP_R_SA_XDC,SA,Source seasonally adjusted,2011-10-01,213462300
South Korea,KR,KOR,Asia-Pacific,Consumption,IMF IFS via DBnomics,Q.KR.NCP_R_SA_XDC,SA,Source seasonally adjusted,2012-01-01,214790400
South Korea,KR,KOR,Asia-Pacific,Consumption,IMF IFS via DBnomics,Q.KR.NCP_R_SA_XDC,SA,Source seasonally adjusted,2012-04-01,215500000
South Korea,KR,KOR,Asia-Pacific,Consumption,IMF IFS via DBnomics,Q.KR.NCP_R_SA_XDC,SA,Source seasonally adjusted,2012-07-01,217411900
South Korea,KR,KOR,Asia-Pacific,Consumption,IMF IFS via DBnomics,Q.KR.NCP_R_SA_XDC,SA,Source seasonally adjusted,2012-10-01,218012700
South Korea,KR,KOR,Asia-Pacific,Consumption,IMF IFS via DBnomics,Q.KR.NCP_R_SA_XDC,SA,Source seasonally adjusted,2013-01-01,217567400
South Korea,KR,KOR,Asia-Pacific,Consumption,IMF IFS via DBnomics,Q.KR.NCP_R_SA_XDC,SA,Source seasonally adjusted,2013-04-01,219822200
South Korea,KR,KOR,Asia-Pacific,Consumption,IMF IFS via DBnomics,Q.KR.NCP_R_SA_XDC,SA,Source seasonally adjusted,2013-07-01,221378200
South Korea,KR,KOR,Asia-Pacific,Consumption,IMF IFS via DBnomics,Q.KR.NCP_R_SA_XDC,SA,Source seasonally adjusted,2013-10-01,222780900
South Korea,KR,KOR,Asia-Pacific,Consumption,IMF IFS via DBnomics,Q.KR.NCP_R_SA_XDC,SA,Source seasonally adjusted,2014-01-01,224000000
South Korea,KR,KOR,Asia-Pacific,Consumption,IMF IFS via DBnomics,Q.KR.NCP_R_SA_XDC,SA,Source seasonally adjusted,2014-04-01,224189300
South Korea,KR,KOR,Asia-Pacific,Consumption,IMF IFS via DBnomics,Q.KR.NCP_R_SA_XDC,SA,Source seasonally adjusted,2014-07-01,225291000
South Korea,KR,KOR,Asia-Pacific,Consumption,IMF IFS via DBnomics,Q.KR.NCP_R_SA_XDC,SA,Source seasonally adjusted,2014-10-01,226495400
South Korea,KR,KOR,Asia-Pacific,Consumption,IMF IFS via DBnomics,Q.KR.NCP_R_SA_XDC,SA,Source seasonally adjusted,2015-01-01,228582900
South Korea,KR,KOR,Asia-Pacific,Consumption,IMF IFS via DBnomics,Q.KR.NCP_R_SA_XDC,SA,Source seasonally adjusted,2015-04-01,229301900
South Korea,KR,KOR,Asia-Pacific,Consumption,IMF IFS via DBnomics,Q.KR.NCP_R_SA_XDC,SA,Source seasonally adjusted,2015-07-01,230494900
South Korea,KR,KOR,Asia-Pacific,Consumption,IMF IFS via DBnomics,Q.KR.NCP_R_SA_XDC,SA,Source seasonally adjusted,2015-10-01,234806700
South Korea,KR,KOR,Asia-Pacific,Consumption,IMF IFS via DBnomics,Q.KR.NCP_R_SA_XDC,SA,Source seasonally adjusted,2016-01-01,235162000
South Korea,KR,KOR,Asia-Pacific,Consumption,IMF IFS via DBnomics,Q.KR.NCP_R_SA_XDC,SA,Source seasonally adjusted,2016-04-01,237013200
South Korea,KR,KOR,Asia-Pacific,Consumption,IMF IFS via DBnomics,Q.KR.NCP_R_SA_XDC,SA,Source seasonally adjusted,2016-07-01,238124300
South Korea,KR,KOR,Asia-Pacific,Consumption,IMF IFS via DBnomics,Q.KR.NCP_R_SA_XDC,SA,Source seasonally adjusted,2016-10-01,238592000
South Korea,KR,KOR,Asia-Pacific,Consumption,IMF IFS via DBnomics,Q.KR.NCP_R_SA_XDC,SA,Source seasonally adjusted,2017-01-01,240128600
South Korea,KR,KOR,Asia-Pacific,Consumption,IMF IFS via DBnomics,Q.KR.NCP_R_SA_XDC,SA,Source seasonally adjusted,2017-04-01,243128900
South Korea,KR,KOR,Asia-Pacific,Consumption,IMF IFS via DBnomics,Q.KR.NCP_R_SA_XDC,SA,Source seasonally adjusted,2017-07-01,245684800
South Korea,KR,KOR,Asia-Pacific,Consumption,IMF IFS via DBnomics,Q.KR.NCP_R_SA_XDC,SA,Source seasonally adjusted,2017-10-01,247117200
South Korea,KR,KOR,Asia-Pacific,Consumption,IMF IFS via DBnomics,Q.KR.NCP_R_SA_XDC,SA,Source seasonally adjusted,2018-01-01,250407000
South Korea,KR,KOR,Asia-Pacific,Consumption,IMF IFS via DBnomics,Q.KR.NCP_R_SA_XDC,SA,Source seasonally adjusted,2018-04-01,251091300
South Korea,KR,KOR,Asia-Pacific,Consumption,IMF IFS via DBnomics,Q.KR.NCP_R_SA_XDC,SA,Source seasonally adjusted,2018-07-01,252331300
South Korea,KR,KOR,Asia-Pacific,Consumption,IMF IFS via DBnomics,Q.KR.NCP_R_SA_XDC,SA,Source seasonally adjusted,2018-10-01,254241200
South Korea,KR,KOR,Asia-Pacific,Consumption,IMF IFS via DBnomics,Q.KR.NCP_R_SA_XDC,SA,Source seasonally adjusted,2019-01-01,255848600
South Korea,KR,KOR,Asia-Pacific,Consumption,IMF IFS via DBnomics,Q.KR.NCP_R_SA_XDC,SA,Source seasonally adjusted,2019-04-01,256245100
South Korea,KR,KOR,Asia-Pacific,Consumption,IMF IFS via DBnomics,Q.KR.NCP_R_SA_XDC,SA,Source seasonally adjusted,2019-07-01,258452300
South Korea,KR,KOR,Asia-Pacific,Consumption,IMF IFS via DBnomics,Q.KR.NCP_R_SA_XDC,SA,Source seasonally adjusted,2019-10-01,261440000
South Korea,KR,KOR,Asia-Pacific,Consumption,IMF IFS via DBnomics,Q.KR.NCP_R_SA_XDC,SA,Source seasonally adjusted,2020-01-01,245481700
South Korea,KR,KOR,Asia-Pacific,Consumption,IMF IFS via DBnomics,Q.KR.NCP_R_SA_XDC,SA,Source seasonally adjusted,2020-04-01,245469800
South Korea,KR,KOR,Asia-Pacific,Consumption,IMF IFS via DBnomics,Q.KR.NCP_R_SA_XDC,SA,Source seasonally adjusted,2020-07-01,247542300
South Korea,KR,KOR,Asia-Pacific,Consumption,IMF IFS via DBnomics,Q.KR.NCP_R_SA_XDC,SA,Source seasonally adjusted,2020-10-01,245594200
South Korea,KR,KOR,Asia-Pacific,Consumption,IMF IFS via DBnomics,Q.KR.NCP_R_SA_XDC,SA,Source seasonally adjusted,2021-01-01,247767400
South Korea,KR,KOR,Asia-Pacific,Consumption,IMF IFS via DBnomics,Q.KR.NCP_R_SA_XDC,SA,Source seasonally adjusted,2021-04-01,255130400
South Korea,KR,KOR,Asia-Pacific,Consumption,IMF IFS via DBnomics,Q.KR.NCP_R_SA_XDC,SA,Source seasonally adjusted,2021-07-01,256415100
South Korea,KR,KOR,Asia-Pacific,Consumption,IMF IFS via DBnomics,Q.KR.NCP_R_SA_XDC,SA,Source seasonally adjusted,2021-10-01,261565400
South Korea,KR,KOR,Asia-Pacific,Consumption,IMF IFS via DBnomics,Q.KR.NCP_R_SA_XDC,SA,Source seasonally adjusted,2022-01-01,258467900
South Korea,KR,KOR,Asia-Pacific,Consumption,IMF IFS via DBnomics,Q.KR.NCP_R_SA_XDC,SA,Source seasonally adjusted,2022-04-01,266259200
South Korea,KR,KOR,Asia-Pacific,Consumption,IMF IFS via DBnomics,Q.KR.NCP_R_SA_XDC,SA,Source seasonally adjusted,2022-07-01,269702000
South Korea,KR,KOR,Asia-Pacific,Consumption,IMF IFS via DBnomics,Q.KR.NCP_R_SA_XDC,SA,Source seasonally adjusted,2022-10-01,269499400
South Korea,KR,KOR,Asia-Pacific,Consumption,IMF IFS via DBnomics,Q.KR.NCP_R_SA_XDC,SA,Source seasonally adjusted,2023-01-01,271028400
South Korea,KR,KOR,Asia-Pacific,Consumption,IMF IFS via DBnomics,Q.KR.NCP_R_SA_XDC,SA,Source seasonally adjusted,2023-04-01,271041000
South Korea,KR,KOR,Asia-Pacific,Consumption,IMF IFS via DBnomics,Q.KR.NCP_R_SA_XDC,SA,Source seasonally adjusted,2023-07-01,271265700
South Korea,KR,KOR,Asia-Pacific,Consumption,IMF IFS via DBnomics,Q.KR.NCP_R_SA_XDC,SA,Source seasonally adjusted,2023-10-01,272091500
South Korea,KR,KOR,Asia-Pacific,Consumption,IMF IFS via DBnomics,Q.KR.NCP_R_SA_XDC,SA,Source seasonally adjusted,2024-01-01,273566800
South Korea,KR,KOR,Asia-Pacific,Consumption,IMF IFS via DBnomics,Q.KR.NCP_R_SA_XDC,SA,Source seasonally adjusted,2024-04-01,273551400
South Korea,KR,KOR,Asia-Pacific,Consumption,IMF IFS via DBnomics,Q.KR.NCP_R_SA_XDC,SA,Source seasonally adjusted,2024-07-01,274696000
South Korea,KR,KOR,Asia-Pacific,Consumption,IMF IFS via DBnomics,Q.KR.NCP_R_SA_XDC,SA,Source seasonally adjusted,2024-10-01,275221900
South Korea,KR,KOR,Asia-Pacific,Consumption,IMF IFS via DBnomics,Q.KR.NCP_R_SA_XDC,SA,Source seasonally adjusted,2025-01-01,274826700
South Korea,KR,KOR,Asia-Pacific,Consumption,IMF IFS via DBnomics,Q.KR.NCP_R_SA_XDC,SA,Source seasonally adjusted,2025-04-01,276127600
South Korea,KR,KOR,Asia-Pacific,Investment,IMF IFS via DBnomics,Q.KR.NFI_R_SA_XDC,SA,Source seasonally adjusted,1960-01-01,472900
South Korea,KR,KOR,Asia-Pacific,Investment,IMF IFS via DBnomics,Q.KR.NFI_R_SA_XDC,SA,Source seasonally adjusted,1960-04-01,503700
South Korea,KR,KOR,Asia-Pacific,Investment,IMF IFS via DBnomics,Q.KR.NFI_R_SA_XDC,SA,Source seasonally adjusted,1960-07-01,425700
South Korea,KR,KOR,Asia-Pacific,Investment,IMF IFS via DBnomics,Q.KR.NFI_R_SA_XDC,SA,Source seasonally adjusted,1960-10-01,399900
South Korea,KR,KOR,Asia-Pacific,Investment,IMF IFS via DBnomics,Q.KR.NFI_R_SA_XDC,SA,Source seasonally adjusted,1961-01-01,466300
South Korea,KR,KOR,Asia-Pacific,Investment,IMF IFS via DBnomics,Q.KR.NFI_R_SA_XDC,SA,Source seasonally adjusted,1961-04-01,477200
South Korea,KR,KOR,Asia-Pacific,Investment,IMF IFS via DBnomics,Q.KR.NFI_R_SA_XDC,SA,Source seasonally adjusted,1961-07-01,467500
South Korea,KR,KOR,Asia-Pacific,Investment,IMF IFS via DBnomics,Q.KR.NFI_R_SA_XDC,SA,Source seasonally adjusted,1961-10-01,512400
South Korea,KR,KOR,Asia-Pacific,Investment,IMF IFS via DBnomics,Q.KR.NFI_R_SA_XDC,SA,Source seasonally adjusted,1962-01-01,525900
South Korea,KR,KOR,Asia-Pacific,Investment,IMF IFS via DBnomics,Q.KR.NFI_R_SA_XDC,SA,Source seasonally adjusted,1962-04-01,557900
South Korea,KR,KOR,Asia-Pacific,Investment,IMF IFS via DBnomics,Q.KR.NFI_R_SA_XDC,SA,Source seasonally adjusted,1962-07-01,681600
South Korea,KR,KOR,Asia-Pacific,Investment,IMF IFS via DBnomics,Q.KR.NFI_R_SA_XDC,SA,Source seasonally adjusted,1962-10-01,726400
South Korea,KR,KOR,Asia-Pacific,Investment,IMF IFS via DBnomics,Q.KR.NFI_R_SA_XDC,SA,Source seasonally adjusted,1963-01-01,798600
South Korea,KR,KOR,Asia-Pacific,Investment,IMF IFS via DBnomics,Q.KR.NFI_R_SA_XDC,SA,Source seasonally adjusted,1963-04-01,762000
South Korea,KR,KOR,Asia-Pacific,Investment,IMF IFS via DBnomics,Q.KR.NFI_R_SA_XDC,SA,Source seasonally adjusted,1963-07-01,788400
South Korea,KR,KOR,Asia-Pacific,Investment,IMF IFS via DBnomics,Q.KR.NFI_R_SA_XDC,SA,Source seasonally adjusted,1963-10-01,776700
South Korea,KR,KOR,Asia-Pacific,Investment,IMF IFS via DBnomics,Q.KR.NFI_R_SA_XDC,SA,Source seasonally adjusted,1964-01-01,768100
South Korea,KR,KOR,Asia-Pacific,Investment,IMF IFS via DBnomics,Q.KR.NFI_R_SA_XDC,SA,Source seasonally adjusted,1964-04-01,740600
South Korea,KR,KOR,Asia-Pacific,Investment,IMF IFS via DBnomics,Q.KR.NFI_R_SA_XDC,SA,Source seasonally adjusted,1964-07-01,706900
South Korea,KR,KOR,Asia-Pacific,Investment,IMF IFS via DBnomics,Q.KR.NFI_R_SA_XDC,SA,Source seasonally adjusted,1964-10-01,716000
South Korea,KR,KOR,Asia-Pacific,Investment,IMF IFS via DBnomics,Q.KR.NFI_R_SA_XDC,SA,Source seasonally adjusted,1965-01-01,856100
South Korea,KR,KOR,Asia-Pacific,Investment,IMF IFS via DBnomics,Q.KR.NFI_R_SA_XDC,SA,Source seasonally adjusted,1965-04-01,891000
South Korea,KR,KOR,Asia-Pacific,Investment,IMF IFS via DBnomics,Q.KR.NFI_R_SA_XDC,SA,Source seasonally adjusted,1965-07-01,991400
South Korea,KR,KOR,Asia-Pacific,Investment,IMF IFS via DBnomics,Q.KR.NFI_R_SA_XDC,SA,Source seasonally adjusted,1965-10-01,1039100
South Korea,KR,KOR,Asia-Pacific,Investment,IMF IFS via DBnomics,Q.KR.NFI_R_SA_XDC,SA,Source seasonally adjusted,1966-01-01,1215100
South Korea,KR,KOR,Asia-Pacific,Investment,IMF IFS via DBnomics,Q.KR.NFI_R_SA_XDC,SA,Source seasonally adjusted,1966-04-01,1580300
South Korea,KR,KOR,Asia-Pacific,Investment,IMF IFS via DBnomics,Q.KR.NFI_R_SA_XDC,SA,Source seasonally adjusted,1966-07-01,1536300
South Korea,KR,KOR,Asia-Pacific,Investment,IMF IFS via DBnomics,Q.KR.NFI_R_SA_XDC,SA,Source seasonally adjusted,1966-10-01,1624700
South Korea,KR,KOR,Asia-Pacific,Investment,IMF IFS via DBnomics,Q.KR.NFI_R_SA_XDC,SA,Source seasonally adjusted,1967-01-01,1653500
South Korea,KR,KOR,Asia-Pacific,Investment,IMF IFS via DBnomics,Q.KR.NFI_R_SA_XDC,SA,Source seasonally adjusted,1967-04-01,1782600
South Korea,KR,KOR,Asia-Pacific,Investment,IMF IFS via DBnomics,Q.KR.NFI_R_SA_XDC,SA,Source seasonally adjusted,1967-07-01,1929500
South Korea,KR,KOR,Asia-Pacific,Investment,IMF IFS via DBnomics,Q.KR.NFI_R_SA_XDC,SA,Source seasonally adjusted,1967-10-01,2150400
South Korea,KR,KOR,Asia-Pacific,Investment,IMF IFS via DBnomics,Q.KR.NFI_R_SA_XDC,SA,Source seasonally adjusted,1968-01-01,2144400
South Korea,KR,KOR,Asia-Pacific,Investment,IMF IFS via DBnomics,Q.KR.NFI_R_SA_XDC,SA,Source seasonally adjusted,1968-04-01,2625300
South Korea,KR,KOR,Asia-Pacific,Investment,IMF IFS via DBnomics,Q.KR.NFI_R_SA_XDC,SA,Source seasonally adjusted,1968-07-01,2732300
South Korea,KR,KOR,Asia-Pacific,Investment,IMF IFS via DBnomics,Q.KR.NFI_R_SA_XDC,SA,Source seasonally adjusted,1968-10-01,3022200
South Korea,KR,KOR,Asia-Pacific,Investment,IMF IFS via DBnomics,Q.KR.NFI_R_SA_XDC,SA,Source seasonally adjusted,1969-01-01,2693200
South Korea,KR,KOR,Asia-Pacific,Investment,IMF IFS via DBnomics,Q.KR.NFI_R_SA_XDC,SA,Source seasonally adjusted,1969-04-01,3357200
South Korea,KR,KOR,Asia-Pacific,Investment,IMF IFS via DBnomics,Q.KR.NFI_R_SA_XDC,SA,Source seasonally adjusted,1969-07-01,3745700
South Korea,KR,KOR,Asia-Pacific,Investment,IMF IFS via DBnomics,Q.KR.NFI_R_SA_XDC,SA,Source seasonally adjusted,1969-10-01,3441900
South Korea,KR,KOR,Asia-Pacific,Investment,IMF IFS via DBnomics,Q.KR.NFI_R_SA_XDC,SA,Source seasonally adjusted,1970-01-01,3437400
South Korea,KR,KOR,Asia-Pacific,Investment,IMF IFS via DBnomics,Q.KR.NFI_R_SA_XDC,SA,Source seasonally adjusted,1970-04-01,3520300
South Korea,KR,KOR,Asia-Pacific,Investment,IMF IFS via DBnomics,Q.KR.NFI_R_SA_XDC,SA,Source seasonally adjusted,1970-07-01,3655000
South Korea,KR,KOR,Asia-Pacific,Investment,IMF IFS via DBnomics,Q.KR.NFI_R_SA_XDC,SA,Source seasonally adjusted,1970-10-01,3770000
South Korea,KR,KOR,Asia-Pacific,Investment,IMF IFS via DBnomics,Q.KR.NFI_R_SA_XDC,SA,Source seasonally adjusted,1971-01-01,3823800
South Korea,KR,KOR,Asia-Pacific,Investment,IMF IFS via DBnomics,Q.KR.NFI_R_SA_XDC,SA,Source seasonally adjusted,1971-04-01,4003900
South Korea,KR,KOR,Asia-Pacific,Investment,IMF IFS via DBnomics,Q.KR.NFI_R_SA_XDC,SA,Source seasonally adjusted,1971-07-01,4171100
South Korea,KR,KOR,Asia-Pacific,Investment,IMF IFS via DBnomics,Q.KR.NFI_R_SA_XDC,SA,Source seasonally adjusted,1971-10-01,3293200
South Korea,KR,KOR,Asia-Pacific,Investment,IMF IFS via DBnomics,Q.KR.NFI_R_SA_XDC,SA,Source seasonally adjusted,1972-01-01,3552600
South Korea,KR,KOR,Asia-Pacific,Investment,IMF IFS via DBnomics,Q.KR.NFI_R_SA_XDC,SA,Source seasonally adjusted,1972-04-01,3408000
South Korea,KR,KOR,Asia-Pacific,Investment,IMF IFS via DBnomics,Q.KR.NFI_R_SA_XDC,SA,Source seasonally adjusted,1972-07-01,3887900
South Korea,KR,KOR,Asia-Pacific,Investment,IMF IFS via DBnomics,Q.KR.NFI_R_SA_XDC,SA,Source seasonally adjusted,1972-10-01,4847900
South Korea,KR,KOR,Asia-Pacific,Investment,IMF IFS via DBnomics,Q.KR.NFI_R_SA_XDC,SA,Source seasonally adjusted,1973-01-01,4157900
South Korea,KR,KOR,Asia-Pacific,Investment,IMF IFS via DBnomics,Q.KR.NFI_R_SA_XDC,SA,Source seasonally adjusted,1973-04-01,4885000
South Korea,KR,KOR,Asia-Pacific,Investment,IMF IFS via DBnomics,Q.KR.NFI_R_SA_XDC,SA,Source seasonally adjusted,1973-07-01,5456000
South Korea,KR,KOR,Asia-Pacific,Investment,IMF IFS via DBnomics,Q.KR.NFI_R_SA_XDC,SA,Source seasonally adjusted,1973-10-01,5307200
South Korea,KR,KOR,Asia-Pacific,Investment,IMF IFS via DBnomics,Q.KR.NFI_R_SA_XDC,SA,Source seasonally adjusted,1974-01-01,5129700
South Korea,KR,KOR,Asia-Pacific,Investment,IMF IFS via DBnomics,Q.KR.NFI_R_SA_XDC,SA,Source seasonally adjusted,1974-04-01,5434100
South Korea,KR,KOR,Asia-Pacific,Investment,IMF IFS via DBnomics,Q.KR.NFI_R_SA_XDC,SA,Source seasonally adjusted,1974-07-01,5864000
South Korea,KR,KOR,Asia-Pacific,Investment,IMF IFS via DBnomics,Q.KR.NFI_R_SA_XDC,SA,Source seasonally adjusted,1974-10-01,6245900
South Korea,KR,KOR,Asia-Pacific,Investment,IMF IFS via DBnomics,Q.KR.NFI_R_SA_XDC,SA,Source seasonally adjusted,1975-01-01,6779600
South Korea,KR,KOR,Asia-Pacific,Investment,IMF IFS via DBnomics,Q.KR.NFI_R_SA_XDC,SA,Source seasonally adjusted,1975-04-01,6352000
South Korea,KR,KOR,Asia-Pacific,Investment,IMF IFS via DBnomics,Q.KR.NFI_R_SA_XDC,SA,Source seasonally adjusted,1975-07-01,5112900
South Korea,KR,KOR,Asia-Pacific,Investment,IMF IFS via DBnomics,Q.KR.NFI_R_SA_XDC,SA,Source seasonally adjusted,1975-10-01,6785000
South Korea,KR,KOR,Asia-Pacific,Investment,IMF IFS via DBnomics,Q.KR.NFI_R_SA_XDC,SA,Source seasonally adjusted,1976-01-01,6909000
South Korea,KR,KOR,Asia-Pacific,Investment,IMF IFS via DBnomics,Q.KR.NFI_R_SA_XDC,SA,Source seasonally adjusted,1976-04-01,8058900
South Korea,KR,KOR,Asia-Pacific,Investment,IMF IFS via DBnomics,Q.KR.NFI_R_SA_XDC,SA,Source seasonally adjusted,1976-07-01,8255400
South Korea,KR,KOR,Asia-Pacific,Investment,IMF IFS via DBnomics,Q.KR.NFI_R_SA_XDC,SA,Source seasonally adjusted,1976-10-01,8753000
South Korea,KR,KOR,Asia-Pacific,Investment,IMF IFS via DBnomics,Q.KR.NFI_R_SA_XDC,SA,Source seasonally adjusted,1977-01-01,8389700
South Korea,KR,KOR,Asia-Pacific,Investment,IMF IFS via DBnomics,Q.KR.NFI_R_SA_XDC,SA,Source seasonally adjusted,1977-04-01,10777300
South Korea,KR,KOR,Asia-Pacific,Investment,IMF IFS via DBnomics,Q.KR.NFI_R_SA_XDC,SA,Source seasonally adjusted,1977-07-01,10432200
South Korea,KR,KOR,Asia-Pacific,Investment,IMF IFS via DBnomics,Q.KR.NFI_R_SA_XDC,SA,Source seasonally adjusted,1977-10-01,12840000
South Korea,KR,KOR,Asia-Pacific,Investment,IMF IFS via DBnomics,Q.KR.NFI_R_SA_XDC,SA,Source seasonally adjusted,1978-01-01,12426600
South Korea,KR,KOR,Asia-Pacific,Investment,IMF IFS via DBnomics,Q.KR.NFI_R_SA_XDC,SA,Source seasonally adjusted,1978-04-01,13970300
South Korea,KR,KOR,Asia-Pacific,Investment,IMF IFS via DBnomics,Q.KR.NFI_R_SA_XDC,SA,Source seasonally adjusted,1978-07-01,15032000
South Korea,KR,KOR,Asia-Pacific,Investment,IMF IFS via DBnomics,Q.KR.NFI_R_SA_XDC,SA,Source seasonally adjusted,1978-10-01,16056100
South Korea,KR,KOR,Asia-Pacific,Investment,IMF IFS via DBnomics,Q.KR.NFI_R_SA_XDC,SA,Source seasonally adjusted,1979-01-01,15110100
South Korea,KR,KOR,Asia-Pacific,Investment,IMF IFS via DBnomics,Q.KR.NFI_R_SA_XDC,SA,Source seasonally adjusted,1979-04-01,16956600
South Korea,KR,KOR,Asia-Pacific,Investment,IMF IFS via DBnomics,Q.KR.NFI_R_SA_XDC,SA,Source seasonally adjusted,1979-07-01,15749100
South Korea,KR,KOR,Asia-Pacific,Investment,IMF IFS via DBnomics,Q.KR.NFI_R_SA_XDC,SA,Source seasonally adjusted,1979-10-01,15241500
South Korea,KR,KOR,Asia-Pacific,Investment,IMF IFS via DBnomics,Q.KR.NFI_R_SA_XDC,SA,Source seasonally adjusted,1980-01-01,14961100
South Korea,KR,KOR,Asia-Pacific,Investment,IMF IFS via DBnomics,Q.KR.NFI_R_SA_XDC,SA,Source seasonally adjusted,1980-04-01,13787100
South Korea,KR,KOR,Asia-Pacific,Investment,IMF IFS via DBnomics,Q.KR.NFI_R_SA_XDC,SA,Source seasonally adjusted,1980-07-01,13801900
South Korea,KR,KOR,Asia-Pacific,Investment,IMF IFS via DBnomics,Q.KR.NFI_R_SA_XDC,SA,Source seasonally adjusted,1980-10-01,13484000
South Korea,KR,KOR,Asia-Pacific,Investment,IMF IFS via DBnomics,Q.KR.NFI_R_SA_XDC,SA,Source seasonally adjusted,1981-01-01,14171600
South Korea,KR,KOR,Asia-Pacific,Investment,IMF IFS via DBnomics,Q.KR.NFI_R_SA_XDC,SA,Source seasonally adjusted,1981-04-01,13460400
South Korea,KR,KOR,Asia-Pacific,Investment,IMF IFS via DBnomics,Q.KR.NFI_R_SA_XDC,SA,Source seasonally adjusted,1981-07-01,13040300
South Korea,KR,KOR,Asia-Pacific,Investment,IMF IFS via DBnomics,Q.KR.NFI_R_SA_XDC,SA,Source seasonally adjusted,1981-10-01,14209000
South Korea,KR,KOR,Asia-Pacific,Investment,IMF IFS via DBnomics,Q.KR.NFI_R_SA_XDC,SA,Source seasonally adjusted,1982-01-01,14676400
South Korea,KR,KOR,Asia-Pacific,Investment,IMF IFS via DBnomics,Q.KR.NFI_R_SA_XDC,SA,Source seasonally adjusted,1982-04-01,14657100
South Korea,KR,KOR,Asia-Pacific,Investment,IMF IFS via DBnomics,Q.KR.NFI_R_SA_XDC,SA,Source seasonally adjusted,1982-07-01,15740600
South Korea,KR,KOR,Asia-Pacific,Investment,IMF IFS via DBnomics,Q.KR.NFI_R_SA_XDC,SA,Source seasonally adjusted,1982-10-01,16228800
South Korea,KR,KOR,Asia-Pacific,Investment,IMF IFS via DBnomics,Q.KR.NFI_R_SA_XDC,SA,Source seasonally adjusted,1983-01-01,16651600
South Korea,KR,KOR,Asia-Pacific,Investment,IMF IFS via DBnomics,Q.KR.NFI_R_SA_XDC,SA,Source seasonally adjusted,1983-04-01,17813800
South Korea,KR,KOR,Asia-Pacific,Investment,IMF IFS via DBnomics,Q.KR.NFI_R_SA_XDC,SA,Source seasonally adjusted,1983-07-01,18093400
South Korea,KR,KOR,Asia-Pacific,Investment,IMF IFS via DBnomics,Q.KR.NFI_R_SA_XDC,SA,Source seasonally adjusted,1983-10-01,18640500
South Korea,KR,KOR,Asia-Pacific,Investment,IMF IFS via DBnomics,Q.KR.NFI_R_SA_XDC,SA,Source seasonally adjusted,1984-01-01,18912500
South Korea,KR,KOR,Asia-Pacific,Investment,IMF IFS via DBnomics,Q.KR.NFI_R_SA_XDC,SA,Source seasonally adjusted,1984-04-01,20596200
South Korea,KR,KOR,Asia-Pacific,Investment,IMF IFS via DBnomics,Q.KR.NFI_R_SA_XDC,SA,Source seasonally adjusted,1984-07-01,20074700
South Korea,KR,KOR,Asia-Pacific,Investment,IMF IFS via DBnomics,Q.KR.NFI_R_SA_XDC,SA,Source seasonally adjusted,1984-10-01,19991600
South Korea,KR,KOR,Asia-Pacific,Investment,IMF IFS via DBnomics,Q.KR.NFI_R_SA_XDC,SA,Source seasonally adjusted,1985-01-01,20982500
South Korea,KR,KOR,Asia-Pacific,Investment,IMF IFS via DBnomics,Q.KR.NFI_R_SA_XDC,SA,Source seasonally adjusted,1985-04-01,20063300
South Korea,KR,KOR,Asia-Pacific,Investment,IMF IFS via DBnomics,Q.KR.NFI_R_SA_XDC,SA,Source seasonally adjusted,1985-07-01,21396700
South Korea,KR,KOR,Asia-Pacific,Investment,IMF IFS via DBnomics,Q.KR.NFI_R_SA_XDC,SA,Source seasonally adjusted,1985-10-01,22232100
South Korea,KR,KOR,Asia-Pacific,Investment,IMF IFS via DBnomics,Q.KR.NFI_R_SA_XDC,SA,Source seasonally adjusted,1986-01-01,23136900
South Korea,KR,KOR,Asia-Pacific,Investment,IMF IFS via DBnomics,Q.KR.NFI_R_SA_XDC,SA,Source seasonally adjusted,1986-04-01,24322200
South Korea,KR,KOR,Asia-Pacific,Investment,IMF IFS via DBnomics,Q.KR.NFI_R_SA_XDC,SA,Source seasonally adjusted,1986-07-01,24555600
South Korea,KR,KOR,Asia-Pacific,Investment,IMF IFS via DBnomics,Q.KR.NFI_R_SA_XDC,SA,Source seasonally adjusted,1986-10-01,25061200
South Korea,KR,KOR,Asia-Pacific,Investment,IMF IFS via DBnomics,Q.KR.NFI_R_SA_XDC,SA,Source seasonally adjusted,1987-01-01,26589300
South Korea,KR,KOR,Asia-Pacific,Investment,IMF IFS via DBnomics,Q.KR.NFI_R_SA_XDC,SA,Source seasonally adjusted,1987-04-01,28246600
South Korea,KR,KOR,Asia-Pacific,Investment,IMF IFS via DBnomics,Q.KR.NFI_R_SA_XDC,SA,Source seasonally adjusted,1987-07-01,29553700
South Korea,KR,KOR,Asia-Pacific,Investment,IMF IFS via DBnomics,Q.KR.NFI_R_SA_XDC,SA,Source seasonally adjusted,1987-10-01,30771100
South Korea,KR,KOR,Asia-Pacific,Investment,IMF IFS via DBnomics,Q.KR.NFI_R_SA_XDC,SA,Source seasonally adjusted,1988-01-01,31252700
South Korea,KR,KOR,Asia-Pacific,Investment,IMF IFS via DBnomics,Q.KR.NFI_R_SA_XDC,SA,Source seasonally adjusted,1988-04-01,31618400
South Korea,KR,KOR,Asia-Pacific,Investment,IMF IFS via DBnomics,Q.KR.NFI_R_SA_XDC,SA,Source seasonally adjusted,1988-07-01,34017700
South Korea,KR,KOR,Asia-Pacific,Investment,IMF IFS via DBnomics,Q.KR.NFI_R_SA_XDC,SA,Source seasonally adjusted,1988-10-01,34612300
South Korea,KR,KOR,Asia-Pacific,Investment,IMF IFS via DBnomics,Q.KR.NFI_R_SA_XDC,SA,Source seasonally adjusted,1989-01-01,34717000
South Korea,KR,KOR,Asia-Pacific,Investment,IMF IFS via DBnomics,Q.KR.NFI_R_SA_XDC,SA,Source seasonally adjusted,1989-04-01,36637800
South Korea,KR,KOR,Asia-Pacific,Investment,IMF IFS via DBnomics,Q.KR.NFI_R_SA_XDC,SA,Source seasonally adjusted,1989-07-01,39829200
South Korea,KR,KOR,Asia-Pacific,Investment,IMF IFS via DBnomics,Q.KR.NFI_R_SA_XDC,SA,Source seasonally adjusted,1989-10-01,41711100
South Korea,KR,KOR,Asia-Pacific,Investment,IMF IFS via DBnomics,Q.KR.NFI_R_SA_XDC,SA,Source seasonally adjusted,1990-01-01,44611300
South Korea,KR,KOR,Asia-Pacific,Investment,IMF IFS via DBnomics,Q.KR.NFI_R_SA_XDC,SA,Source seasonally adjusted,1990-04-01,46103600
South Korea,KR,KOR,Asia-Pacific,Investment,IMF IFS via DBnomics,Q.KR.NFI_R_SA_XDC,SA,Source seasonally adjusted,1990-07-01,49498700
South Korea,KR,KOR,Asia-Pacific,Investment,IMF IFS via DBnomics,Q.KR.NFI_R_SA_XDC,SA,Source seasonally adjusted,1990-10-01,50299300
South Korea,KR,KOR,Asia-Pacific,Investment,IMF IFS via DBnomics,Q.KR.NFI_R_SA_XDC,SA,Source seasonally adjusted,1991-01-01,52226600
South Korea,KR,KOR,Asia-Pacific,Investment,IMF IFS via DBnomics,Q.KR.NFI_R_SA_XDC,SA,Source seasonally adjusted,1991-04-01,54504700
South Korea,KR,KOR,Asia-Pacific,Investment,IMF IFS via DBnomics,Q.KR.NFI_R_SA_XDC,SA,Source seasonally adjusted,1991-07-01,54385400
South Korea,KR,KOR,Asia-Pacific,Investment,IMF IFS via DBnomics,Q.KR.NFI_R_SA_XDC,SA,Source seasonally adjusted,1991-10-01,56960200
South Korea,KR,KOR,Asia-Pacific,Investment,IMF IFS via DBnomics,Q.KR.NFI_R_SA_XDC,SA,Source seasonally adjusted,1992-01-01,58372400
South Korea,KR,KOR,Asia-Pacific,Investment,IMF IFS via DBnomics,Q.KR.NFI_R_SA_XDC,SA,Source seasonally adjusted,1992-04-01,56108800
South Korea,KR,KOR,Asia-Pacific,Investment,IMF IFS via DBnomics,Q.KR.NFI_R_SA_XDC,SA,Source seasonally adjusted,1992-07-01,53886600
South Korea,KR,KOR,Asia-Pacific,Investment,IMF IFS via DBnomics,Q.KR.NFI_R_SA_XDC,SA,Source seasonally adjusted,1992-10-01,54980300
South Korea,KR,KOR,Asia-Pacific,Investment,IMF IFS via DBnomics,Q.KR.NFI_R_SA_XDC,SA,Source seasonally adjusted,1993-01-01,57565600
South Korea,KR,KOR,Asia-Pacific,Investment,IMF IFS via DBnomics,Q.KR.NFI_R_SA_XDC,SA,Source seasonally adjusted,1993-04-01,60186800
South Korea,KR,KOR,Asia-Pacific,Investment,IMF IFS via DBnomics,Q.KR.NFI_R_SA_XDC,SA,Source seasonally adjusted,1993-07-01,61026700
South Korea,KR,KOR,Asia-Pacific,Investment,IMF IFS via DBnomics,Q.KR.NFI_R_SA_XDC,SA,Source seasonally adjusted,1993-10-01,62576600
South Korea,KR,KOR,Asia-Pacific,Investment,IMF IFS via DBnomics,Q.KR.NFI_R_SA_XDC,SA,Source seasonally adjusted,1994-01-01,66022500
South Korea,KR,KOR,Asia-Pacific,Investment,IMF IFS via DBnomics,Q.KR.NFI_R_SA_XDC,SA,Source seasonally adjusted,1994-04-01,67069300
South Korea,KR,KOR,Asia-Pacific,Investment,IMF IFS via DBnomics,Q.KR.NFI_R_SA_XDC,SA,Source seasonally adjusted,1994-07-01,69014600
South Korea,KR,KOR,Asia-Pacific,Investment,IMF IFS via DBnomics,Q.KR.NFI_R_SA_XDC,SA,Source seasonally adjusted,1994-10-01,73909200
South Korea,KR,KOR,Asia-Pacific,Investment,IMF IFS via DBnomics,Q.KR.NFI_R_SA_XDC,SA,Source seasonally adjusted,1995-01-01,76189900
South Korea,KR,KOR,Asia-Pacific,Investment,IMF IFS via DBnomics,Q.KR.NFI_R_SA_XDC,SA,Source seasonally adjusted,1995-04-01,77110400
South Korea,KR,KOR,Asia-Pacific,Investment,IMF IFS via DBnomics,Q.KR.NFI_R_SA_XDC,SA,Source seasonally adjusted,1995-07-01,79484900
South Korea,KR,KOR,Asia-Pacific,Investment,IMF IFS via DBnomics,Q.KR.NFI_R_SA_XDC,SA,Source seasonally adjusted,1995-10-01,79182500
South Korea,KR,KOR,Asia-Pacific,Investment,IMF IFS via DBnomics,Q.KR.NFI_R_SA_XDC,SA,Source seasonally adjusted,1996-01-01,82720000
South Korea,KR,KOR,Asia-Pacific,Investment,IMF IFS via DBnomics,Q.KR.NFI_R_SA_XDC,SA,Source seasonally adjusted,1996-04-01,81850200
South Korea,KR,KOR,Asia-Pacific,Investment,IMF IFS via DBnomics,Q.KR.NFI_R_SA_XDC,SA,Source seasonally adjusted,1996-07-01,87354000
South Korea,KR,KOR,Asia-Pacific,Investment,IMF IFS via DBnomics,Q.KR.NFI_R_SA_XDC,SA,Source seasonally adjusted,1996-10-01,87052700
South Korea,KR,KOR,Asia-Pacific,Investment,IMF IFS via DBnomics,Q.KR.NFI_R_SA_XDC,SA,Source seasonally adjusted,1997-01-01,84253100
South Korea,KR,KOR,Asia-Pacific,Investment,IMF IFS via DBnomics,Q.KR.NFI_R_SA_XDC,SA,Source seasonally adjusted,1997-04-01,85804900
South Korea,KR,KOR,Asia-Pacific,Investment,IMF IFS via DBnomics,Q.KR.NFI_R_SA_XDC,SA,Source seasonally adjusted,1997-07-01,85522500
South Korea,KR,KOR,Asia-Pacific,Investment,IMF IFS via DBnomics,Q.KR.NFI_R_SA_XDC,SA,Source seasonally adjusted,1997-10-01,81630700
South Korea,KR,KOR,Asia-Pacific,Investment,IMF IFS via DBnomics,Q.KR.NFI_R_SA_XDC,SA,Source seasonally adjusted,1998-01-01,69888800
South Korea,KR,KOR,Asia-Pacific,Investment,IMF IFS via DBnomics,Q.KR.NFI_R_SA_XDC,SA,Source seasonally adjusted,1998-04-01,65627000
South Korea,KR,KOR,Asia-Pacific,Investment,IMF IFS via DBnomics,Q.KR.NFI_R_SA_XDC,SA,Source seasonally adjusted,1998-07-01,65517800
South Korea,KR,KOR,Asia-Pacific,Investment,IMF IFS via DBnomics,Q.KR.NFI_R_SA_XDC,SA,Source seasonally adjusted,1998-10-01,66357900
South Korea,KR,KOR,Asia-Pacific,Investment,IMF IFS via DBnomics,Q.KR.NFI_R_SA_XDC,SA,Source seasonally adjusted,1999-01-01,69009700
South Korea,KR,KOR,Asia-Pacific,Investment,IMF IFS via DBnomics,Q.KR.NFI_R_SA_XDC,SA,Source seasonally adjusted,1999-04-01,72649800
South Korea,KR,KOR,Asia-Pacific,Investment,IMF IFS via DBnomics,Q.KR.NFI_R_SA_XDC,SA,Source seasonally adjusted,1999-07-01,74511400
South Korea,KR,KOR,Asia-Pacific,Investment,IMF IFS via DBnomics,Q.KR.NFI_R_SA_XDC,SA,Source seasonally adjusted,1999-10-01,77864000
South Korea,KR,KOR,Asia-Pacific,Investment,IMF IFS via DBnomics,Q.KR.NFI_R_SA_XDC,SA,Source seasonally adjusted,2000-01-01,82992200
South Korea,KR,KOR,Asia-Pacific,Investment,IMF IFS via DBnomics,Q.KR.NFI_R_SA_XDC,SA,Source seasonally adjusted,2000-04-01,85070700
South Korea,KR,KOR,Asia-Pacific,Investment,IMF IFS via DBnomics,Q.KR.NFI_R_SA_XDC,SA,Source seasonally adjusted,2000-07-01,86371800
South Korea,KR,KOR,Asia-Pacific,Investment,IMF IFS via DBnomics,Q.KR.NFI_R_SA_XDC,SA,Source seasonally adjusted,2000-10-01,82986500
South Korea,KR,KOR,Asia-Pacific,Investment,IMF IFS via DBnomics,Q.KR.NFI_R_SA_XDC,SA,Source seasonally adjusted,2001-01-01,84685900
South Korea,KR,KOR,Asia-Pacific,Investment,IMF IFS via DBnomics,Q.KR.NFI_R_SA_XDC,SA,Source seasonally adjusted,2001-04-01,84899000
South Korea,KR,KOR,Asia-Pacific,Investment,IMF IFS via DBnomics,Q.KR.NFI_R_SA_XDC,SA,Source seasonally adjusted,2001-07-01,88170600
South Korea,KR,KOR,Asia-Pacific,Investment,IMF IFS via DBnomics,Q.KR.NFI_R_SA_XDC,SA,Source seasonally adjusted,2001-10-01,88059600
South Korea,KR,KOR,Asia-Pacific,Investment,IMF IFS via DBnomics,Q.KR.NFI_R_SA_XDC,SA,Source seasonally adjusted,2002-01-01,91044900
South Korea,KR,KOR,Asia-Pacific,Investment,IMF IFS via DBnomics,Q.KR.NFI_R_SA_XDC,SA,Source seasonally adjusted,2002-04-01,92265300
South Korea,KR,KOR,Asia-Pacific,Investment,IMF IFS via DBnomics,Q.KR.NFI_R_SA_XDC,SA,Source seasonally adjusted,2002-07-01,93191900
South Korea,KR,KOR,Asia-Pacific,Investment,IMF IFS via DBnomics,Q.KR.NFI_R_SA_XDC,SA,Source seasonally adjusted,2002-10-01,96557900
South Korea,KR,KOR,Asia-Pacific,Investment,IMF IFS via DBnomics,Q.KR.NFI_R_SA_XDC,SA,Source seasonally adjusted,2003-01-01,97731700
South Korea,KR,KOR,Asia-Pacific,Investment,IMF IFS via DBnomics,Q.KR.NFI_R_SA_XDC,SA,Source seasonally adjusted,2003-04-01,97271300
South Korea,KR,KOR,Asia-Pacific,Investment,IMF IFS via DBnomics,Q.KR.NFI_R_SA_XDC,SA,Source seasonally adjusted,2003-07-01,97824900
South Korea,KR,KOR,Asia-Pacific,Investment,IMF IFS via DBnomics,Q.KR.NFI_R_SA_XDC,SA,Source seasonally adjusted,2003-10-01,101267500
South Korea,KR,KOR,Asia-Pacific,Investment,IMF IFS via DBnomics,Q.KR.NFI_R_SA_XDC,SA,Source seasonally adjusted,2004-01-01,101417600
South Korea,KR,KOR,Asia-Pacific,Investment,IMF IFS via DBnomics,Q.KR.NFI_R_SA_XDC,SA,Source seasonally adjusted,2004-04-01,102634800
South Korea,KR,KOR,Asia-Pacific,Investment,IMF IFS via DBnomics,Q.KR.NFI_R_SA_XDC,SA,Source seasonally adjusted,2004-07-01,101718500
South Korea,KR,KOR,Asia-Pacific,Investment,IMF IFS via DBnomics,Q.KR.NFI_R_SA_XDC,SA,Source seasonally adjusted,2004-10-01,101504100
South Korea,KR,KOR,Asia-Pacific,Investment,IMF IFS via DBnomics,Q.KR.NFI_R_SA_XDC,SA,Source seasonally adjusted,2005-01-01,101935700
South Korea,KR,KOR,Asia-Pacific,Investment,IMF IFS via DBnomics,Q.KR.NFI_R_SA_XDC,SA,Source seasonally adjusted,2005-04-01,104126900
South Korea,KR,KOR,Asia-Pacific,Investment,IMF IFS via DBnomics,Q.KR.NFI_R_SA_XDC,SA,Source seasonally adjusted,2005-07-01,104117600
South Korea,KR,KOR,Asia-Pacific,Investment,IMF IFS via DBnomics,Q.KR.NFI_R_SA_XDC,SA,Source seasonally adjusted,2005-10-01,104731100
South Korea,KR,KOR,Asia-Pacific,Investment,IMF IFS via DBnomics,Q.KR.NFI_R_SA_XDC,SA,Source seasonally adjusted,2006-01-01,104763800
South Korea,KR,KOR,Asia-Pacific,Investment,IMF IFS via DBnomics,Q.KR.NFI_R_SA_XDC,SA,Source seasonally adjusted,2006-04-01,106553300
South Korea,KR,KOR,Asia-Pacific,Investment,IMF IFS via DBnomics,Q.KR.NFI_R_SA_XDC,SA,Source seasonally adjusted,2006-07-01,109042000
South Korea,KR,KOR,Asia-Pacific,Investment,IMF IFS via DBnomics,Q.KR.NFI_R_SA_XDC,SA,Source seasonally adjusted,2006-10-01,111601600
South Korea,KR,KOR,Asia-Pacific,Investment,IMF IFS via DBnomics,Q.KR.NFI_R_SA_XDC,SA,Source seasonally adjusted,2007-01-01,112101000
South Korea,KR,KOR,Asia-Pacific,Investment,IMF IFS via DBnomics,Q.KR.NFI_R_SA_XDC,SA,Source seasonally adjusted,2007-04-01,112311700
South Korea,KR,KOR,Asia-Pacific,Investment,IMF IFS via DBnomics,Q.KR.NFI_R_SA_XDC,SA,Source seasonally adjusted,2007-07-01,111121400
South Korea,KR,KOR,Asia-Pacific,Investment,IMF IFS via DBnomics,Q.KR.NFI_R_SA_XDC,SA,Source seasonally adjusted,2007-10-01,117981200
South Korea,KR,KOR,Asia-Pacific,Investment,IMF IFS via DBnomics,Q.KR.NFI_R_SA_XDC,SA,Source seasonally adjusted,2008-01-01,114587400
South Korea,KR,KOR,Asia-Pacific,Investment,IMF IFS via DBnomics,Q.KR.NFI_R_SA_XDC,SA,Source seasonally adjusted,2008-04-01,113051000
South Korea,KR,KOR,Asia-Pacific,Investment,IMF IFS via DBnomics,Q.KR.NFI_R_SA_XDC,SA,Source seasonally adjusted,2008-07-01,113960400
South Korea,KR,KOR,Asia-Pacific,Investment,IMF IFS via DBnomics,Q.KR.NFI_R_SA_XDC,SA,Source seasonally adjusted,2008-10-01,109763000
South Korea,KR,KOR,Asia-Pacific,Investment,IMF IFS via DBnomics,Q.KR.NFI_R_SA_XDC,SA,Source seasonally adjusted,2009-01-01,109953600
South Korea,KR,KOR,Asia-Pacific,Investment,IMF IFS via DBnomics,Q.KR.NFI_R_SA_XDC,SA,Source seasonally adjusted,2009-04-01,112056200
South Korea,KR,KOR,Asia-Pacific,Investment,IMF IFS via DBnomics,Q.KR.NFI_R_SA_XDC,SA,Source seasonally adjusted,2009-07-01,115266700
South Korea,KR,KOR,Asia-Pacific,Investment,IMF IFS via DBnomics,Q.KR.NFI_R_SA_XDC,SA,Source seasonally adjusted,2009-10-01,117937900
South Korea,KR,KOR,Asia-Pacific,Investment,IMF IFS via DBnomics,Q.KR.NFI_R_SA_XDC,SA,Source seasonally adjusted,2010-01-01,121793500
South Korea,KR,KOR,Asia-Pacific,Investment,IMF IFS via DBnomics,Q.KR.NFI_R_SA_XDC,SA,Source seasonally adjusted,2010-04-01,119969300
South Korea,KR,KOR,Asia-Pacific,Investment,IMF IFS via DBnomics,Q.KR.NFI_R_SA_XDC,SA,Source seasonally adjusted,2010-07-01,119678500
South Korea,KR,KOR,Asia-Pacific,Investment,IMF IFS via DBnomics,Q.KR.NFI_R_SA_XDC,SA,Source seasonally adjusted,2010-10-01,124091500
South Korea,KR,KOR,Asia-Pacific,Investment,IMF IFS via DBnomics,Q.KR.NFI_R_SA_XDC,SA,Source seasonally adjusted,2011-01-01,121857900
South Korea,KR,KOR,Asia-Pacific,Investment,IMF IFS via DBnomics,Q.KR.NFI_R_SA_XDC,SA,Source seasonally adjusted,2011-04-01,124921200
South Korea,KR,KOR,Asia-Pacific,Investment,IMF IFS via DBnomics,Q.KR.NFI_R_SA_XDC,SA,Source seasonally adjusted,2011-07-01,123470700
South Korea,KR,KOR,Asia-Pacific,Investment,IMF IFS via DBnomics,Q.KR.NFI_R_SA_XDC,SA,Source seasonally adjusted,2011-10-01,124672300
South Korea,KR,KOR,Asia-Pacific,Investment,IMF IFS via DBnomics,Q.KR.NFI_R_SA_XDC,SA,Source seasonally adjusted,2012-01-01,127727600
South Korea,KR,KOR,Asia-Pacific,Investment,IMF IFS via DBnomics,Q.KR.NFI_R_SA_XDC,SA,Source seasonally adjusted,2012-04-01,122788400
South Korea,KR,KOR,Asia-Pacific,Investment,IMF IFS via DBnomics,Q.KR.NFI_R_SA_XDC,SA,Source seasonally adjusted,2012-07-01,121677100
South Korea,KR,KOR,Asia-Pacific,Investment,IMF IFS via DBnomics,Q.KR.NFI_R_SA_XDC,SA,Source seasonally adjusted,2012-10-01,121485500
South Korea,KR,KOR,Asia-Pacific,Investment,IMF IFS via DBnomics,Q.KR.NFI_R_SA_XDC,SA,Source seasonally adjusted,2013-01-01,123980300
South Korea,KR,KOR,Asia-Pacific,Investment,IMF IFS via DBnomics,Q.KR.NFI_R_SA_XDC,SA,Source seasonally adjusted,2013-04-01,127228200
South Korea,KR,KOR,Asia-Pacific,Investment,IMF IFS via DBnomics,Q.KR.NFI_R_SA_XDC,SA,Source seasonally adjusted,2013-07-01,126895800
South Korea,KR,KOR,Asia-Pacific,Investment,IMF IFS via DBnomics,Q.KR.NFI_R_SA_XDC,SA,Source seasonally adjusted,2013-10-01,127645800
South Korea,KR,KOR,Asia-Pacific,Investment,IMF IFS via DBnomics,Q.KR.NFI_R_SA_XDC,SA,Source seasonally adjusted,2014-01-01,129604500
South Korea,KR,KOR,Asia-Pacific,Investment,IMF IFS via DBnomics,Q.KR.NFI_R_SA_XDC,SA,Source seasonally adjusted,2014-04-01,130801300
South Korea,KR,KOR,Asia-Pacific,Investment,IMF IFS via DBnomics,Q.KR.NFI_R_SA_XDC,SA,Source seasonally adjusted,2014-07-01,131396800
South Korea,KR,KOR,Asia-Pacific,Investment,IMF IFS via DBnomics,Q.KR.NFI_R_SA_XDC,SA,Source seasonally adjusted,2014-10-01,132147500
South Korea,KR,KOR,Asia-Pacific,Investment,IMF IFS via DBnomics,Q.KR.NFI_R_SA_XDC,SA,Source seasonally adjusted,2015-01-01,135014500
South Korea,KR,KOR,Asia-Pacific,Investment,IMF IFS via DBnomics,Q.KR.NFI_R_SA_XDC,SA,Source seasonally adjusted,2015-04-01,136916900
South Korea,KR,KOR,Asia-Pacific,Investment,IMF IFS via DBnomics,Q.KR.NFI_R_SA_XDC,SA,Source seasonally adjusted,2015-07-01,139962700
South Korea,KR,KOR,Asia-Pacific,Investment,IMF IFS via DBnomics,Q.KR.NFI_R_SA_XDC,SA,Source seasonally adjusted,2015-10-01,139670500
South Korea,KR,KOR,Asia-Pacific,Investment,IMF IFS via DBnomics,Q.KR.NFI_R_SA_XDC,SA,Source seasonally adjusted,2016-01-01,141103700
South Korea,KR,KOR,Asia-Pacific,Investment,IMF IFS via DBnomics,Q.KR.NFI_R_SA_XDC,SA,Source seasonally adjusted,2016-04-01,144923600
South Korea,KR,KOR,Asia-Pacific,Investment,IMF IFS via DBnomics,Q.KR.NFI_R_SA_XDC,SA,Source seasonally adjusted,2016-07-01,149560400
South Korea,KR,KOR,Asia-Pacific,Investment,IMF IFS via DBnomics,Q.KR.NFI_R_SA_XDC,SA,Source seasonally adjusted,2016-10-01,153680000
South Korea,KR,KOR,Asia-Pacific,Investment,IMF IFS via DBnomics,Q.KR.NFI_R_SA_XDC,SA,Source seasonally adjusted,2017-01-01,159002900
South Korea,KR,KOR,Asia-Pacific,Investment,IMF IFS via DBnomics,Q.KR.NFI_R_SA_XDC,SA,Source seasonally adjusted,2017-04-01,161922300
South Korea,KR,KOR,Asia-Pacific,Investment,IMF IFS via DBnomics,Q.KR.NFI_R_SA_XDC,SA,Source seasonally adjusted,2017-07-01,165453100
South Korea,KR,KOR,Asia-Pacific,Investment,IMF IFS via DBnomics,Q.KR.NFI_R_SA_XDC,SA,Source seasonally adjusted,2017-10-01,161495200
South Korea,KR,KOR,Asia-Pacific,Investment,IMF IFS via DBnomics,Q.KR.NFI_R_SA_XDC,SA,Source seasonally adjusted,2018-01-01,165222500
South Korea,KR,KOR,Asia-Pacific,Investment,IMF IFS via DBnomics,Q.KR.NFI_R_SA_XDC,SA,Source seasonally adjusted,2018-04-01,158248900
South Korea,KR,KOR,Asia-Pacific,Investment,IMF IFS via DBnomics,Q.KR.NFI_R_SA_XDC,SA,Source seasonally adjusted,2018-07-01,155207400
South Korea,KR,KOR,Asia-Pacific,Investment,IMF IFS via DBnomics,Q.KR.NFI_R_SA_XDC,SA,Source seasonally adjusted,2018-10-01,156248000
South Korea,KR,KOR,Asia-Pacific,Investment,IMF IFS via DBnomics,Q.KR.NFI_R_SA_XDC,SA,Source seasonally adjusted,2019-01-01,153289600
South Korea,KR,KOR,Asia-Pacific,Investment,IMF IFS via DBnomics,Q.KR.NFI_R_SA_XDC,SA,Source seasonally adjusted,2019-04-01,155521100
South Korea,KR,KOR,Asia-Pacific,Investment,IMF IFS via DBnomics,Q.KR.NFI_R_SA_XDC,SA,Source seasonally adjusted,2019-07-01,154699400
South Korea,KR,KOR,Asia-Pacific,Investment,IMF IFS via DBnomics,Q.KR.NFI_R_SA_XDC,SA,Source seasonally adjusted,2019-10-01,158152500
South Korea,KR,KOR,Asia-Pacific,Investment,IMF IFS via DBnomics,Q.KR.NFI_R_SA_XDC,SA,Source seasonally adjusted,2020-01-01,159543300
South Korea,KR,KOR,Asia-Pacific,Investment,IMF IFS via DBnomics,Q.KR.NFI_R_SA_XDC,SA,Source seasonally adjusted,2020-04-01,158672100
South Korea,KR,KOR,Asia-Pacific,Investment,IMF IFS via DBnomics,Q.KR.NFI_R_SA_XDC,SA,Source seasonally adjusted,2020-07-01,159777300
South Korea,KR,KOR,Asia-Pacific,Investment,IMF IFS via DBnomics,Q.KR.NFI_R_SA_XDC,SA,Source seasonally adjusted,2020-10-01,160974000
South Korea,KR,KOR,Asia-Pacific,Investment,IMF IFS via DBnomics,Q.KR.NFI_R_SA_XDC,SA,Source seasonally adjusted,2021-01-01,167638400
South Korea,KR,KOR,Asia-Pacific,Investment,IMF IFS via DBnomics,Q.KR.NFI_R_SA_XDC,SA,Source seasonally adjusted,2021-04-01,168391000
South Korea,KR,KOR,Asia-Pacific,Investment,IMF IFS via DBnomics,Q.KR.NFI_R_SA_XDC,SA,Source seasonally adjusted,2021-07-01,164733900
South Korea,KR,KOR,Asia-Pacific,Investment,IMF IFS via DBnomics,Q.KR.NFI_R_SA_XDC,SA,Source seasonally adjusted,2021-10-01,165788200
South Korea,KR,KOR,Asia-Pacific,Investment,IMF IFS via DBnomics,Q.KR.NFI_R_SA_XDC,SA,Source seasonally adjusted,2022-01-01,163878000
South Korea,KR,KOR,Asia-Pacific,Investment,IMF IFS via DBnomics,Q.KR.NFI_R_SA_XDC,SA,Source seasonally adjusted,2022-04-01,164444900
South Korea,KR,KOR,Asia-Pacific,Investment,IMF IFS via DBnomics,Q.KR.NFI_R_SA_XDC,SA,Source seasonally adjusted,2022-07-01,168959300
South Korea,KR,KOR,Asia-Pacific,Investment,IMF IFS via DBnomics,Q.KR.NFI_R_SA_XDC,SA,Source seasonally adjusted,2022-10-01,168134900
South Korea,KR,KOR,Asia-Pacific,Investment,IMF IFS via DBnomics,Q.KR.NFI_R_SA_XDC,SA,Source seasonally adjusted,2023-01-01,166646400
South Korea,KR,KOR,Asia-Pacific,Investment,IMF IFS via DBnomics,Q.KR.NFI_R_SA_XDC,SA,Source seasonally adjusted,2023-04-01,166734500
South Korea,KR,KOR,Asia-Pacific,Investment,IMF IFS via DBnomics,Q.KR.NFI_R_SA_XDC,SA,Source seasonally adjusted,2023-07-01,166360500
South Korea,KR,KOR,Asia-Pacific,Investment,IMF IFS via DBnomics,Q.KR.NFI_R_SA_XDC,SA,Source seasonally adjusted,2023-10-01,164100500
South Korea,KR,KOR,Asia-Pacific,Investment,IMF IFS via DBnomics,Q.KR.NFI_R_SA_XDC,SA,Source seasonally adjusted,2024-01-01,167783800
South Korea,KR,KOR,Asia-Pacific,Investment,IMF IFS via DBnomics,Q.KR.NFI_R_SA_XDC,SA,Source seasonally adjusted,2024-04-01,164569400
South Korea,KR,KOR,Asia-Pacific,Investment,IMF IFS via DBnomics,Q.KR.NFI_R_SA_XDC,SA,Source seasonally adjusted,2024-07-01,164371500
South Korea,KR,KOR,Asia-Pacific,Investment,IMF IFS via DBnomics,Q.KR.NFI_R_SA_XDC,SA,Source seasonally adjusted,2024-10-01,162004900
South Korea,KR,KOR,Asia-Pacific,Investment,IMF IFS via DBnomics,Q.KR.NFI_R_SA_XDC,SA,Source seasonally adjusted,2025-01-01,160177500
South Korea,KR,KOR,Asia-Pacific,Investment,IMF IFS via DBnomics,Q.KR.NFI_R_SA_XDC,SA,Source seasonally adjusted,2025-04-01,158182100
Thailand,TH,THA,ASEAN,Consumption,IMF IFS via DBnomics,Q.TH.NCP_R_SA_XDC,SA,Source seasonally adjusted,2003-01-01,846100
Thailand,TH,THA,ASEAN,Consumption,IMF IFS via DBnomics,Q.TH.NCP_R_SA_XDC,SA,Source seasonally adjusted,2003-04-01,847400
Thailand,TH,THA,ASEAN,Consumption,IMF IFS via DBnomics,Q.TH.NCP_R_SA_XDC,SA,Source seasonally adjusted,2003-07-01,867400
Thailand,TH,THA,ASEAN,Consumption,IMF IFS via DBnomics,Q.TH.NCP_R_SA_XDC,SA,Source seasonally adjusted,2003-10-01,886700
Thailand,TH,THA,ASEAN,Consumption,IMF IFS via DBnomics,Q.TH.NCP_R_SA_XDC,SA,Source seasonally adjusted,2004-01-01,909955.002463523
Thailand,TH,THA,ASEAN,Consumption,IMF IFS via DBnomics,Q.TH.NCP_R_SA_XDC,SA,Source seasonally adjusted,2004-04-01,923313.968338664
Thailand,TH,THA,ASEAN,Consumption,IMF IFS via DBnomics,Q.TH.NCP_R_SA_XDC,SA,Source seasonally adjusted,2004-07-01,926494.726950033
Thailand,TH,THA,ASEAN,Consumption,IMF IFS via DBnomics,Q.TH.NCP_R_SA_XDC,SA,Source seasonally adjusted,2004-10-01,943831.281723991
Thailand,TH,THA,ASEAN,Consumption,IMF IFS via DBnomics,Q.TH.NCP_R_SA_XDC,SA,Source seasonally adjusted,2005-01-01,941786.112909008
Thailand,TH,THA,ASEAN,Consumption,IMF IFS via DBnomics,Q.TH.NCP_R_SA_XDC,SA,Source seasonally adjusted,2005-04-01,960600.036765829
Thailand,TH,THA,ASEAN,Consumption,IMF IFS via DBnomics,Q.TH.NCP_R_SA_XDC,SA,Source seasonally adjusted,2005-07-01,974610.251309431
Thailand,TH,THA,ASEAN,Consumption,IMF IFS via DBnomics,Q.TH.NCP_R_SA_XDC,SA,Source seasonally adjusted,2005-10-01,981953.322687348
Thailand,TH,THA,ASEAN,Consumption,IMF IFS via DBnomics,Q.TH.NCP_R_SA_XDC,SA,Source seasonally adjusted,2006-01-01,991658.758801881
Thailand,TH,THA,ASEAN,Consumption,IMF IFS via DBnomics,Q.TH.NCP_R_SA_XDC,SA,Source seasonally adjusted,2006-04-01,988217.71905985
Thailand,TH,THA,ASEAN,Consumption,IMF IFS via DBnomics,Q.TH.NCP_R_SA_XDC,SA,Source seasonally adjusted,2006-07-01,993569.924199777
Thailand,TH,THA,ASEAN,Consumption,IMF IFS via DBnomics,Q.TH.NCP_R_SA_XDC,SA,Source seasonally adjusted,2006-10-01,993841.494678944
Thailand,TH,THA,ASEAN,Consumption,IMF IFS via DBnomics,Q.TH.NCP_R_SA_XDC,SA,Source seasonally adjusted,2007-01-01,992302.065636578
Thailand,TH,THA,ASEAN,Consumption,IMF IFS via DBnomics,Q.TH.NCP_R_SA_XDC,SA,Source seasonally adjusted,2007-04-01,998273.650388416
Thailand,TH,THA,ASEAN,Consumption,IMF IFS via DBnomics,Q.TH.NCP_R_SA_XDC,SA,Source seasonally adjusted,2007-07-01,1006627.3781693
Thailand,TH,THA,ASEAN,Consumption,IMF IFS via DBnomics,Q.TH.NCP_R_SA_XDC,SA,Source seasonally adjusted,2007-10-01,1017671.50716074
Thailand,TH,THA,ASEAN,Consumption,IMF IFS via DBnomics,Q.TH.NCP_R_SA_XDC,SA,Source seasonally adjusted,2008-01-01,1029111.51550483
Thailand,TH,THA,ASEAN,Consumption,IMF IFS via DBnomics,Q.TH.NCP_R_SA_XDC,SA,Source seasonally adjusted,2008-04-01,1035943.34067828
Thailand,TH,THA,ASEAN,Consumption,IMF IFS via DBnomics,Q.TH.NCP_R_SA_XDC,SA,Source seasonally adjusted,2008-07-01,1026575.75371819
Thailand,TH,THA,ASEAN,Consumption,IMF IFS via DBnomics,Q.TH.NCP_R_SA_XDC,SA,Source seasonally adjusted,2008-10-01,1037319.06796502
Thailand,TH,THA,ASEAN,Consumption,IMF IFS via DBnomics,Q.TH.NCP_R_SA_XDC,SA,Source seasonally adjusted,2009-01-01,1018661.58524283
Thailand,TH,THA,ASEAN,Consumption,IMF IFS via DBnomics,Q.TH.NCP_R_SA_XDC,SA,Source seasonally adjusted,2009-04-01,1014378.34960013
Thailand,TH,THA,ASEAN,Consumption,IMF IFS via DBnomics,Q.TH.NCP_R_SA_XDC,SA,Source seasonally adjusted,2009-07-01,1018026.14349024
Thailand,TH,THA,ASEAN,Consumption,IMF IFS via DBnomics,Q.TH.NCP_R_SA_XDC,SA,Source seasonally adjusted,2009-10-01,1040597.62354778
Thailand,TH,THA,ASEAN,Consumption,IMF IFS via DBnomics,Q.TH.NCP_R_SA_XDC,SA,Source seasonally adjusted,2010-01-01,1052951.22680133
Thailand,TH,THA,ASEAN,Consumption,IMF IFS via DBnomics,Q.TH.NCP_R_SA_XDC,SA,Source seasonally adjusted,2010-04-01,1077540.98887363
Thailand,TH,THA,ASEAN,Consumption,IMF IFS via DBnomics,Q.TH.NCP_R_SA_XDC,SA,Source seasonally adjusted,2010-07-01,1088518.40145762
Thailand,TH,THA,ASEAN,Consumption,IMF IFS via DBnomics,Q.TH.NCP_R_SA_XDC,SA,Source seasonally adjusted,2010-10-01,1095102.96502452
Thailand,TH,THA,ASEAN,Consumption,IMF IFS via DBnomics,Q.TH.NCP_R_SA_XDC,SA,Source seasonally adjusted,2011-01-01,1121625.74148193
Thailand,TH,THA,ASEAN,Consumption,IMF IFS via DBnomics,Q.TH.NCP_R_SA_XDC,SA,Source seasonally adjusted,2011-04-01,1100338.8435082
Thailand,TH,THA,ASEAN,Consumption,IMF IFS via DBnomics,Q.TH.NCP_R_SA_XDC,SA,Source seasonally adjusted,2011-07-01,1105452.67894769
Thailand,TH,THA,ASEAN,Consumption,IMF IFS via DBnomics,Q.TH.NCP_R_SA_XDC,SA,Source seasonally adjusted,2011-10-01,1065505.22902949
Thailand,TH,THA,ASEAN,Consumption,IMF IFS via DBnomics,Q.TH.NCP_R_SA_XDC,SA,Source seasonally adjusted,2012-01-01,1145513.98530019
Thailand,TH,THA,ASEAN,Consumption,IMF IFS via DBnomics,Q.TH.NCP_R_SA_XDC,SA,Source seasonally adjusted,2012-04-01,1163012.30731866
Thailand,TH,THA,ASEAN,Consumption,IMF IFS via DBnomics,Q.TH.NCP_R_SA_XDC,SA,Source seasonally adjusted,2012-07-01,1186044.03874207
Thailand,TH,THA,ASEAN,Consumption,IMF IFS via DBnomics,Q.TH.NCP_R_SA_XDC,SA,Source seasonally adjusted,2012-10-01,1220393.29967482
Thailand,TH,THA,ASEAN,Consumption,IMF IFS via DBnomics,Q.TH.NCP_R_SA_XDC,SA,Source seasonally adjusted,2013-01-01,1210985.94363249
Thailand,TH,THA,ASEAN,Consumption,IMF IFS via DBnomics,Q.TH.NCP_R_SA_XDC,SA,Source seasonally adjusted,2013-04-01,1188138.94942266
Thailand,TH,THA,ASEAN,Consumption,IMF IFS via DBnomics,Q.TH.NCP_R_SA_XDC,SA,Source seasonally adjusted,2013-07-01,1183256.39240001
Thailand,TH,THA,ASEAN,Consumption,IMF IFS via DBnomics,Q.TH.NCP_R_SA_XDC,SA,Source seasonally adjusted,2013-10-01,1177515.57035083
Thailand,TH,THA,ASEAN,Consumption,IMF IFS via DBnomics,Q.TH.NCP_R_SA_XDC,SA,Source seasonally adjusted,2014-01-01,1176590.05145435
Thailand,TH,THA,ASEAN,Consumption,IMF IFS via DBnomics,Q.TH.NCP_R_SA_XDC,SA,Source seasonally adjusted,2014-04-01,1197626.43966844
Thailand,TH,THA,ASEAN,Consumption,IMF IFS via DBnomics,Q.TH.NCP_R_SA_XDC,SA,Source seasonally adjusted,2014-07-01,1208118.74660912
Thailand,TH,THA,ASEAN,Consumption,IMF IFS via DBnomics,Q.TH.NCP_R_SA_XDC,SA,Source seasonally adjusted,2014-10-01,1202696.83450438
Thailand,TH,THA,ASEAN,Consumption,IMF IFS via DBnomics,Q.TH.NCP_R_SA_XDC,SA,Source seasonally adjusted,2015-01-01,1213666.04689303
Thailand,TH,THA,ASEAN,Consumption,IMF IFS via DBnomics,Q.TH.NCP_R_SA_XDC,SA,Source seasonally adjusted,2015-04-01,1220135.16559954
Thailand,TH,THA,ASEAN,Consumption,IMF IFS via DBnomics,Q.TH.NCP_R_SA_XDC,SA,Source seasonally adjusted,2015-07-01,1231821.52885383
Thailand,TH,THA,ASEAN,Consumption,IMF IFS via DBnomics,Q.TH.NCP_R_SA_XDC,SA,Source seasonally adjusted,2015-10-01,1244977.13275275
Thailand,TH,THA,ASEAN,Consumption,IMF IFS via DBnomics,Q.TH.NCP_R_SA_XDC,SA,Source seasonally adjusted,2016-01-01,1252663.28430031
Thailand,TH,THA,ASEAN,Consumption,IMF IFS via DBnomics,Q.TH.NCP_R_SA_XDC,SA,Source seasonally adjusted,2016-04-01,1266254.67910971
Thailand,TH,THA,ASEAN,Consumption,IMF IFS via DBnomics,Q.TH.NCP_R_SA_XDC,SA,Source seasonally adjusted,2016-07-01,1262563.75842614
Thailand,TH,THA,ASEAN,Consumption,IMF IFS via DBnomics,Q.TH.NCP_R_SA_XDC,SA,Source seasonally adjusted,2016-10-01,1269963.12483764
Thailand,TH,THA,ASEAN,Consumption,IMF IFS via DBnomics,Q.TH.NCP_R_SA_XDC,SA,Source seasonally adjusted,2017-01-01,1287335.25181453
Thailand,TH,THA,ASEAN,Consumption,IMF IFS via DBnomics,Q.TH.NCP_R_SA_XDC,SA,Source seasonally adjusted,2017-04-01,1301435.27246641
Thailand,TH,THA,ASEAN,Consumption,IMF IFS via DBnomics,Q.TH.NCP_R_SA_XDC,SA,Source seasonally adjusted,2017-07-01,1307845.82306122
Thailand,TH,THA,ASEAN,Consumption,IMF IFS via DBnomics,Q.TH.NCP_R_SA_XDC,SA,Source seasonally adjusted,2017-10-01,1310393.71266049
Thailand,TH,THA,ASEAN,Consumption,IMF IFS via DBnomics,Q.TH.NCP_R_SA_XDC,SA,Source seasonally adjusted,2018-01-01,1334525.99456675
Thailand,TH,THA,ASEAN,Consumption,IMF IFS via DBnomics,Q.TH.NCP_R_SA_XDC,SA,Source seasonally adjusted,2018-04-01,1361463.61073038
Thailand,TH,THA,ASEAN,Consumption,IMF IFS via DBnomics,Q.TH.NCP_R_SA_XDC,SA,Source seasonally adjusted,2018-07-01,1373779.83094783
Thailand,TH,THA,ASEAN,Consumption,IMF IFS via DBnomics,Q.TH.NCP_R_SA_XDC,SA,Source seasonally adjusted,2018-10-01,1374578.9725378
Thailand,TH,THA,ASEAN,Consumption,IMF IFS via DBnomics,Q.TH.NCP_R_SA_XDC,SA,Source seasonally adjusted,2019-01-01,1392775.42985969
Thailand,TH,THA,ASEAN,Consumption,IMF IFS via DBnomics,Q.TH.NCP_R_SA_XDC,SA,Source seasonally adjusted,2019-04-01,1418489.36387836
Thailand,TH,THA,ASEAN,Consumption,IMF IFS via DBnomics,Q.TH.NCP_R_SA_XDC,SA,Source seasonally adjusted,2019-07-01,1428916.35267466
Thailand,TH,THA,ASEAN,Consumption,IMF IFS via DBnomics,Q.TH.NCP_R_SA_XDC,SA,Source seasonally adjusted,2019-10-01,1420070.48016177
Thailand,TH,THA,ASEAN,Consumption,IMF IFS via DBnomics,Q.TH.NCP_R_SA_XDC,SA,Source seasonally adjusted,2020-01-01,1433451.5251892
Thailand,TH,THA,ASEAN,Consumption,IMF IFS via DBnomics,Q.TH.NCP_R_SA_XDC,SA,Source seasonally adjusted,2020-04-01,1326402.97602335
Thailand,TH,THA,ASEAN,Consumption,IMF IFS via DBnomics,Q.TH.NCP_R_SA_XDC,SA,Source seasonally adjusted,2020-07-01,1428193.67879094
Thailand,TH,THA,ASEAN,Consumption,IMF IFS via DBnomics,Q.TH.NCP_R_SA_XDC,SA,Source seasonally adjusted,2020-10-01,1429910.88714295
Thailand,TH,THA,ASEAN,Consumption,IMF IFS via DBnomics,Q.TH.NCP_R_SA_XDC,SA,Source seasonally adjusted,2021-01-01,1429860.65963897
Thailand,TH,THA,ASEAN,Consumption,IMF IFS via DBnomics,Q.TH.NCP_R_SA_XDC,SA,Source seasonally adjusted,2021-04-01,1397939.22929116
Thailand,TH,THA,ASEAN,Consumption,IMF IFS via DBnomics,Q.TH.NCP_R_SA_XDC,SA,Source seasonally adjusted,2021-07-01,1385791.16576186
Thailand,TH,THA,ASEAN,Consumption,IMF IFS via DBnomics,Q.TH.NCP_R_SA_XDC,SA,Source seasonally adjusted,2021-10-01,1438024.1874327399
Thailand,TH,THA,ASEAN,Consumption,IMF IFS via DBnomics,Q.TH.NCP_R_SA_XDC,SA,Source seasonally adjusted,2022-01-01,1464887
Thailand,TH,THA,ASEAN,Consumption,IMF IFS via DBnomics,Q.TH.NCP_R_SA_XDC,SA,Source seasonally adjusted,2022-04-01,1491104
Thailand,TH,THA,ASEAN,Consumption,IMF IFS via DBnomics,Q.TH.NCP_R_SA_XDC,SA,Source seasonally adjusted,2022-07-01,1514115
Thailand,TH,THA,ASEAN,Consumption,IMF IFS via DBnomics,Q.TH.NCP_R_SA_XDC,SA,Source seasonally adjusted,2022-10-01,1530097
Thailand,TH,THA,ASEAN,Consumption,IMF IFS via DBnomics,Q.TH.NCP_R_SA_XDC,SA,Source seasonally adjusted,2023-01-01,1553389
Thailand,TH,THA,ASEAN,Consumption,IMF IFS via DBnomics,Q.TH.NCP_R_SA_XDC,SA,Source seasonally adjusted,2023-04-01,1598526
Thailand,TH,THA,ASEAN,Consumption,IMF IFS via DBnomics,Q.TH.NCP_R_SA_XDC,SA,Source seasonally adjusted,2023-07-01,1626575
Thailand,TH,THA,ASEAN,Consumption,IMF IFS via DBnomics,Q.TH.NCP_R_SA_XDC,SA,Source seasonally adjusted,2023-10-01,1633596
Thailand,TH,THA,ASEAN,Consumption,IMF IFS via DBnomics,Q.TH.NCP_R_SA_XDC,SA,Source seasonally adjusted,2024-01-01,1657203
Thailand,TH,THA,ASEAN,Consumption,IMF IFS via DBnomics,Q.TH.NCP_R_SA_XDC,SA,Source seasonally adjusted,2024-04-01,1668904
Thailand,TH,THA,ASEAN,Consumption,IMF IFS via DBnomics,Q.TH.NCP_R_SA_XDC,SA,Source seasonally adjusted,2024-07-01,1679528
Thailand,TH,THA,ASEAN,Consumption,IMF IFS via DBnomics,Q.TH.NCP_R_SA_XDC,SA,Source seasonally adjusted,2024-10-01,1689332
Thailand,TH,THA,ASEAN,Consumption,IMF IFS via DBnomics,Q.TH.NCP_R_SA_XDC,SA,Source seasonally adjusted,2025-01-01,1699718
Thailand,TH,THA,ASEAN,Consumption,IMF IFS via DBnomics,Q.TH.NCP_R_SA_XDC,SA,Source seasonally adjusted,2025-04-01,1703697
Thailand,TH,THA,ASEAN,Investment,IMF IFS via DBnomics,Q.TH.NFI_R_SA_XDC,SA,Source seasonally adjusted,2003-01-01,338600
Thailand,TH,THA,ASEAN,Investment,IMF IFS via DBnomics,Q.TH.NFI_R_SA_XDC,SA,Source seasonally adjusted,2003-04-01,349600
Thailand,TH,THA,ASEAN,Investment,IMF IFS via DBnomics,Q.TH.NFI_R_SA_XDC,SA,Source seasonally adjusted,2003-07-01,367100
Thailand,TH,THA,ASEAN,Investment,IMF IFS via DBnomics,Q.TH.NFI_R_SA_XDC,SA,Source seasonally adjusted,2003-10-01,364600
Thailand,TH,THA,ASEAN,Investment,IMF IFS via DBnomics,Q.TH.NFI_R_SA_XDC,SA,Source seasonally adjusted,2004-01-01,380883.459877889
Thailand,TH,THA,ASEAN,Investment,IMF IFS via DBnomics,Q.TH.NFI_R_SA_XDC,SA,Source seasonally adjusted,2004-04-01,402401.205171559
Thailand,TH,THA,ASEAN,Investment,IMF IFS via DBnomics,Q.TH.NFI_R_SA_XDC,SA,Source seasonally adjusted,2004-07-01,414330.574599948
Thailand,TH,THA,ASEAN,Investment,IMF IFS via DBnomics,Q.TH.NFI_R_SA_XDC,SA,Source seasonally adjusted,2004-10-01,446603.372673059
Thailand,TH,THA,ASEAN,Investment,IMF IFS via DBnomics,Q.TH.NFI_R_SA_XDC,SA,Source seasonally adjusted,2005-01-01,450781.066314189
Thailand,TH,THA,ASEAN,Investment,IMF IFS via DBnomics,Q.TH.NFI_R_SA_XDC,SA,Source seasonally adjusted,2005-04-01,462081.122837315
Thailand,TH,THA,ASEAN,Investment,IMF IFS via DBnomics,Q.TH.NFI_R_SA_XDC,SA,Source seasonally adjusted,2005-07-01,475040.249843417
Thailand,TH,THA,ASEAN,Investment,IMF IFS via DBnomics,Q.TH.NFI_R_SA_XDC,SA,Source seasonally adjusted,2005-10-01,492446.689174474
Thailand,TH,THA,ASEAN,Investment,IMF IFS via DBnomics,Q.TH.NFI_R_SA_XDC,SA,Source seasonally adjusted,2006-01-01,483105.979758285
Thailand,TH,THA,ASEAN,Investment,IMF IFS via DBnomics,Q.TH.NFI_R_SA_XDC,SA,Source seasonally adjusted,2006-04-01,488444.966861458
Thailand,TH,THA,ASEAN,Investment,IMF IFS via DBnomics,Q.TH.NFI_R_SA_XDC,SA,Source seasonally adjusted,2006-07-01,478108.651901296
Thailand,TH,THA,ASEAN,Investment,IMF IFS via DBnomics,Q.TH.NFI_R_SA_XDC,SA,Source seasonally adjusted,2006-10-01,484052.449564028
Thailand,TH,THA,ASEAN,Investment,IMF IFS via DBnomics,Q.TH.NFI_R_SA_XDC,SA,Source seasonally adjusted,2007-01-01,480447.648276421
Thailand,TH,THA,ASEAN,Investment,IMF IFS via DBnomics,Q.TH.NFI_R_SA_XDC,SA,Source seasonally adjusted,2007-04-01,487414.500348504
Thailand,TH,THA,ASEAN,Investment,IMF IFS via DBnomics,Q.TH.NFI_R_SA_XDC,SA,Source seasonally adjusted,2007-07-01,490477.869998016
Thailand,TH,THA,ASEAN,Investment,IMF IFS via DBnomics,Q.TH.NFI_R_SA_XDC,SA,Source seasonally adjusted,2007-10-01,509144.854532691
Thailand,TH,THA,ASEAN,Investment,IMF IFS via DBnomics,Q.TH.NFI_R_SA_XDC,SA,Source seasonally adjusted,2008-01-01,517698.015773744
Thailand,TH,THA,ASEAN,Investment,IMF IFS via DBnomics,Q.TH.NFI_R_SA_XDC,SA,Source seasonally adjusted,2008-04-01,505312.992138806
Thailand,TH,THA,ASEAN,Investment,IMF IFS via DBnomics,Q.TH.NFI_R_SA_XDC,SA,Source seasonally adjusted,2008-07-01,500075.063324292
Thailand,TH,THA,ASEAN,Investment,IMF IFS via DBnomics,Q.TH.NFI_R_SA_XDC,SA,Source seasonally adjusted,2008-10-01,495389.119532952
Thailand,TH,THA,ASEAN,Investment,IMF IFS via DBnomics,Q.TH.NFI_R_SA_XDC,SA,Source seasonally adjusted,2009-01-01,417722.645629244
Thailand,TH,THA,ASEAN,Investment,IMF IFS via DBnomics,Q.TH.NFI_R_SA_XDC,SA,Source seasonally adjusted,2009-04-01,431379.617623753
Thailand,TH,THA,ASEAN,Investment,IMF IFS via DBnomics,Q.TH.NFI_R_SA_XDC,SA,Source seasonally adjusted,2009-07-01,464850.856739387
Thailand,TH,THA,ASEAN,Investment,IMF IFS via DBnomics,Q.TH.NFI_R_SA_XDC,SA,Source seasonally adjusted,2009-10-01,480833.430594963
Thailand,TH,THA,ASEAN,Investment,IMF IFS via DBnomics,Q.TH.NFI_R_SA_XDC,SA,Source seasonally adjusted,2010-01-01,483760.783403757
Thailand,TH,THA,ASEAN,Investment,IMF IFS via DBnomics,Q.TH.NFI_R_SA_XDC,SA,Source seasonally adjusted,2010-04-01,493995.800643004
Thailand,TH,THA,ASEAN,Investment,IMF IFS via DBnomics,Q.TH.NFI_R_SA_XDC,SA,Source seasonally adjusted,2010-07-01,510925.13960259
Thailand,TH,THA,ASEAN,Investment,IMF IFS via DBnomics,Q.TH.NFI_R_SA_XDC,SA,Source seasonally adjusted,2010-10-01,517572.085421824
Thailand,TH,THA,ASEAN,Investment,IMF IFS via DBnomics,Q.TH.NFI_R_SA_XDC,SA,Source seasonally adjusted,2011-01-01,533633.534340518
Thailand,TH,THA,ASEAN,Investment,IMF IFS via DBnomics,Q.TH.NFI_R_SA_XDC,SA,Source seasonally adjusted,2011-04-01,536113.997102791
Thailand,TH,THA,ASEAN,Investment,IMF IFS via DBnomics,Q.TH.NFI_R_SA_XDC,SA,Source seasonally adjusted,2011-07-01,529869.681569655
Thailand,TH,THA,ASEAN,Investment,IMF IFS via DBnomics,Q.TH.NFI_R_SA_XDC,SA,Source seasonally adjusted,2011-10-01,506858.743313579
Thailand,TH,THA,ASEAN,Investment,IMF IFS via DBnomics,Q.TH.NFI_R_SA_XDC,SA,Source seasonally adjusted,2012-01-01,556560.988643579
Thailand,TH,THA,ASEAN,Investment,IMF IFS via DBnomics,Q.TH.NFI_R_SA_XDC,SA,Source seasonally adjusted,2012-04-01,575887.176585292
Thailand,TH,THA,ASEAN,Investment,IMF IFS via DBnomics,Q.TH.NFI_R_SA_XDC,SA,Source seasonally adjusted,2012-07-01,583425.075115214
Thailand,TH,THA,ASEAN,Investment,IMF IFS via DBnomics,Q.TH.NFI_R_SA_XDC,SA,Source seasonally adjusted,2012-10-01,614666.705061696
Thailand,TH,THA,ASEAN,Investment,IMF IFS via DBnomics,Q.TH.NFI_R_SA_XDC,SA,Source seasonally adjusted,2013-01-01,607237.329575852
Thailand,TH,THA,ASEAN,Investment,IMF IFS via DBnomics,Q.TH.NFI_R_SA_XDC,SA,Source seasonally adjusted,2013-04-01,593864.096304963
Thailand,TH,THA,ASEAN,Investment,IMF IFS via DBnomics,Q.TH.NFI_R_SA_XDC,SA,Source seasonally adjusted,2013-07-01,571369.274178472
Thailand,TH,THA,ASEAN,Investment,IMF IFS via DBnomics,Q.TH.NFI_R_SA_XDC,SA,Source seasonally adjusted,2013-10-01,535209.962163462
Thailand,TH,THA,ASEAN,Investment,IMF IFS via DBnomics,Q.TH.NFI_R_SA_XDC,SA,Source seasonally adjusted,2014-01-01,538978.679257456
Thailand,TH,THA,ASEAN,Investment,IMF IFS via DBnomics,Q.TH.NFI_R_SA_XDC,SA,Source seasonally adjusted,2014-04-01,567658.477369925
Thailand,TH,THA,ASEAN,Investment,IMF IFS via DBnomics,Q.TH.NFI_R_SA_XDC,SA,Source seasonally adjusted,2014-07-01,592455.362342065
Thailand,TH,THA,ASEAN,Investment,IMF IFS via DBnomics,Q.TH.NFI_R_SA_XDC,SA,Source seasonally adjusted,2014-10-01,555158.860148398
Thailand,TH,THA,ASEAN,Investment,IMF IFS via DBnomics,Q.TH.NFI_R_SA_XDC,SA,Source seasonally adjusted,2015-01-01,585994.848747431
Thailand,TH,THA,ASEAN,Investment,IMF IFS via DBnomics,Q.TH.NFI_R_SA_XDC,SA,Source seasonally adjusted,2015-04-01,576988.540133443
Thailand,TH,THA,ASEAN,Investment,IMF IFS via DBnomics,Q.TH.NFI_R_SA_XDC,SA,Source seasonally adjusted,2015-07-01,585793.602689696
Thailand,TH,THA,ASEAN,Investment,IMF IFS via DBnomics,Q.TH.NFI_R_SA_XDC,SA,Source seasonally adjusted,2015-10-01,603526.69610693
Thailand,TH,THA,ASEAN,Investment,IMF IFS via DBnomics,Q.TH.NFI_R_SA_XDC,SA,Source seasonally adjusted,2016-01-01,608288.687233498
Thailand,TH,THA,ASEAN,Investment,IMF IFS via DBnomics,Q.TH.NFI_R_SA_XDC,SA,Source seasonally adjusted,2016-04-01,599402.444035151
Thailand,TH,THA,ASEAN,Investment,IMF IFS via DBnomics,Q.TH.NFI_R_SA_XDC,SA,Source seasonally adjusted,2016-07-01,597683.746113999
Thailand,TH,THA,ASEAN,Investment,IMF IFS via DBnomics,Q.TH.NFI_R_SA_XDC,SA,Source seasonally adjusted,2016-10-01,613748.466644739
Thailand,TH,THA,ASEAN,Investment,IMF IFS via DBnomics,Q.TH.NFI_R_SA_XDC,SA,Source seasonally adjusted,2017-01-01,616536.117872594
Thailand,TH,THA,ASEAN,Investment,IMF IFS via DBnomics,Q.TH.NFI_R_SA_XDC,SA,Source seasonally adjusted,2017-04-01,613784.329310327
Thailand,TH,THA,ASEAN,Investment,IMF IFS via DBnomics,Q.TH.NFI_R_SA_XDC,SA,Source seasonally adjusted,2017-07-01,611322.324676907
Thailand,TH,THA,ASEAN,Investment,IMF IFS via DBnomics,Q.TH.NFI_R_SA_XDC,SA,Source seasonally adjusted,2017-10-01,621530.113703778
Thailand,TH,THA,ASEAN,Investment,IMF IFS via DBnomics,Q.TH.NFI_R_SA_XDC,SA,Source seasonally adjusted,2018-01-01,634229.903381356
Thailand,TH,THA,ASEAN,Investment,IMF IFS via DBnomics,Q.TH.NFI_R_SA_XDC,SA,Source seasonally adjusted,2018-04-01,640499.700858451
Thailand,TH,THA,ASEAN,Investment,IMF IFS via DBnomics,Q.TH.NFI_R_SA_XDC,SA,Source seasonally adjusted,2018-07-01,637944.464026817
Thailand,TH,THA,ASEAN,Investment,IMF IFS via DBnomics,Q.TH.NFI_R_SA_XDC,SA,Source seasonally adjusted,2018-10-01,647576.160651074
Thailand,TH,THA,ASEAN,Investment,IMF IFS via DBnomics,Q.TH.NFI_R_SA_XDC,SA,Source seasonally adjusted,2019-01-01,650835.204807014
Thailand,TH,THA,ASEAN,Investment,IMF IFS via DBnomics,Q.TH.NFI_R_SA_XDC,SA,Source seasonally adjusted,2019-04-01,655198.680277647
Thailand,TH,THA,ASEAN,Investment,IMF IFS via DBnomics,Q.TH.NFI_R_SA_XDC,SA,Source seasonally adjusted,2019-07-01,653335.075010735
Thailand,TH,THA,ASEAN,Investment,IMF IFS via DBnomics,Q.TH.NFI_R_SA_XDC,SA,Source seasonally adjusted,2019-10-01,652005.526520837
Thailand,TH,THA,ASEAN,Investment,IMF IFS via DBnomics,Q.TH.NFI_R_SA_XDC,SA,Source seasonally adjusted,2020-01-01,607197.781169019
Thailand,TH,THA,ASEAN,Investment,IMF IFS via DBnomics,Q.TH.NFI_R_SA_XDC,SA,Source seasonally adjusted,2020-04-01,609045.169507477
Thailand,TH,THA,ASEAN,Investment,IMF IFS via DBnomics,Q.TH.NFI_R_SA_XDC,SA,Source seasonally adjusted,2020-07-01,634687.898297113
Thailand,TH,THA,ASEAN,Investment,IMF IFS via DBnomics,Q.TH.NFI_R_SA_XDC,SA,Source seasonally adjusted,2020-10-01,636009.991302555
Thailand,TH,THA,ASEAN,Investment,IMF IFS via DBnomics,Q.TH.NFI_R_SA_XDC,SA,Source seasonally adjusted,2021-01-01,648241.36638052
Thailand,TH,THA,ASEAN,Investment,IMF IFS via DBnomics,Q.TH.NFI_R_SA_XDC,SA,Source seasonally adjusted,2021-04-01,655971.690487424
Thailand,TH,THA,ASEAN,Investment,IMF IFS via DBnomics,Q.TH.NFI_R_SA_XDC,SA,Source seasonally adjusted,2021-07-01,626239.106361792
Thailand,TH,THA,ASEAN,Investment,IMF IFS via DBnomics,Q.TH.NFI_R_SA_XDC,SA,Source seasonally adjusted,2021-10-01,633887.710507607
Thailand,TH,THA,ASEAN,Investment,IMF IFS via DBnomics,Q.TH.NFI_R_SA_XDC,SA,Source seasonally adjusted,2022-01-01,650773
Thailand,TH,THA,ASEAN,Investment,IMF IFS via DBnomics,Q.TH.NFI_R_SA_XDC,SA,Source seasonally adjusted,2022-04-01,653949
Thailand,TH,THA,ASEAN,Investment,IMF IFS via DBnomics,Q.TH.NFI_R_SA_XDC,SA,Source seasonally adjusted,2022-07-01,658849
Thailand,TH,THA,ASEAN,Investment,IMF IFS via DBnomics,Q.TH.NFI_R_SA_XDC,SA,Source seasonally adjusted,2022-10-01,657686
Thailand,TH,THA,ASEAN,Investment,IMF IFS via DBnomics,Q.TH.NFI_R_SA_XDC,SA,Source seasonally adjusted,2023-01-01,670305
Thailand,TH,THA,ASEAN,Investment,IMF IFS via DBnomics,Q.TH.NFI_R_SA_XDC,SA,Source seasonally adjusted,2023-04-01,659879
Thailand,TH,THA,ASEAN,Investment,IMF IFS via DBnomics,Q.TH.NFI_R_SA_XDC,SA,Source seasonally adjusted,2023-07-01,668410
Thailand,TH,THA,ASEAN,Investment,IMF IFS via DBnomics,Q.TH.NFI_R_SA_XDC,SA,Source seasonally adjusted,2023-10-01,654093
Thailand,TH,THA,ASEAN,Investment,IMF IFS via DBnomics,Q.TH.NFI_R_SA_XDC,SA,Source seasonally adjusted,2024-01-01,640749
Thailand,TH,THA,ASEAN,Investment,IMF IFS via DBnomics,Q.TH.NFI_R_SA_XDC,SA,Source seasonally adjusted,2024-04-01,622110
Thailand,TH,THA,ASEAN,Investment,IMF IFS via DBnomics,Q.TH.NFI_R_SA_XDC,SA,Source seasonally adjusted,2024-07-01,701263
Thailand,TH,THA,ASEAN,Investment,IMF IFS via DBnomics,Q.TH.NFI_R_SA_XDC,SA,Source seasonally adjusted,2024-10-01,686476
Thailand,TH,THA,ASEAN,Investment,IMF IFS via DBnomics,Q.TH.NFI_R_SA_XDC,SA,Source seasonally adjusted,2025-01-01,670806
Thailand,TH,THA,ASEAN,Investment,IMF IFS via DBnomics,Q.TH.NFI_R_SA_XDC,SA,Source seasonally adjusted,2025-04-01,658205
United States,US,USA,Comparator,Consumption,IMF IFS via DBnomics,Q.US.NCP_R_SA_XDC,SA,Source seasonally adjusted,1950-01-01,371963.5
United States,US,USA,Comparator,Consumption,IMF IFS via DBnomics,Q.US.NCP_R_SA_XDC,SA,Source seasonally adjusted,1950-04-01,378089.3
United States,US,USA,Comparator,Consumption,IMF IFS via DBnomics,Q.US.NCP_R_SA_XDC,SA,Source seasonally adjusted,1950-07-01,397504.8
United States,US,USA,Comparator,Consumption,IMF IFS via DBnomics,Q.US.NCP_R_SA_XDC,SA,Source seasonally adjusted,1950-10-01,385521.8
United States,US,USA,Comparator,Consumption,IMF IFS via DBnomics,Q.US.NCP_R_SA_XDC,SA,Source seasonally adjusted,1951-01-01,394843.8
United States,US,USA,Comparator,Consumption,IMF IFS via DBnomics,Q.US.NCP_R_SA_XDC,SA,Source seasonally adjusted,1951-04-01,383686
United States,US,USA,Comparator,Consumption,IMF IFS via DBnomics,Q.US.NCP_R_SA_XDC,SA,Source seasonally adjusted,1951-07-01,388156
United States,US,USA,Comparator,Consumption,IMF IFS via DBnomics,Q.US.NCP_R_SA_XDC,SA,Source seasonally adjusted,1951-10-01,390417.5
United States,US,USA,Comparator,Consumption,IMF IFS via DBnomics,Q.US.NCP_R_SA_XDC,SA,Source seasonally adjusted,1952-01-01,391322
United States,US,USA,Comparator,Consumption,IMF IFS via DBnomics,Q.US.NCP_R_SA_XDC,SA,Source seasonally adjusted,1952-04-01,398985.3
United States,US,USA,Comparator,Consumption,IMF IFS via DBnomics,Q.US.NCP_R_SA_XDC,SA,Source seasonally adjusted,1952-07-01,400899
United States,US,USA,Comparator,Consumption,IMF IFS via DBnomics,Q.US.NCP_R_SA_XDC,SA,Source seasonally adjusted,1952-10-01,415042
United States,US,USA,Comparator,Consumption,IMF IFS via DBnomics,Q.US.NCP_R_SA_XDC,SA,Source seasonally adjusted,1953-01-01,419916.3
United States,US,USA,Comparator,Consumption,IMF IFS via DBnomics,Q.US.NCP_R_SA_XDC,SA,Source seasonally adjusted,1953-04-01,422444.3
United States,US,USA,Comparator,Consumption,IMF IFS via DBnomics,Q.US.NCP_R_SA_XDC,SA,Source seasonally adjusted,1953-07-01,421438
United States,US,USA,Comparator,Consumption,IMF IFS via DBnomics,Q.US.NCP_R_SA_XDC,SA,Source seasonally adjusted,1953-10-01,418612.3
United States,US,USA,Comparator,Consumption,IMF IFS via DBnomics,Q.US.NCP_R_SA_XDC,SA,Source seasonally adjusted,1954-01-01,420156.3
United States,US,USA,Comparator,Consumption,IMF IFS via DBnomics,Q.US.NCP_R_SA_XDC,SA,Source seasonally adjusted,1954-04-01,425612.3
United States,US,USA,Comparator,Consumption,IMF IFS via DBnomics,Q.US.NCP_R_SA_XDC,SA,Source seasonally adjusted,1954-07-01,431372.3
United States,US,USA,Comparator,Consumption,IMF IFS via DBnomics,Q.US.NCP_R_SA_XDC,SA,Source seasonally adjusted,1954-10-01,440425.8
United States,US,USA,Comparator,Consumption,IMF IFS via DBnomics,Q.US.NCP_R_SA_XDC,SA,Source seasonally adjusted,1955-01-01,450307.8
United States,US,USA,Comparator,Consumption,IMF IFS via DBnomics,Q.US.NCP_R_SA_XDC,SA,Source seasonally adjusted,1955-04-01,458934.3
United States,US,USA,Comparator,Consumption,IMF IFS via DBnomics,Q.US.NCP_R_SA_XDC,SA,Source seasonally adjusted,1955-07-01,464602.8
United States,US,USA,Comparator,Consumption,IMF IFS via DBnomics,Q.US.NCP_R_SA_XDC,SA,Source seasonally adjusted,1955-10-01,470437
United States,US,USA,Comparator,Consumption,IMF IFS via DBnomics,Q.US.NCP_R_SA_XDC,SA,Source seasonally adjusted,1956-01-01,471201.3
United States,US,USA,Comparator,Consumption,IMF IFS via DBnomics,Q.US.NCP_R_SA_XDC,SA,Source seasonally adjusted,1956-04-01,472768.5
United States,US,USA,Comparator,Consumption,IMF IFS via DBnomics,Q.US.NCP_R_SA_XDC,SA,Source seasonally adjusted,1956-07-01,473837.5
United States,US,USA,Comparator,Consumption,IMF IFS via DBnomics,Q.US.NCP_R_SA_XDC,SA,Source seasonally adjusted,1956-10-01,480369.8
United States,US,USA,Comparator,Consumption,IMF IFS via DBnomics,Q.US.NCP_R_SA_XDC,SA,Source seasonally adjusted,1957-01-01,483710.8
United States,US,USA,Comparator,Consumption,IMF IFS via DBnomics,Q.US.NCP_R_SA_XDC,SA,Source seasonally adjusted,1957-04-01,484554
United States,US,USA,Comparator,Consumption,IMF IFS via DBnomics,Q.US.NCP_R_SA_XDC,SA,Source seasonally adjusted,1957-07-01,488383
United States,US,USA,Comparator,Consumption,IMF IFS via DBnomics,Q.US.NCP_R_SA_XDC,SA,Source seasonally adjusted,1957-10-01,488586.5
United States,US,USA,Comparator,Consumption,IMF IFS via DBnomics,Q.US.NCP_R_SA_XDC,SA,Source seasonally adjusted,1958-01-01,481827.3
United States,US,USA,Comparator,Consumption,IMF IFS via DBnomics,Q.US.NCP_R_SA_XDC,SA,Source seasonally adjusted,1958-04-01,485810.8
United States,US,USA,Comparator,Consumption,IMF IFS via DBnomics,Q.US.NCP_R_SA_XDC,SA,Source seasonally adjusted,1958-07-01,493871
United States,US,USA,Comparator,Consumption,IMF IFS via DBnomics,Q.US.NCP_R_SA_XDC,SA,Source seasonally adjusted,1958-10-01,500579.5
United States,US,USA,Comparator,Consumption,IMF IFS via DBnomics,Q.US.NCP_R_SA_XDC,SA,Source seasonally adjusted,1959-01-01,509754.3
United States,US,USA,Comparator,Consumption,IMF IFS via DBnomics,Q.US.NCP_R_SA_XDC,SA,Source seasonally adjusted,1959-04-01,517627
United States,US,USA,Comparator,Consumption,IMF IFS via DBnomics,Q.US.NCP_R_SA_XDC,SA,Source seasonally adjusted,1959-07-01,523034.5
United States,US,USA,Comparator,Consumption,IMF IFS via DBnomics,Q.US.NCP_R_SA_XDC,SA,Source seasonally adjusted,1959-10-01,523623.8
United States,US,USA,Comparator,Consumption,IMF IFS via DBnomics,Q.US.NCP_R_SA_XDC,SA,Source seasonally adjusted,1960-01-01,528633
United States,US,USA,Comparator,Consumption,IMF IFS via DBnomics,Q.US.NCP_R_SA_XDC,SA,Source seasonally adjusted,1960-04-01,535301.3
United States,US,USA,Comparator,Consumption,IMF IFS via DBnomics,Q.US.NCP_R_SA_XDC,SA,Source seasonally adjusted,1960-07-01,533161.5
United States,US,USA,Comparator,Consumption,IMF IFS via DBnomics,Q.US.NCP_R_SA_XDC,SA,Source seasonally adjusted,1960-10-01,533852
United States,US,USA,Comparator,Consumption,IMF IFS via DBnomics,Q.US.NCP_R_SA_XDC,SA,Source seasonally adjusted,1961-01-01,533653.8
United States,US,USA,Comparator,Consumption,IMF IFS via DBnomics,Q.US.NCP_R_SA_XDC,SA,Source seasonally adjusted,1961-04-01,541595.5
United States,US,USA,Comparator,Consumption,IMF IFS via DBnomics,Q.US.NCP_R_SA_XDC,SA,Source seasonally adjusted,1961-07-01,544229
United States,US,USA,Comparator,Consumption,IMF IFS via DBnomics,Q.US.NCP_R_SA_XDC,SA,Source seasonally adjusted,1961-10-01,555176
United States,US,USA,Comparator,Consumption,IMF IFS via DBnomics,Q.US.NCP_R_SA_XDC,SA,Source seasonally adjusted,1962-01-01,561056.8
United States,US,USA,Comparator,Consumption,IMF IFS via DBnomics,Q.US.NCP_R_SA_XDC,SA,Source seasonally adjusted,1962-04-01,567954.3
United States,US,USA,Comparator,Consumption,IMF IFS via DBnomics,Q.US.NCP_R_SA_XDC,SA,Source seasonally adjusted,1962-07-01,572531.5
United States,US,USA,Comparator,Consumption,IMF IFS via DBnomics,Q.US.NCP_R_SA_XDC,SA,Source seasonally adjusted,1962-10-01,580632.5
United States,US,USA,Comparator,Consumption,IMF IFS via DBnomics,Q.US.NCP_R_SA_XDC,SA,Source seasonally adjusted,1963-01-01,584699.8
United States,US,USA,Comparator,Consumption,IMF IFS via DBnomics,Q.US.NCP_R_SA_XDC,SA,Source seasonally adjusted,1963-04-01,590217.3
United States,US,USA,Comparator,Consumption,IMF IFS via DBnomics,Q.US.NCP_R_SA_XDC,SA,Source seasonally adjusted,1963-07-01,598224
United States,US,USA,Comparator,Consumption,IMF IFS via DBnomics,Q.US.NCP_R_SA_XDC,SA,Source seasonally adjusted,1963-10-01,603209
United States,US,USA,Comparator,Consumption,IMF IFS via DBnomics,Q.US.NCP_R_SA_XDC,SA,Source seasonally adjusted,1964-01-01,615047.8
United States,US,USA,Comparator,Consumption,IMF IFS via DBnomics,Q.US.NCP_R_SA_XDC,SA,Source seasonally adjusted,1964-04-01,625927.3
United States,US,USA,Comparator,Consumption,IMF IFS via DBnomics,Q.US.NCP_R_SA_XDC,SA,Source seasonally adjusted,1964-07-01,637489.5
United States,US,USA,Comparator,Consumption,IMF IFS via DBnomics,Q.US.NCP_R_SA_XDC,SA,Source seasonally adjusted,1964-10-01,639309
United States,US,USA,Comparator,Consumption,IMF IFS via DBnomics,Q.US.NCP_R_SA_XDC,SA,Source seasonally adjusted,1965-01-01,653566.3
United States,US,USA,Comparator,Consumption,IMF IFS via DBnomics,Q.US.NCP_R_SA_XDC,SA,Source seasonally adjusted,1965-04-01,660774.3
United States,US,USA,Comparator,Consumption,IMF IFS via DBnomics,Q.US.NCP_R_SA_XDC,SA,Source seasonally adjusted,1965-07-01,672128
United States,US,USA,Comparator,Consumption,IMF IFS via DBnomics,Q.US.NCP_R_SA_XDC,SA,Source seasonally adjusted,1965-10-01,691023.5
United States,US,USA,Comparator,Consumption,IMF IFS via DBnomics,Q.US.NCP_R_SA_XDC,SA,Source seasonally adjusted,1966-01-01,701224.8
United States,US,USA,Comparator,Consumption,IMF IFS via DBnomics,Q.US.NCP_R_SA_XDC,SA,Source seasonally adjusted,1966-04-01,703021.5
United States,US,USA,Comparator,Consumption,IMF IFS via DBnomics,Q.US.NCP_R_SA_XDC,SA,Source seasonally adjusted,1966-07-01,711049.5
United States,US,USA,Comparator,Consumption,IMF IFS via DBnomics,Q.US.NCP_R_SA_XDC,SA,Source seasonally adjusted,1966-10-01,714011.8
United States,US,USA,Comparator,Consumption,IMF IFS via DBnomics,Q.US.NCP_R_SA_XDC,SA,Source seasonally adjusted,1967-01-01,718126
United States,US,USA,Comparator,Consumption,IMF IFS via DBnomics,Q.US.NCP_R_SA_XDC,SA,Source seasonally adjusted,1967-04-01,727944
United States,US,USA,Comparator,Consumption,IMF IFS via DBnomics,Q.US.NCP_R_SA_XDC,SA,Source seasonally adjusted,1967-07-01,731671.3
United States,US,USA,Comparator,Consumption,IMF IFS via DBnomics,Q.US.NCP_R_SA_XDC,SA,Source seasonally adjusted,1967-10-01,736148.5
United States,US,USA,Comparator,Consumption,IMF IFS via DBnomics,Q.US.NCP_R_SA_XDC,SA,Source seasonally adjusted,1968-01-01,753790.5
United States,US,USA,Comparator,Consumption,IMF IFS via DBnomics,Q.US.NCP_R_SA_XDC,SA,Source seasonally adjusted,1968-04-01,765268.8
United States,US,USA,Comparator,Consumption,IMF IFS via DBnomics,Q.US.NCP_R_SA_XDC,SA,Source seasonally adjusted,1968-07-01,779611.3
United States,US,USA,Comparator,Consumption,IMF IFS via DBnomics,Q.US.NCP_R_SA_XDC,SA,Source seasonally adjusted,1968-10-01,783127.8
United States,US,USA,Comparator,Consumption,IMF IFS via DBnomics,Q.US.NCP_R_SA_XDC,SA,Source seasonally adjusted,1969-01-01,791811.3
United States,US,USA,Comparator,Consumption,IMF IFS via DBnomics,Q.US.NCP_R_SA_XDC,SA,Source seasonally adjusted,1969-04-01,796919.3
United States,US,USA,Comparator,Consumption,IMF IFS via DBnomics,Q.US.NCP_R_SA_XDC,SA,Source seasonally adjusted,1969-07-01,800804.5
United States,US,USA,Comparator,Consumption,IMF IFS via DBnomics,Q.US.NCP_R_SA_XDC,SA,Source seasonally adjusted,1969-10-01,807205
United States,US,USA,Comparator,Consumption,IMF IFS via DBnomics,Q.US.NCP_R_SA_XDC,SA,Source seasonally adjusted,1970-01-01,812213.3
United States,US,USA,Comparator,Consumption,IMF IFS via DBnomics,Q.US.NCP_R_SA_XDC,SA,Source seasonally adjusted,1970-04-01,815892.8
United States,US,USA,Comparator,Consumption,IMF IFS via DBnomics,Q.US.NCP_R_SA_XDC,SA,Source seasonally adjusted,1970-07-01,823045.8
United States,US,USA,Comparator,Consumption,IMF IFS via DBnomics,Q.US.NCP_R_SA_XDC,SA,Source seasonally adjusted,1970-10-01,820811.3
United States,US,USA,Comparator,Consumption,IMF IFS via DBnomics,Q.US.NCP_R_SA_XDC,SA,Source seasonally adjusted,1971-01-01,836567
United States,US,USA,Comparator,Consumption,IMF IFS via DBnomics,Q.US.NCP_R_SA_XDC,SA,Source seasonally adjusted,1971-04-01,844255.5
United States,US,USA,Comparator,Consumption,IMF IFS via DBnomics,Q.US.NCP_R_SA_XDC,SA,Source seasonally adjusted,1971-07-01,850986.8
United States,US,USA,Comparator,Consumption,IMF IFS via DBnomics,Q.US.NCP_R_SA_XDC,SA,Source seasonally adjusted,1971-10-01,865106.8
United States,US,USA,Comparator,Consumption,IMF IFS via DBnomics,Q.US.NCP_R_SA_XDC,SA,Source seasonally adjusted,1972-01-01,876524.5
United States,US,USA,Comparator,Consumption,IMF IFS via DBnomics,Q.US.NCP_R_SA_XDC,SA,Source seasonally adjusted,1972-04-01,893210.5
United States,US,USA,Comparator,Consumption,IMF IFS via DBnomics,Q.US.NCP_R_SA_XDC,SA,Source seasonally adjusted,1972-07-01,906976
United States,US,USA,Comparator,Consumption,IMF IFS via DBnomics,Q.US.NCP_R_SA_XDC,SA,Source seasonally adjusted,1972-10-01,928259.5
United States,US,USA,Comparator,Consumption,IMF IFS via DBnomics,Q.US.NCP_R_SA_XDC,SA,Source seasonally adjusted,1973-01-01,945207.3
United States,US,USA,Comparator,Consumption,IMF IFS via DBnomics,Q.US.NCP_R_SA_XDC,SA,Source seasonally adjusted,1973-04-01,944781.3
United States,US,USA,Comparator,Consumption,IMF IFS via DBnomics,Q.US.NCP_R_SA_XDC,SA,Source seasonally adjusted,1973-07-01,948106.5
United States,US,USA,Comparator,Consumption,IMF IFS via DBnomics,Q.US.NCP_R_SA_XDC,SA,Source seasonally adjusted,1973-10-01,945278.8
United States,US,USA,Comparator,Consumption,IMF IFS via DBnomics,Q.US.NCP_R_SA_XDC,SA,Source seasonally adjusted,1974-01-01,936821.5
United States,US,USA,Comparator,Consumption,IMF IFS via DBnomics,Q.US.NCP_R_SA_XDC,SA,Source seasonally adjusted,1974-04-01,940194.8
United States,US,USA,Comparator,Consumption,IMF IFS via DBnomics,Q.US.NCP_R_SA_XDC,SA,Source seasonally adjusted,1974-07-01,944233.5
United States,US,USA,Comparator,Consumption,IMF IFS via DBnomics,Q.US.NCP_R_SA_XDC,SA,Source seasonally adjusted,1974-10-01,930431.5
United States,US,USA,Comparator,Consumption,IMF IFS via DBnomics,Q.US.NCP_R_SA_XDC,SA,Source seasonally adjusted,1975-01-01,938235.5
United States,US,USA,Comparator,Consumption,IMF IFS via DBnomics,Q.US.NCP_R_SA_XDC,SA,Source seasonally adjusted,1975-04-01,953668
United States,US,USA,Comparator,Consumption,IMF IFS via DBnomics,Q.US.NCP_R_SA_XDC,SA,Source seasonally adjusted,1975-07-01,967222.3
United States,US,USA,Comparator,Consumption,IMF IFS via DBnomics,Q.US.NCP_R_SA_XDC,SA,Source seasonally adjusted,1975-10-01,977623
United States,US,USA,Comparator,Consumption,IMF IFS via DBnomics,Q.US.NCP_R_SA_XDC,SA,Source seasonally adjusted,1976-01-01,997169.3
United States,US,USA,Comparator,Consumption,IMF IFS via DBnomics,Q.US.NCP_R_SA_XDC,SA,Source seasonally adjusted,1976-04-01,1006343.8
United States,US,USA,Comparator,Consumption,IMF IFS via DBnomics,Q.US.NCP_R_SA_XDC,SA,Source seasonally adjusted,1976-07-01,1016939.3
United States,US,USA,Comparator,Consumption,IMF IFS via DBnomics,Q.US.NCP_R_SA_XDC,SA,Source seasonally adjusted,1976-10-01,1030134
United States,US,USA,Comparator,Consumption,IMF IFS via DBnomics,Q.US.NCP_R_SA_XDC,SA,Source seasonally adjusted,1977-01-01,1042276
United States,US,USA,Comparator,Consumption,IMF IFS via DBnomics,Q.US.NCP_R_SA_XDC,SA,Source seasonally adjusted,1977-04-01,1047927.8
United States,US,USA,Comparator,Consumption,IMF IFS via DBnomics,Q.US.NCP_R_SA_XDC,SA,Source seasonally adjusted,1977-07-01,1057836.3
United States,US,USA,Comparator,Consumption,IMF IFS via DBnomics,Q.US.NCP_R_SA_XDC,SA,Source seasonally adjusted,1977-10-01,1073741.3
United States,US,USA,Comparator,Consumption,IMF IFS via DBnomics,Q.US.NCP_R_SA_XDC,SA,Source seasonally adjusted,1978-01-01,1079773.5
United States,US,USA,Comparator,Consumption,IMF IFS via DBnomics,Q.US.NCP_R_SA_XDC,SA,Source seasonally adjusted,1978-04-01,1102857.8
United States,US,USA,Comparator,Consumption,IMF IFS via DBnomics,Q.US.NCP_R_SA_XDC,SA,Source seasonally adjusted,1978-07-01,1107488.8
United States,US,USA,Comparator,Consumption,IMF IFS via DBnomics,Q.US.NCP_R_SA_XDC,SA,Source seasonally adjusted,1978-10-01,1116425.5
United States,US,USA,Comparator,Consumption,IMF IFS via DBnomics,Q.US.NCP_R_SA_XDC,SA,Source seasonally adjusted,1979-01-01,1122207.5
United States,US,USA,Comparator,Consumption,IMF IFS via DBnomics,Q.US.NCP_R_SA_XDC,SA,Source seasonally adjusted,1979-04-01,1121479
United States,US,USA,Comparator,Consumption,IMF IFS via DBnomics,Q.US.NCP_R_SA_XDC,SA,Source seasonally adjusted,1979-07-01,1132392
United States,US,USA,Comparator,Consumption,IMF IFS via DBnomics,Q.US.NCP_R_SA_XDC,SA,Source seasonally adjusted,1979-10-01,1135209.8
United States,US,USA,Comparator,Consumption,IMF IFS via DBnomics,Q.US.NCP_R_SA_XDC,SA,Source seasonally adjusted,1980-01-01,1133587
United States,US,USA,Comparator,Consumption,IMF IFS via DBnomics,Q.US.NCP_R_SA_XDC,SA,Source seasonally adjusted,1980-04-01,1108057.8
United States,US,USA,Comparator,Consumption,IMF IFS via DBnomics,Q.US.NCP_R_SA_XDC,SA,Source seasonally adjusted,1980-07-01,1120212.3
United States,US,USA,Comparator,Consumption,IMF IFS via DBnomics,Q.US.NCP_R_SA_XDC,SA,Source seasonally adjusted,1980-10-01,1135347.5
United States,US,USA,Comparator,Consumption,IMF IFS via DBnomics,Q.US.NCP_R_SA_XDC,SA,Source seasonally adjusted,1981-01-01,1139150.8
United States,US,USA,Comparator,Consumption,IMF IFS via DBnomics,Q.US.NCP_R_SA_XDC,SA,Source seasonally adjusted,1981-04-01,1139233.5
United States,US,USA,Comparator,Consumption,IMF IFS via DBnomics,Q.US.NCP_R_SA_XDC,SA,Source seasonally adjusted,1981-07-01,1144503.3
United States,US,USA,Comparator,Consumption,IMF IFS via DBnomics,Q.US.NCP_R_SA_XDC,SA,Source seasonally adjusted,1981-10-01,1136674.8
United States,US,USA,Comparator,Consumption,IMF IFS via DBnomics,Q.US.NCP_R_SA_XDC,SA,Source seasonally adjusted,1982-01-01,1145047.5
United States,US,USA,Comparator,Consumption,IMF IFS via DBnomics,Q.US.NCP_R_SA_XDC,SA,Source seasonally adjusted,1982-04-01,1148535.5
United States,US,USA,Comparator,Consumption,IMF IFS via DBnomics,Q.US.NCP_R_SA_XDC,SA,Source seasonally adjusted,1982-07-01,1156234.8
United States,US,USA,Comparator,Consumption,IMF IFS via DBnomics,Q.US.NCP_R_SA_XDC,SA,Source seasonally adjusted,1982-10-01,1176488.3
United States,US,USA,Comparator,Consumption,IMF IFS via DBnomics,Q.US.NCP_R_SA_XDC,SA,Source seasonally adjusted,1983-01-01,1188120.3
United States,US,USA,Comparator,Consumption,IMF IFS via DBnomics,Q.US.NCP_R_SA_XDC,SA,Source seasonally adjusted,1983-04-01,1212313.5
United States,US,USA,Comparator,Consumption,IMF IFS via DBnomics,Q.US.NCP_R_SA_XDC,SA,Source seasonally adjusted,1983-07-01,1234052.8
United States,US,USA,Comparator,Consumption,IMF IFS via DBnomics,Q.US.NCP_R_SA_XDC,SA,Source seasonally adjusted,1983-10-01,1253718.5
United States,US,USA,Comparator,Consumption,IMF IFS via DBnomics,Q.US.NCP_R_SA_XDC,SA,Source seasonally adjusted,1984-01-01,1264123
United States,US,USA,Comparator,Consumption,IMF IFS via DBnomics,Q.US.NCP_R_SA_XDC,SA,Source seasonally adjusted,1984-04-01,1281833
United States,US,USA,Comparator,Consumption,IMF IFS via DBnomics,Q.US.NCP_R_SA_XDC,SA,Source seasonally adjusted,1984-07-01,1291339.3
United States,US,USA,Comparator,Consumption,IMF IFS via DBnomics,Q.US.NCP_R_SA_XDC,SA,Source seasonally adjusted,1984-10-01,1308066.5
United States,US,USA,Comparator,Consumption,IMF IFS via DBnomics,Q.US.NCP_R_SA_XDC,SA,Source seasonally adjusted,1985-01-01,1330289.8
United States,US,USA,Comparator,Consumption,IMF IFS via DBnomics,Q.US.NCP_R_SA_XDC,SA,Source seasonally adjusted,1985-04-01,1342502.8
United States,US,USA,Comparator,Consumption,IMF IFS via DBnomics,Q.US.NCP_R_SA_XDC,SA,Source seasonally adjusted,1985-07-01,1368003.5
United States,US,USA,Comparator,Consumption,IMF IFS via DBnomics,Q.US.NCP_R_SA_XDC,SA,Source seasonally adjusted,1985-10-01,1370966.5
United States,US,USA,Comparator,Consumption,IMF IFS via DBnomics,Q.US.NCP_R_SA_XDC,SA,Source seasonally adjusted,1986-01-01,1382951.8
United States,US,USA,Comparator,Consumption,IMF IFS via DBnomics,Q.US.NCP_R_SA_XDC,SA,Source seasonally adjusted,1986-04-01,1398020
United States,US,USA,Comparator,Consumption,IMF IFS via DBnomics,Q.US.NCP_R_SA_XDC,SA,Source seasonally adjusted,1986-07-01,1422742.8
United States,US,USA,Comparator,Consumption,IMF IFS via DBnomics,Q.US.NCP_R_SA_XDC,SA,Source seasonally adjusted,1986-10-01,1431453
United States,US,USA,Comparator,Consumption,IMF IFS via DBnomics,Q.US.NCP_R_SA_XDC,SA,Source seasonally adjusted,1987-01-01,1432806.5
United States,US,USA,Comparator,Consumption,IMF IFS via DBnomics,Q.US.NCP_R_SA_XDC,SA,Source seasonally adjusted,1987-04-01,1452344
United States,US,USA,Comparator,Consumption,IMF IFS via DBnomics,Q.US.NCP_R_SA_XDC,SA,Source seasonally adjusted,1987-07-01,1468910.3
United States,US,USA,Comparator,Consumption,IMF IFS via DBnomics,Q.US.NCP_R_SA_XDC,SA,Source seasonally adjusted,1987-10-01,1472016.3
United States,US,USA,Comparator,Consumption,IMF IFS via DBnomics,Q.US.NCP_R_SA_XDC,SA,Source seasonally adjusted,1988-01-01,1498025.3
United States,US,USA,Comparator,Consumption,IMF IFS via DBnomics,Q.US.NCP_R_SA_XDC,SA,Source seasonally adjusted,1988-04-01,1509088.8
United States,US,USA,Comparator,Consumption,IMF IFS via DBnomics,Q.US.NCP_R_SA_XDC,SA,Source seasonally adjusted,1988-07-01,1522500.3
United States,US,USA,Comparator,Consumption,IMF IFS via DBnomics,Q.US.NCP_R_SA_XDC,SA,Source seasonally adjusted,1988-10-01,1539811.5
United States,US,USA,Comparator,Consumption,IMF IFS via DBnomics,Q.US.NCP_R_SA_XDC,SA,Source seasonally adjusted,1989-01-01,1546954
United States,US,USA,Comparator,Consumption,IMF IFS via DBnomics,Q.US.NCP_R_SA_XDC,SA,Source seasonally adjusted,1989-04-01,1554173.8
United States,US,USA,Comparator,Consumption,IMF IFS via DBnomics,Q.US.NCP_R_SA_XDC,SA,Source seasonally adjusted,1989-07-01,1569219.3
United States,US,USA,Comparator,Consumption,IMF IFS via DBnomics,Q.US.NCP_R_SA_XDC,SA,Source seasonally adjusted,1989-10-01,1576039.3
United States,US,USA,Comparator,Consumption,IMF IFS via DBnomics,Q.US.NCP_R_SA_XDC,SA,Source seasonally adjusted,1990-01-01,1589303.3
United States,US,USA,Comparator,Consumption,IMF IFS via DBnomics,Q.US.NCP_R_SA_XDC,SA,Source seasonally adjusted,1990-04-01,1594144.8
United States,US,USA,Comparator,Consumption,IMF IFS via DBnomics,Q.US.NCP_R_SA_XDC,SA,Source seasonally adjusted,1990-07-01,1600460.3
United States,US,USA,Comparator,Consumption,IMF IFS via DBnomics,Q.US.NCP_R_SA_XDC,SA,Source seasonally adjusted,1990-10-01,1588284.8
United States,US,USA,Comparator,Consumption,IMF IFS via DBnomics,Q.US.NCP_R_SA_XDC,SA,Source seasonally adjusted,1991-01-01,1582312.3
United States,US,USA,Comparator,Consumption,IMF IFS via DBnomics,Q.US.NCP_R_SA_XDC,SA,Source seasonally adjusted,1991-04-01,1595425.8
United States,US,USA,Comparator,Consumption,IMF IFS via DBnomics,Q.US.NCP_R_SA_XDC,SA,Source seasonally adjusted,1991-07-01,1603380.3
United States,US,USA,Comparator,Consumption,IMF IFS via DBnomics,Q.US.NCP_R_SA_XDC,SA,Source seasonally adjusted,1991-10-01,1602578
United States,US,USA,Comparator,Consumption,IMF IFS via DBnomics,Q.US.NCP_R_SA_XDC,SA,Source seasonally adjusted,1992-01-01,1632583.8
United States,US,USA,Comparator,Consumption,IMF IFS via DBnomics,Q.US.NCP_R_SA_XDC,SA,Source seasonally adjusted,1992-04-01,1643666.3
United States,US,USA,Comparator,Consumption,IMF IFS via DBnomics,Q.US.NCP_R_SA_XDC,SA,Source seasonally adjusted,1992-07-01,1661285
United States,US,USA,Comparator,Consumption,IMF IFS via DBnomics,Q.US.NCP_R_SA_XDC,SA,Source seasonally adjusted,1992-10-01,1681085.5
United States,US,USA,Comparator,Consumption,IMF IFS via DBnomics,Q.US.NCP_R_SA_XDC,SA,Source seasonally adjusted,1993-01-01,1687530.8
United States,US,USA,Comparator,Consumption,IMF IFS via DBnomics,Q.US.NCP_R_SA_XDC,SA,Source seasonally adjusted,1993-04-01,1702880.5
United States,US,USA,Comparator,Consumption,IMF IFS via DBnomics,Q.US.NCP_R_SA_XDC,SA,Source seasonally adjusted,1993-07-01,1721832.3
United States,US,USA,Comparator,Consumption,IMF IFS via DBnomics,Q.US.NCP_R_SA_XDC,SA,Source seasonally adjusted,1993-10-01,1736947
United States,US,USA,Comparator,Consumption,IMF IFS via DBnomics,Q.US.NCP_R_SA_XDC,SA,Source seasonally adjusted,1994-01-01,1756813.8
United States,US,USA,Comparator,Consumption,IMF IFS via DBnomics,Q.US.NCP_R_SA_XDC,SA,Source seasonally adjusted,1994-04-01,1770482.8
United States,US,USA,Comparator,Consumption,IMF IFS via DBnomics,Q.US.NCP_R_SA_XDC,SA,Source seasonally adjusted,1994-07-01,1783982.5
United States,US,USA,Comparator,Consumption,IMF IFS via DBnomics,Q.US.NCP_R_SA_XDC,SA,Source seasonally adjusted,1994-10-01,1803269.8
United States,US,USA,Comparator,Consumption,IMF IFS via DBnomics,Q.US.NCP_R_SA_XDC,SA,Source seasonally adjusted,1995-01-01,1807758
United States,US,USA,Comparator,Consumption,IMF IFS via DBnomics,Q.US.NCP_R_SA_XDC,SA,Source seasonally adjusted,1995-04-01,1823606
United States,US,USA,Comparator,Consumption,IMF IFS via DBnomics,Q.US.NCP_R_SA_XDC,SA,Source seasonally adjusted,1995-07-01,1840132.3
United States,US,USA,Comparator,Consumption,IMF IFS via DBnomics,Q.US.NCP_R_SA_XDC,SA,Source seasonally adjusted,1995-10-01,1852968.3
United States,US,USA,Comparator,Consumption,IMF IFS via DBnomics,Q.US.NCP_R_SA_XDC,SA,Source seasonally adjusted,1996-01-01,1870057.8
United States,US,USA,Comparator,Consumption,IMF IFS via DBnomics,Q.US.NCP_R_SA_XDC,SA,Source seasonally adjusted,1996-04-01,1890175.5
United States,US,USA,Comparator,Consumption,IMF IFS via DBnomics,Q.US.NCP_R_SA_XDC,SA,Source seasonally adjusted,1996-07-01,1901618.8
United States,US,USA,Comparator,Consumption,IMF IFS via DBnomics,Q.US.NCP_R_SA_XDC,SA,Source seasonally adjusted,1996-10-01,1916765.5
United States,US,USA,Comparator,Consumption,IMF IFS via DBnomics,Q.US.NCP_R_SA_XDC,SA,Source seasonally adjusted,1997-01-01,1936970
United States,US,USA,Comparator,Consumption,IMF IFS via DBnomics,Q.US.NCP_R_SA_XDC,SA,Source seasonally adjusted,1997-04-01,1945690
United States,US,USA,Comparator,Consumption,IMF IFS via DBnomics,Q.US.NCP_R_SA_XDC,SA,Source seasonally adjusted,1997-07-01,1978839.8
United States,US,USA,Comparator,Consumption,IMF IFS via DBnomics,Q.US.NCP_R_SA_XDC,SA,Source seasonally adjusted,1997-10-01,2002491
United States,US,USA,Comparator,Consumption,IMF IFS via DBnomics,Q.US.NCP_R_SA_XDC,SA,Source seasonally adjusted,1998-01-01,2022746.8
United States,US,USA,Comparator,Consumption,IMF IFS via DBnomics,Q.US.NCP_R_SA_XDC,SA,Source seasonally adjusted,1998-04-01,2058365.8
United States,US,USA,Comparator,Consumption,IMF IFS via DBnomics,Q.US.NCP_R_SA_XDC,SA,Source seasonally adjusted,1998-07-01,2085207.8
United States,US,USA,Comparator,Consumption,IMF IFS via DBnomics,Q.US.NCP_R_SA_XDC,SA,Source seasonally adjusted,1998-10-01,2115332.5
United States,US,USA,Comparator,Consumption,IMF IFS via DBnomics,Q.US.NCP_R_SA_XDC,SA,Source seasonally adjusted,1999-01-01,2137058.8
United States,US,USA,Comparator,Consumption,IMF IFS via DBnomics,Q.US.NCP_R_SA_XDC,SA,Source seasonally adjusted,1999-04-01,2169785.8
United States,US,USA,Comparator,Consumption,IMF IFS via DBnomics,Q.US.NCP_R_SA_XDC,SA,Source seasonally adjusted,1999-07-01,2194178.8
United States,US,USA,Comparator,Consumption,IMF IFS via DBnomics,Q.US.NCP_R_SA_XDC,SA,Source seasonally adjusted,1999-10-01,2226273.3
United States,US,USA,Comparator,Consumption,IMF IFS via DBnomics,Q.US.NCP_R_SA_XDC,SA,Source seasonally adjusted,2000-01-01,2259935.8
United States,US,USA,Comparator,Consumption,IMF IFS via DBnomics,Q.US.NCP_R_SA_XDC,SA,Source seasonally adjusted,2000-04-01,2281038
United States,US,USA,Comparator,Consumption,IMF IFS via DBnomics,Q.US.NCP_R_SA_XDC,SA,Source seasonally adjusted,2000-07-01,2302892.3
United States,US,USA,Comparator,Consumption,IMF IFS via DBnomics,Q.US.NCP_R_SA_XDC,SA,Source seasonally adjusted,2000-10-01,2323012.5
United States,US,USA,Comparator,Consumption,IMF IFS via DBnomics,Q.US.NCP_R_SA_XDC,SA,Source seasonally adjusted,2001-01-01,2331437.8
United States,US,USA,Comparator,Consumption,IMF IFS via DBnomics,Q.US.NCP_R_SA_XDC,SA,Source seasonally adjusted,2001-04-01,2336121.5
United States,US,USA,Comparator,Consumption,IMF IFS via DBnomics,Q.US.NCP_R_SA_XDC,SA,Source seasonally adjusted,2001-07-01,2344250.8
United States,US,USA,Comparator,Consumption,IMF IFS via DBnomics,Q.US.NCP_R_SA_XDC,SA,Source seasonally adjusted,2001-10-01,2382075.5
United States,US,USA,Comparator,Consumption,IMF IFS via DBnomics,Q.US.NCP_R_SA_XDC,SA,Source seasonally adjusted,2002-01-01,2387379
United States,US,USA,Comparator,Consumption,IMF IFS via DBnomics,Q.US.NCP_R_SA_XDC,SA,Source seasonally adjusted,2002-04-01,2399455
United States,US,USA,Comparator,Consumption,IMF IFS via DBnomics,Q.US.NCP_R_SA_XDC,SA,Source seasonally adjusted,2002-07-01,2416247
United States,US,USA,Comparator,Consumption,IMF IFS via DBnomics,Q.US.NCP_R_SA_XDC,SA,Source seasonally adjusted,2002-10-01,2429686.3
United States,US,USA,Comparator,Consumption,IMF IFS via DBnomics,Q.US.NCP_R_SA_XDC,SA,Source seasonally adjusted,2003-01-01,2441654
United States,US,USA,Comparator,Consumption,IMF IFS via DBnomics,Q.US.NCP_R_SA_XDC,SA,Source seasonally adjusted,2003-04-01,2469610.5
United States,US,USA,Comparator,Consumption,IMF IFS via DBnomics,Q.US.NCP_R_SA_XDC,SA,Source seasonally adjusted,2003-07-01,2504530.5
United States,US,USA,Comparator,Consumption,IMF IFS via DBnomics,Q.US.NCP_R_SA_XDC,SA,Source seasonally adjusted,2003-10-01,2521773
United States,US,USA,Comparator,Consumption,IMF IFS via DBnomics,Q.US.NCP_R_SA_XDC,SA,Source seasonally adjusted,2004-01-01,2545285.3
United States,US,USA,Comparator,Consumption,IMF IFS via DBnomics,Q.US.NCP_R_SA_XDC,SA,Source seasonally adjusted,2004-04-01,2559173.5
United States,US,USA,Comparator,Consumption,IMF IFS via DBnomics,Q.US.NCP_R_SA_XDC,SA,Source seasonally adjusted,2004-07-01,2589234
United States,US,USA,Comparator,Consumption,IMF IFS via DBnomics,Q.US.NCP_R_SA_XDC,SA,Source seasonally adjusted,2004-10-01,2618521
United States,US,USA,Comparator,Consumption,IMF IFS via DBnomics,Q.US.NCP_R_SA_XDC,SA,Source seasonally adjusted,2005-01-01,2635159.5
United States,US,USA,Comparator,Consumption,IMF IFS via DBnomics,Q.US.NCP_R_SA_XDC,SA,Source seasonally adjusted,2005-04-01,2664362.3
United States,US,USA,Comparator,Consumption,IMF IFS via DBnomics,Q.US.NCP_R_SA_XDC,SA,Source seasonally adjusted,2005-07-01,2686468.3
United States,US,USA,Comparator,Consumption,IMF IFS via DBnomics,Q.US.NCP_R_SA_XDC,SA,Source seasonally adjusted,2005-10-01,2691420
United States,US,USA,Comparator,Consumption,IMF IFS via DBnomics,Q.US.NCP_R_SA_XDC,SA,Source seasonally adjusted,2006-01-01,2720768.8
United States,US,USA,Comparator,Consumption,IMF IFS via DBnomics,Q.US.NCP_R_SA_XDC,SA,Source seasonally adjusted,2006-04-01,2734874.5
United States,US,USA,Comparator,Consumption,IMF IFS via DBnomics,Q.US.NCP_R_SA_XDC,SA,Source seasonally adjusted,2006-07-01,2752437
United States,US,USA,Comparator,Consumption,IMF IFS via DBnomics,Q.US.NCP_R_SA_XDC,SA,Source seasonally adjusted,2006-10-01,2778692.8
United States,US,USA,Comparator,Consumption,IMF IFS via DBnomics,Q.US.NCP_R_SA_XDC,SA,Source seasonally adjusted,2007-01-01,2795830.8
United States,US,USA,Comparator,Consumption,IMF IFS via DBnomics,Q.US.NCP_R_SA_XDC,SA,Source seasonally adjusted,2007-04-01,2803167.3
United States,US,USA,Comparator,Consumption,IMF IFS via DBnomics,Q.US.NCP_R_SA_XDC,SA,Source seasonally adjusted,2007-07-01,2821867
United States,US,USA,Comparator,Consumption,IMF IFS via DBnomics,Q.US.NCP_R_SA_XDC,SA,Source seasonally adjusted,2007-10-01,2832987.3
United States,US,USA,Comparator,Consumption,IMF IFS via DBnomics,Q.US.NCP_R_SA_XDC,SA,Source seasonally adjusted,2008-01-01,2829102.8
United States,US,USA,Comparator,Consumption,IMF IFS via DBnomics,Q.US.NCP_R_SA_XDC,SA,Source seasonally adjusted,2008-04-01,2836898.8
United States,US,USA,Comparator,Consumption,IMF IFS via DBnomics,Q.US.NCP_R_SA_XDC,SA,Source seasonally adjusted,2008-07-01,2815034
United States,US,USA,Comparator,Consumption,IMF IFS via DBnomics,Q.US.NCP_R_SA_XDC,SA,Source seasonally adjusted,2008-10-01,2789700.3
United States,US,USA,Comparator,Consumption,IMF IFS via DBnomics,Q.US.NCP_R_SA_XDC,SA,Source seasonally adjusted,2009-01-01,2782616
United States,US,USA,Comparator,Consumption,IMF IFS via DBnomics,Q.US.NCP_R_SA_XDC,SA,Source seasonally adjusted,2009-04-01,2768937
United States,US,USA,Comparator,Consumption,IMF IFS via DBnomics,Q.US.NCP_R_SA_XDC,SA,Source seasonally adjusted,2009-07-01,2787557.5
United States,US,USA,Comparator,Consumption,IMF IFS via DBnomics,Q.US.NCP_R_SA_XDC,SA,Source seasonally adjusted,2009-10-01,2784486.5
United States,US,USA,Comparator,Consumption,IMF IFS via DBnomics,Q.US.NCP_R_SA_XDC,SA,Source seasonally adjusted,2010-01-01,2800623.8
United States,US,USA,Comparator,Consumption,IMF IFS via DBnomics,Q.US.NCP_R_SA_XDC,SA,Source seasonally adjusted,2010-04-01,2825738.8
United States,US,USA,Comparator,Consumption,IMF IFS via DBnomics,Q.US.NCP_R_SA_XDC,SA,Source seasonally adjusted,2010-07-01,2845899
United States,US,USA,Comparator,Consumption,IMF IFS via DBnomics,Q.US.NCP_R_SA_XDC,SA,Source seasonally adjusted,2010-10-01,2863342
United States,US,USA,Comparator,Consumption,IMF IFS via DBnomics,Q.US.NCP_R_SA_XDC,SA,Source seasonally adjusted,2011-01-01,2874280
United States,US,USA,Comparator,Consumption,IMF IFS via DBnomics,Q.US.NCP_R_SA_XDC,SA,Source seasonally adjusted,2011-04-01,2877237.5
United States,US,USA,Comparator,Consumption,IMF IFS via DBnomics,Q.US.NCP_R_SA_XDC,SA,Source seasonally adjusted,2011-07-01,2885993.8
United States,US,USA,Comparator,Consumption,IMF IFS via DBnomics,Q.US.NCP_R_SA_XDC,SA,Source seasonally adjusted,2011-10-01,2890972.5
United States,US,USA,Comparator,Consumption,IMF IFS via DBnomics,Q.US.NCP_R_SA_XDC,SA,Source seasonally adjusted,2012-01-01,2911824.3
United States,US,USA,Comparator,Consumption,IMF IFS via DBnomics,Q.US.NCP_R_SA_XDC,SA,Source seasonally adjusted,2012-04-01,2916938.3
United States,US,USA,Comparator,Consumption,IMF IFS via DBnomics,Q.US.NCP_R_SA_XDC,SA,Source seasonally adjusted,2012-07-01,2922853.5
United States,US,USA,Comparator,Consumption,IMF IFS via DBnomics,Q.US.NCP_R_SA_XDC,SA,Source seasonally adjusted,2012-10-01,2934501.8
United States,US,USA,Comparator,Consumption,IMF IFS via DBnomics,Q.US.NCP_R_SA_XDC,SA,Source seasonally adjusted,2013-01-01,2953581.5
United States,US,USA,Comparator,Consumption,IMF IFS via DBnomics,Q.US.NCP_R_SA_XDC,SA,Source seasonally adjusted,2013-04-01,2962022.3
United States,US,USA,Comparator,Consumption,IMF IFS via DBnomics,Q.US.NCP_R_SA_XDC,SA,Source seasonally adjusted,2013-07-01,2974064.5
United States,US,USA,Comparator,Consumption,IMF IFS via DBnomics,Q.US.NCP_R_SA_XDC,SA,Source seasonally adjusted,2013-10-01,3000256.8
United States,US,USA,Comparator,Consumption,IMF IFS via DBnomics,Q.US.NCP_R_SA_XDC,SA,Source seasonally adjusted,2014-01-01,3011050.8
United States,US,USA,Comparator,Consumption,IMF IFS via DBnomics,Q.US.NCP_R_SA_XDC,SA,Source seasonally adjusted,2014-04-01,3039974.8
United States,US,USA,Comparator,Consumption,IMF IFS via DBnomics,Q.US.NCP_R_SA_XDC,SA,Source seasonally adjusted,2014-07-01,3070021.5
United States,US,USA,Comparator,Consumption,IMF IFS via DBnomics,Q.US.NCP_R_SA_XDC,SA,Source seasonally adjusted,2014-10-01,3105398.8
United States,US,USA,Comparator,Consumption,IMF IFS via DBnomics,Q.US.NCP_R_SA_XDC,SA,Source seasonally adjusted,2015-01-01,3129225.5
United States,US,USA,Comparator,Consumption,IMF IFS via DBnomics,Q.US.NCP_R_SA_XDC,SA,Source seasonally adjusted,2015-04-01,3150763.3
United States,US,USA,Comparator,Consumption,IMF IFS via DBnomics,Q.US.NCP_R_SA_XDC,SA,Source seasonally adjusted,2015-07-01,3172947.5
United States,US,USA,Comparator,Consumption,IMF IFS via DBnomics,Q.US.NCP_R_SA_XDC,SA,Source seasonally adjusted,2015-10-01,3185852.8
United States,US,USA,Comparator,Consumption,IMF IFS via DBnomics,Q.US.NCP_R_SA_XDC,SA,Source seasonally adjusted,2016-01-01,3209904.5
United States,US,USA,Comparator,Consumption,IMF IFS via DBnomics,Q.US.NCP_R_SA_XDC,SA,Source seasonally adjusted,2016-04-01,3225826.5
United States,US,USA,Comparator,Consumption,IMF IFS via DBnomics,Q.US.NCP_R_SA_XDC,SA,Source seasonally adjusted,2016-07-01,3248266
United States,US,USA,Comparator,Consumption,IMF IFS via DBnomics,Q.US.NCP_R_SA_XDC,SA,Source seasonally adjusted,2016-10-01,3265015.3
United States,US,USA,Comparator,Consumption,IMF IFS via DBnomics,Q.US.NCP_R_SA_XDC,SA,Source seasonally adjusted,2017-01-01,3290118.8
United States,US,USA,Comparator,Consumption,IMF IFS via DBnomics,Q.US.NCP_R_SA_XDC,SA,Source seasonally adjusted,2017-04-01,3306435.8
United States,US,USA,Comparator,Consumption,IMF IFS via DBnomics,Q.US.NCP_R_SA_XDC,SA,Source seasonally adjusted,2017-07-01,3328845.5
United States,US,USA,Comparator,Consumption,IMF IFS via DBnomics,Q.US.NCP_R_SA_XDC,SA,Source seasonally adjusted,2017-10-01,3365225.5
United States,US,USA,Comparator,Consumption,IMF IFS via DBnomics,Q.US.NCP_R_SA_XDC,SA,Source seasonally adjusted,2018-01-01,3389593.3
United States,US,USA,Comparator,Consumption,IMF IFS via DBnomics,Q.US.NCP_R_SA_XDC,SA,Source seasonally adjusted,2018-04-01,3407741.8
United States,US,USA,Comparator,Consumption,IMF IFS via DBnomics,Q.US.NCP_R_SA_XDC,SA,Source seasonally adjusted,2018-07-01,3423447.5
United States,US,USA,Comparator,Consumption,IMF IFS via DBnomics,Q.US.NCP_R_SA_XDC,SA,Source seasonally adjusted,2018-10-01,3434143
United States,US,USA,Comparator,Consumption,IMF IFS via DBnomics,Q.US.NCP_R_SA_XDC,SA,Source seasonally adjusted,2019-01-01,3439582.8
United States,US,USA,Comparator,Consumption,IMF IFS via DBnomics,Q.US.NCP_R_SA_XDC,SA,Source seasonally adjusted,2019-04-01,3468926.3
United States,US,USA,Comparator,Consumption,IMF IFS via DBnomics,Q.US.NCP_R_SA_XDC,SA,Source seasonally adjusted,2019-07-01,3508305.5
United States,US,USA,Comparator,Consumption,IMF IFS via DBnomics,Q.US.NCP_R_SA_XDC,SA,Source seasonally adjusted,2019-10-01,3531318.5
United States,US,USA,Comparator,Consumption,IMF IFS via DBnomics,Q.US.NCP_R_SA_XDC,SA,Source seasonally adjusted,2020-01-01,3471486.8
United States,US,USA,Comparator,Consumption,IMF IFS via DBnomics,Q.US.NCP_R_SA_XDC,SA,Source seasonally adjusted,2020-04-01,3167969.8
United States,US,USA,Comparator,Consumption,IMF IFS via DBnomics,Q.US.NCP_R_SA_XDC,SA,Source seasonally adjusted,2020-07-01,3453251.8
United States,US,USA,Comparator,Consumption,IMF IFS via DBnomics,Q.US.NCP_R_SA_XDC,SA,Source seasonally adjusted,2020-10-01,3502013.5
United States,US,USA,Comparator,Consumption,IMF IFS via DBnomics,Q.US.NCP_R_SA_XDC,SA,Source seasonally adjusted,2021-01-01,3582148.3
United States,US,USA,Comparator,Consumption,IMF IFS via DBnomics,Q.US.NCP_R_SA_XDC,SA,Source seasonally adjusted,2021-04-01,3702270.3
United States,US,USA,Comparator,Consumption,IMF IFS via DBnomics,Q.US.NCP_R_SA_XDC,SA,Source seasonally adjusted,2021-07-01,3731077.8
United States,US,USA,Comparator,Consumption,IMF IFS via DBnomics,Q.US.NCP_R_SA_XDC,SA,Source seasonally adjusted,2021-10-01,3771735.8
United States,US,USA,Comparator,Consumption,IMF IFS via DBnomics,Q.US.NCP_R_SA_XDC,SA,Source seasonally adjusted,2022-01-01,3780839.3
United States,US,USA,Comparator,Consumption,IMF IFS via DBnomics,Q.US.NCP_R_SA_XDC,SA,Source seasonally adjusted,2022-04-01,3804965
United States,US,USA,Comparator,Consumption,IMF IFS via DBnomics,Q.US.NCP_R_SA_XDC,SA,Source seasonally adjusted,2022-07-01,3819392.3
United States,US,USA,Comparator,Consumption,IMF IFS via DBnomics,Q.US.NCP_R_SA_XDC,SA,Source seasonally adjusted,2022-10-01,3830995
United States,US,USA,Comparator,Consumption,IMF IFS via DBnomics,Q.US.NCP_R_SA_XDC,SA,Source seasonally adjusted,2023-01-01,3877550.3
United States,US,USA,Comparator,Consumption,IMF IFS via DBnomics,Q.US.NCP_R_SA_XDC,SA,Source seasonally adjusted,2023-04-01,3887131.5
United States,US,USA,Comparator,Consumption,IMF IFS via DBnomics,Q.US.NCP_R_SA_XDC,SA,Source seasonally adjusted,2023-07-01,3911673.8
United States,US,USA,Comparator,Consumption,IMF IFS via DBnomics,Q.US.NCP_R_SA_XDC,SA,Source seasonally adjusted,2023-10-01,3945341.8
United States,US,USA,Comparator,Consumption,IMF IFS via DBnomics,Q.US.NCP_R_SA_XDC,SA,Source seasonally adjusted,2024-01-01,3964216.8
United States,US,USA,Comparator,Consumption,IMF IFS via DBnomics,Q.US.NCP_R_SA_XDC,SA,Source seasonally adjusted,2024-04-01,3991816.5
United States,US,USA,Comparator,Consumption,IMF IFS via DBnomics,Q.US.NCP_R_SA_XDC,SA,Source seasonally adjusted,2024-07-01,4028258.8
United States,US,USA,Comparator,Consumption,IMF IFS via DBnomics,Q.US.NCP_R_SA_XDC,SA,Source seasonally adjusted,2024-10-01,4068297.8
United States,US,USA,Comparator,Consumption,IMF IFS via DBnomics,Q.US.NCP_R_SA_XDC,SA,Source seasonally adjusted,2025-01-01,4072956
United States,US,USA,Comparator,Consumption,IMF IFS via DBnomics,Q.US.NCP_R_SA_XDC,SA,Source seasonally adjusted,2025-04-01,4087551.8
United States,US,USA,Comparator,Investment,IMF IFS via DBnomics,Q.US.NFI_R_SA_XDC,SA,Source seasonally adjusted,1972-01-01,238517
United States,US,USA,Comparator,Investment,IMF IFS via DBnomics,Q.US.NFI_R_SA_XDC,SA,Source seasonally adjusted,1972-04-01,241354.8
United States,US,USA,Comparator,Investment,IMF IFS via DBnomics,Q.US.NFI_R_SA_XDC,SA,Source seasonally adjusted,1972-07-01,240893.8
United States,US,USA,Comparator,Investment,IMF IFS via DBnomics,Q.US.NFI_R_SA_XDC,SA,Source seasonally adjusted,1972-10-01,251181
United States,US,USA,Comparator,Investment,IMF IFS via DBnomics,Q.US.NFI_R_SA_XDC,SA,Source seasonally adjusted,1973-01-01,261521
United States,US,USA,Comparator,Investment,IMF IFS via DBnomics,Q.US.NFI_R_SA_XDC,SA,Source seasonally adjusted,1973-04-01,261729.8
United States,US,USA,Comparator,Investment,IMF IFS via DBnomics,Q.US.NFI_R_SA_XDC,SA,Source seasonally adjusted,1973-07-01,259512.8
United States,US,USA,Comparator,Investment,IMF IFS via DBnomics,Q.US.NFI_R_SA_XDC,SA,Source seasonally adjusted,1973-10-01,257968
United States,US,USA,Comparator,Investment,IMF IFS via DBnomics,Q.US.NFI_R_SA_XDC,SA,Source seasonally adjusted,1974-01-01,255671
United States,US,USA,Comparator,Investment,IMF IFS via DBnomics,Q.US.NFI_R_SA_XDC,SA,Source seasonally adjusted,1974-04-01,254765.5
United States,US,USA,Comparator,Investment,IMF IFS via DBnomics,Q.US.NFI_R_SA_XDC,SA,Source seasonally adjusted,1974-07-01,250409.5
United States,US,USA,Comparator,Investment,IMF IFS via DBnomics,Q.US.NFI_R_SA_XDC,SA,Source seasonally adjusted,1974-10-01,239263
United States,US,USA,Comparator,Investment,IMF IFS via DBnomics,Q.US.NFI_R_SA_XDC,SA,Source seasonally adjusted,1975-01-01,230174.8
United States,US,USA,Comparator,Investment,IMF IFS via DBnomics,Q.US.NFI_R_SA_XDC,SA,Source seasonally adjusted,1975-04-01,224936.3
United States,US,USA,Comparator,Investment,IMF IFS via DBnomics,Q.US.NFI_R_SA_XDC,SA,Source seasonally adjusted,1975-07-01,233113.8
United States,US,USA,Comparator,Investment,IMF IFS via DBnomics,Q.US.NFI_R_SA_XDC,SA,Source seasonally adjusted,1975-10-01,238875.8
United States,US,USA,Comparator,Investment,IMF IFS via DBnomics,Q.US.NFI_R_SA_XDC,SA,Source seasonally adjusted,1976-01-01,247519
United States,US,USA,Comparator,Investment,IMF IFS via DBnomics,Q.US.NFI_R_SA_XDC,SA,Source seasonally adjusted,1976-04-01,247569.5
United States,US,USA,Comparator,Investment,IMF IFS via DBnomics,Q.US.NFI_R_SA_XDC,SA,Source seasonally adjusted,1976-07-01,249192.5
United States,US,USA,Comparator,Investment,IMF IFS via DBnomics,Q.US.NFI_R_SA_XDC,SA,Source seasonally adjusted,1976-10-01,257286
United States,US,USA,Comparator,Investment,IMF IFS via DBnomics,Q.US.NFI_R_SA_XDC,SA,Source seasonally adjusted,1977-01-01,265516.8
United States,US,USA,Comparator,Investment,IMF IFS via DBnomics,Q.US.NFI_R_SA_XDC,SA,Source seasonally adjusted,1977-04-01,277502
United States,US,USA,Comparator,Investment,IMF IFS via DBnomics,Q.US.NFI_R_SA_XDC,SA,Source seasonally adjusted,1977-07-01,279485
United States,US,USA,Comparator,Investment,IMF IFS via DBnomics,Q.US.NFI_R_SA_XDC,SA,Source seasonally adjusted,1977-10-01,282513.8
United States,US,USA,Comparator,Investment,IMF IFS via DBnomics,Q.US.NFI_R_SA_XDC,SA,Source seasonally adjusted,1978-01-01,283898.3
United States,US,USA,Comparator,Investment,IMF IFS via DBnomics,Q.US.NFI_R_SA_XDC,SA,Source seasonally adjusted,1978-04-01,305061.3
United States,US,USA,Comparator,Investment,IMF IFS via DBnomics,Q.US.NFI_R_SA_XDC,SA,Source seasonally adjusted,1978-07-01,313372.3
United States,US,USA,Comparator,Investment,IMF IFS via DBnomics,Q.US.NFI_R_SA_XDC,SA,Source seasonally adjusted,1978-10-01,320405
United States,US,USA,Comparator,Investment,IMF IFS via DBnomics,Q.US.NFI_R_SA_XDC,SA,Source seasonally adjusted,1979-01-01,319290.5
United States,US,USA,Comparator,Investment,IMF IFS via DBnomics,Q.US.NFI_R_SA_XDC,SA,Source seasonally adjusted,1979-04-01,320244.5
United States,US,USA,Comparator,Investment,IMF IFS via DBnomics,Q.US.NFI_R_SA_XDC,SA,Source seasonally adjusted,1979-07-01,327648.8
United States,US,USA,Comparator,Investment,IMF IFS via DBnomics,Q.US.NFI_R_SA_XDC,SA,Source seasonally adjusted,1979-10-01,325235.8
United States,US,USA,Comparator,Investment,IMF IFS via DBnomics,Q.US.NFI_R_SA_XDC,SA,Source seasonally adjusted,1980-01-01,323905.8
United States,US,USA,Comparator,Investment,IMF IFS via DBnomics,Q.US.NFI_R_SA_XDC,SA,Source seasonally adjusted,1980-04-01,300343.8
United States,US,USA,Comparator,Investment,IMF IFS via DBnomics,Q.US.NFI_R_SA_XDC,SA,Source seasonally adjusted,1980-07-01,301609
United States,US,USA,Comparator,Investment,IMF IFS via DBnomics,Q.US.NFI_R_SA_XDC,SA,Source seasonally adjusted,1980-10-01,311084
United States,US,USA,Comparator,Investment,IMF IFS via DBnomics,Q.US.NFI_R_SA_XDC,SA,Source seasonally adjusted,1981-01-01,315361
United States,US,USA,Comparator,Investment,IMF IFS via DBnomics,Q.US.NFI_R_SA_XDC,SA,Source seasonally adjusted,1981-04-01,315436.5
United States,US,USA,Comparator,Investment,IMF IFS via DBnomics,Q.US.NFI_R_SA_XDC,SA,Source seasonally adjusted,1981-07-01,314447.8
United States,US,USA,Comparator,Investment,IMF IFS via DBnomics,Q.US.NFI_R_SA_XDC,SA,Source seasonally adjusted,1981-10-01,315296
United States,US,USA,Comparator,Investment,IMF IFS via DBnomics,Q.US.NFI_R_SA_XDC,SA,Source seasonally adjusted,1982-01-01,306874.3
United States,US,USA,Comparator,Investment,IMF IFS via DBnomics,Q.US.NFI_R_SA_XDC,SA,Source seasonally adjusted,1982-04-01,300107.3
United States,US,USA,Comparator,Investment,IMF IFS via DBnomics,Q.US.NFI_R_SA_XDC,SA,Source seasonally adjusted,1982-07-01,294477.3
United States,US,USA,Comparator,Investment,IMF IFS via DBnomics,Q.US.NFI_R_SA_XDC,SA,Source seasonally adjusted,1982-10-01,296487.8
United States,US,USA,Comparator,Investment,IMF IFS via DBnomics,Q.US.NFI_R_SA_XDC,SA,Source seasonally adjusted,1983-01-01,302034.8
United States,US,USA,Comparator,Investment,IMF IFS via DBnomics,Q.US.NFI_R_SA_XDC,SA,Source seasonally adjusted,1983-04-01,311598
United States,US,USA,Comparator,Investment,IMF IFS via DBnomics,Q.US.NFI_R_SA_XDC,SA,Source seasonally adjusted,1983-07-01,327770.5
United States,US,USA,Comparator,Investment,IMF IFS via DBnomics,Q.US.NFI_R_SA_XDC,SA,Source seasonally adjusted,1983-10-01,343506.5
United States,US,USA,Comparator,Investment,IMF IFS via DBnomics,Q.US.NFI_R_SA_XDC,SA,Source seasonally adjusted,1984-01-01,353829.3
United States,US,USA,Comparator,Investment,IMF IFS via DBnomics,Q.US.NFI_R_SA_XDC,SA,Source seasonally adjusted,1984-04-01,366732.8
United States,US,USA,Comparator,Investment,IMF IFS via DBnomics,Q.US.NFI_R_SA_XDC,SA,Source seasonally adjusted,1984-07-01,373751.3
United States,US,USA,Comparator,Investment,IMF IFS via DBnomics,Q.US.NFI_R_SA_XDC,SA,Source seasonally adjusted,1984-10-01,383450
United States,US,USA,Comparator,Investment,IMF IFS via DBnomics,Q.US.NFI_R_SA_XDC,SA,Source seasonally adjusted,1985-01-01,387119
United States,US,USA,Comparator,Investment,IMF IFS via DBnomics,Q.US.NFI_R_SA_XDC,SA,Source seasonally adjusted,1985-04-01,395149
United States,US,USA,Comparator,Investment,IMF IFS via DBnomics,Q.US.NFI_R_SA_XDC,SA,Source seasonally adjusted,1985-07-01,396482.3
United States,US,USA,Comparator,Investment,IMF IFS via DBnomics,Q.US.NFI_R_SA_XDC,SA,Source seasonally adjusted,1985-10-01,402525
United States,US,USA,Comparator,Investment,IMF IFS via DBnomics,Q.US.NFI_R_SA_XDC,SA,Source seasonally adjusted,1986-01-01,404507.3
United States,US,USA,Comparator,Investment,IMF IFS via DBnomics,Q.US.NFI_R_SA_XDC,SA,Source seasonally adjusted,1986-04-01,406588.8
United States,US,USA,Comparator,Investment,IMF IFS via DBnomics,Q.US.NFI_R_SA_XDC,SA,Source seasonally adjusted,1986-07-01,409237
United States,US,USA,Comparator,Investment,IMF IFS via DBnomics,Q.US.NFI_R_SA_XDC,SA,Source seasonally adjusted,1986-10-01,410687.3
United States,US,USA,Comparator,Investment,IMF IFS via DBnomics,Q.US.NFI_R_SA_XDC,SA,Source seasonally adjusted,1987-01-01,406533
United States,US,USA,Comparator,Investment,IMF IFS via DBnomics,Q.US.NFI_R_SA_XDC,SA,Source seasonally adjusted,1987-04-01,413188.5
United States,US,USA,Comparator,Investment,IMF IFS via DBnomics,Q.US.NFI_R_SA_XDC,SA,Source seasonally adjusted,1987-07-01,419972.8
United States,US,USA,Comparator,Investment,IMF IFS via DBnomics,Q.US.NFI_R_SA_XDC,SA,Source seasonally adjusted,1987-10-01,420164
United States,US,USA,Comparator,Investment,IMF IFS via DBnomics,Q.US.NFI_R_SA_XDC,SA,Source seasonally adjusted,1988-01-01,417211.8
United States,US,USA,Comparator,Investment,IMF IFS via DBnomics,Q.US.NFI_R_SA_XDC,SA,Source seasonally adjusted,1988-04-01,424624
United States,US,USA,Comparator,Investment,IMF IFS via DBnomics,Q.US.NFI_R_SA_XDC,SA,Source seasonally adjusted,1988-07-01,425651.3
United States,US,USA,Comparator,Investment,IMF IFS via DBnomics,Q.US.NFI_R_SA_XDC,SA,Source seasonally adjusted,1988-10-01,430748
United States,US,USA,Comparator,Investment,IMF IFS via DBnomics,Q.US.NFI_R_SA_XDC,SA,Source seasonally adjusted,1989-01-01,433397
United States,US,USA,Comparator,Investment,IMF IFS via DBnomics,Q.US.NFI_R_SA_XDC,SA,Source seasonally adjusted,1989-04-01,434374.5
United States,US,USA,Comparator,Investment,IMF IFS via DBnomics,Q.US.NFI_R_SA_XDC,SA,Source seasonally adjusted,1989-07-01,442339.8
United States,US,USA,Comparator,Investment,IMF IFS via DBnomics,Q.US.NFI_R_SA_XDC,SA,Source seasonally adjusted,1989-10-01,437890.8
United States,US,USA,Comparator,Investment,IMF IFS via DBnomics,Q.US.NFI_R_SA_XDC,SA,Source seasonally adjusted,1990-01-01,445084
United States,US,USA,Comparator,Investment,IMF IFS via DBnomics,Q.US.NFI_R_SA_XDC,SA,Source seasonally adjusted,1990-04-01,438012
United States,US,USA,Comparator,Investment,IMF IFS via DBnomics,Q.US.NFI_R_SA_XDC,SA,Source seasonally adjusted,1990-07-01,435572.3
United States,US,USA,Comparator,Investment,IMF IFS via DBnomics,Q.US.NFI_R_SA_XDC,SA,Source seasonally adjusted,1990-10-01,427500
United States,US,USA,Comparator,Investment,IMF IFS via DBnomics,Q.US.NFI_R_SA_XDC,SA,Source seasonally adjusted,1991-01-01,416740
United States,US,USA,Comparator,Investment,IMF IFS via DBnomics,Q.US.NFI_R_SA_XDC,SA,Source seasonally adjusted,1991-04-01,419145
United States,US,USA,Comparator,Investment,IMF IFS via DBnomics,Q.US.NFI_R_SA_XDC,SA,Source seasonally adjusted,1991-07-01,419122.8
United States,US,USA,Comparator,Investment,IMF IFS via DBnomics,Q.US.NFI_R_SA_XDC,SA,Source seasonally adjusted,1991-10-01,419445
United States,US,USA,Comparator,Investment,IMF IFS via DBnomics,Q.US.NFI_R_SA_XDC,SA,Source seasonally adjusted,1992-01-01,425286.3
United States,US,USA,Comparator,Investment,IMF IFS via DBnomics,Q.US.NFI_R_SA_XDC,SA,Source seasonally adjusted,1992-04-01,434613
United States,US,USA,Comparator,Investment,IMF IFS via DBnomics,Q.US.NFI_R_SA_XDC,SA,Source seasonally adjusted,1992-07-01,437083
United States,US,USA,Comparator,Investment,IMF IFS via DBnomics,Q.US.NFI_R_SA_XDC,SA,Source seasonally adjusted,1992-10-01,446123.5
United States,US,USA,Comparator,Investment,IMF IFS via DBnomics,Q.US.NFI_R_SA_XDC,SA,Source seasonally adjusted,1993-01-01,446341
United States,US,USA,Comparator,Investment,IMF IFS via DBnomics,Q.US.NFI_R_SA_XDC,SA,Source seasonally adjusted,1993-04-01,453789.3
United States,US,USA,Comparator,Investment,IMF IFS via DBnomics,Q.US.NFI_R_SA_XDC,SA,Source seasonally adjusted,1993-07-01,458206.3
United States,US,USA,Comparator,Investment,IMF IFS via DBnomics,Q.US.NFI_R_SA_XDC,SA,Source seasonally adjusted,1993-10-01,473580.8
United States,US,USA,Comparator,Investment,IMF IFS via DBnomics,Q.US.NFI_R_SA_XDC,SA,Source seasonally adjusted,1994-01-01,473833.3
United States,US,USA,Comparator,Investment,IMF IFS via DBnomics,Q.US.NFI_R_SA_XDC,SA,Source seasonally adjusted,1994-04-01,482954.5
United States,US,USA,Comparator,Investment,IMF IFS via DBnomics,Q.US.NFI_R_SA_XDC,SA,Source seasonally adjusted,1994-07-01,489406
United States,US,USA,Comparator,Investment,IMF IFS via DBnomics,Q.US.NFI_R_SA_XDC,SA,Source seasonally adjusted,1994-10-01,497558.5
United States,US,USA,Comparator,Investment,IMF IFS via DBnomics,Q.US.NFI_R_SA_XDC,SA,Source seasonally adjusted,1995-01-01,507046.8
United States,US,USA,Comparator,Investment,IMF IFS via DBnomics,Q.US.NFI_R_SA_XDC,SA,Source seasonally adjusted,1995-04-01,507149
United States,US,USA,Comparator,Investment,IMF IFS via DBnomics,Q.US.NFI_R_SA_XDC,SA,Source seasonally adjusted,1995-07-01,511228
United States,US,USA,Comparator,Investment,IMF IFS via DBnomics,Q.US.NFI_R_SA_XDC,SA,Source seasonally adjusted,1995-10-01,518543.3
United States,US,USA,Comparator,Investment,IMF IFS via DBnomics,Q.US.NFI_R_SA_XDC,SA,Source seasonally adjusted,1996-01-01,531826
United States,US,USA,Comparator,Investment,IMF IFS via DBnomics,Q.US.NFI_R_SA_XDC,SA,Source seasonally adjusted,1996-04-01,546221.8
United States,US,USA,Comparator,Investment,IMF IFS via DBnomics,Q.US.NFI_R_SA_XDC,SA,Source seasonally adjusted,1996-07-01,557126
United States,US,USA,Comparator,Investment,IMF IFS via DBnomics,Q.US.NFI_R_SA_XDC,SA,Source seasonally adjusted,1996-10-01,565242.8
United States,US,USA,Comparator,Investment,IMF IFS via DBnomics,Q.US.NFI_R_SA_XDC,SA,Source seasonally adjusted,1997-01-01,571814.8
United States,US,USA,Comparator,Investment,IMF IFS via DBnomics,Q.US.NFI_R_SA_XDC,SA,Source seasonally adjusted,1997-04-01,581646
United States,US,USA,Comparator,Investment,IMF IFS via DBnomics,Q.US.NFI_R_SA_XDC,SA,Source seasonally adjusted,1997-07-01,600784.3
United States,US,USA,Comparator,Investment,IMF IFS via DBnomics,Q.US.NFI_R_SA_XDC,SA,Source seasonally adjusted,1997-10-01,604186.3
United States,US,USA,Comparator,Investment,IMF IFS via DBnomics,Q.US.NFI_R_SA_XDC,SA,Source seasonally adjusted,1998-01-01,618923.8
United States,US,USA,Comparator,Investment,IMF IFS via DBnomics,Q.US.NFI_R_SA_XDC,SA,Source seasonally adjusted,1998-04-01,639329.3
United States,US,USA,Comparator,Investment,IMF IFS via DBnomics,Q.US.NFI_R_SA_XDC,SA,Source seasonally adjusted,1998-07-01,653248
United States,US,USA,Comparator,Investment,IMF IFS via DBnomics,Q.US.NFI_R_SA_XDC,SA,Source seasonally adjusted,1998-10-01,666116.5
United States,US,USA,Comparator,Investment,IMF IFS via DBnomics,Q.US.NFI_R_SA_XDC,SA,Source seasonally adjusted,1999-01-01,677759.5
United States,US,USA,Comparator,Investment,IMF IFS via DBnomics,Q.US.NFI_R_SA_XDC,SA,Source seasonally adjusted,1999-04-01,692246
United States,US,USA,Comparator,Investment,IMF IFS via DBnomics,Q.US.NFI_R_SA_XDC,SA,Source seasonally adjusted,1999-07-01,707785.5
United States,US,USA,Comparator,Investment,IMF IFS via DBnomics,Q.US.NFI_R_SA_XDC,SA,Source seasonally adjusted,1999-10-01,714400.8
United States,US,USA,Comparator,Investment,IMF IFS via DBnomics,Q.US.NFI_R_SA_XDC,SA,Source seasonally adjusted,2000-01-01,732081.8
United States,US,USA,Comparator,Investment,IMF IFS via DBnomics,Q.US.NFI_R_SA_XDC,SA,Source seasonally adjusted,2000-04-01,743563
United States,US,USA,Comparator,Investment,IMF IFS via DBnomics,Q.US.NFI_R_SA_XDC,SA,Source seasonally adjusted,2000-07-01,745690.3
United States,US,USA,Comparator,Investment,IMF IFS via DBnomics,Q.US.NFI_R_SA_XDC,SA,Source seasonally adjusted,2000-10-01,749487.5
United States,US,USA,Comparator,Investment,IMF IFS via DBnomics,Q.US.NFI_R_SA_XDC,SA,Source seasonally adjusted,2001-01-01,747602.5
United States,US,USA,Comparator,Investment,IMF IFS via DBnomics,Q.US.NFI_R_SA_XDC,SA,Source seasonally adjusted,2001-04-01,745692.8
United States,US,USA,Comparator,Investment,IMF IFS via DBnomics,Q.US.NFI_R_SA_XDC,SA,Source seasonally adjusted,2001-07-01,736344.8
United States,US,USA,Comparator,Investment,IMF IFS via DBnomics,Q.US.NFI_R_SA_XDC,SA,Source seasonally adjusted,2001-10-01,728612.8
United States,US,USA,Comparator,Investment,IMF IFS via DBnomics,Q.US.NFI_R_SA_XDC,SA,Source seasonally adjusted,2002-01-01,726309.5
United States,US,USA,Comparator,Investment,IMF IFS via DBnomics,Q.US.NFI_R_SA_XDC,SA,Source seasonally adjusted,2002-04-01,726442
United States,US,USA,Comparator,Investment,IMF IFS via DBnomics,Q.US.NFI_R_SA_XDC,SA,Source seasonally adjusted,2002-07-01,727860.5
United States,US,USA,Comparator,Investment,IMF IFS via DBnomics,Q.US.NFI_R_SA_XDC,SA,Source seasonally adjusted,2002-10-01,727477.5
United States,US,USA,Comparator,Investment,IMF IFS via DBnomics,Q.US.NFI_R_SA_XDC,SA,Source seasonally adjusted,2003-01-01,732807
United States,US,USA,Comparator,Investment,IMF IFS via DBnomics,Q.US.NFI_R_SA_XDC,SA,Source seasonally adjusted,2003-04-01,747096.3
United States,US,USA,Comparator,Investment,IMF IFS via DBnomics,Q.US.NFI_R_SA_XDC,SA,Source seasonally adjusted,2003-07-01,769710.5
United States,US,USA,Comparator,Investment,IMF IFS via DBnomics,Q.US.NFI_R_SA_XDC,SA,Source seasonally adjusted,2003-10-01,781688.8
United States,US,USA,Comparator,Investment,IMF IFS via DBnomics,Q.US.NFI_R_SA_XDC,SA,Source seasonally adjusted,2004-01-01,779779
United States,US,USA,Comparator,Investment,IMF IFS via DBnomics,Q.US.NFI_R_SA_XDC,SA,Source seasonally adjusted,2004-04-01,798083
United States,US,USA,Comparator,Investment,IMF IFS via DBnomics,Q.US.NFI_R_SA_XDC,SA,Source seasonally adjusted,2004-07-01,811627.8
United States,US,USA,Comparator,Investment,IMF IFS via DBnomics,Q.US.NFI_R_SA_XDC,SA,Source seasonally adjusted,2004-10-01,823474.5
United States,US,USA,Comparator,Investment,IMF IFS via DBnomics,Q.US.NFI_R_SA_XDC,SA,Source seasonally adjusted,2005-01-01,835599
United States,US,USA,Comparator,Investment,IMF IFS via DBnomics,Q.US.NFI_R_SA_XDC,SA,Source seasonally adjusted,2005-04-01,847987.5
United States,US,USA,Comparator,Investment,IMF IFS via DBnomics,Q.US.NFI_R_SA_XDC,SA,Source seasonally adjusted,2005-07-01,860236
United States,US,USA,Comparator,Investment,IMF IFS via DBnomics,Q.US.NFI_R_SA_XDC,SA,Source seasonally adjusted,2005-10-01,863826.5
United States,US,USA,Comparator,Investment,IMF IFS via DBnomics,Q.US.NFI_R_SA_XDC,SA,Source seasonally adjusted,2006-01-01,880925.8
United States,US,USA,Comparator,Investment,IMF IFS via DBnomics,Q.US.NFI_R_SA_XDC,SA,Source seasonally adjusted,2006-04-01,878335.3
United States,US,USA,Comparator,Investment,IMF IFS via DBnomics,Q.US.NFI_R_SA_XDC,SA,Source seasonally adjusted,2006-07-01,871763.3
United States,US,USA,Comparator,Investment,IMF IFS via DBnomics,Q.US.NFI_R_SA_XDC,SA,Source seasonally adjusted,2006-10-01,867757
United States,US,USA,Comparator,Investment,IMF IFS via DBnomics,Q.US.NFI_R_SA_XDC,SA,Source seasonally adjusted,2007-01-01,867928.8
United States,US,USA,Comparator,Investment,IMF IFS via DBnomics,Q.US.NFI_R_SA_XDC,SA,Source seasonally adjusted,2007-04-01,874264
United States,US,USA,Comparator,Investment,IMF IFS via DBnomics,Q.US.NFI_R_SA_XDC,SA,Source seasonally adjusted,2007-07-01,870609
United States,US,USA,Comparator,Investment,IMF IFS via DBnomics,Q.US.NFI_R_SA_XDC,SA,Source seasonally adjusted,2007-10-01,865723.8
United States,US,USA,Comparator,Investment,IMF IFS via DBnomics,Q.US.NFI_R_SA_XDC,SA,Source seasonally adjusted,2008-01-01,854344.8
United States,US,USA,Comparator,Investment,IMF IFS via DBnomics,Q.US.NFI_R_SA_XDC,SA,Source seasonally adjusted,2008-04-01,851765.5
United States,US,USA,Comparator,Investment,IMF IFS via DBnomics,Q.US.NFI_R_SA_XDC,SA,Source seasonally adjusted,2008-07-01,835509
United States,US,USA,Comparator,Investment,IMF IFS via DBnomics,Q.US.NFI_R_SA_XDC,SA,Source seasonally adjusted,2008-10-01,790610.8
United States,US,USA,Comparator,Investment,IMF IFS via DBnomics,Q.US.NFI_R_SA_XDC,SA,Source seasonally adjusted,2009-01-01,740520.5
United States,US,USA,Comparator,Investment,IMF IFS via DBnomics,Q.US.NFI_R_SA_XDC,SA,Source seasonally adjusted,2009-04-01,722620.8
United States,US,USA,Comparator,Investment,IMF IFS via DBnomics,Q.US.NFI_R_SA_XDC,SA,Source seasonally adjusted,2009-07-01,725289.3
United States,US,USA,Comparator,Investment,IMF IFS via DBnomics,Q.US.NFI_R_SA_XDC,SA,Source seasonally adjusted,2009-10-01,726536.3
United States,US,USA,Comparator,Investment,IMF IFS via DBnomics,Q.US.NFI_R_SA_XDC,SA,Source seasonally adjusted,2010-01-01,723935.5
United States,US,USA,Comparator,Investment,IMF IFS via DBnomics,Q.US.NFI_R_SA_XDC,SA,Source seasonally adjusted,2010-04-01,747200.8
United States,US,USA,Comparator,Investment,IMF IFS via DBnomics,Q.US.NFI_R_SA_XDC,SA,Source seasonally adjusted,2010-07-01,750096
United States,US,USA,Comparator,Investment,IMF IFS via DBnomics,Q.US.NFI_R_SA_XDC,SA,Source seasonally adjusted,2010-10-01,759530.3
United States,US,USA,Comparator,Investment,IMF IFS via DBnomics,Q.US.NFI_R_SA_XDC,SA,Source seasonally adjusted,2011-01-01,755192.5
United States,US,USA,Comparator,Investment,IMF IFS via DBnomics,Q.US.NFI_R_SA_XDC,SA,Source seasonally adjusted,2011-04-01,766964.5
United States,US,USA,Comparator,Investment,IMF IFS via DBnomics,Q.US.NFI_R_SA_XDC,SA,Source seasonally adjusted,2011-07-01,790560.5
United States,US,USA,Comparator,Investment,IMF IFS via DBnomics,Q.US.NFI_R_SA_XDC,SA,Source seasonally adjusted,2011-10-01,805963.3
United States,US,USA,Comparator,Investment,IMF IFS via DBnomics,Q.US.NFI_R_SA_XDC,SA,Source seasonally adjusted,2012-01-01,822534.8
United States,US,USA,Comparator,Investment,IMF IFS via DBnomics,Q.US.NFI_R_SA_XDC,SA,Source seasonally adjusted,2012-04-01,835039.5
United States,US,USA,Comparator,Investment,IMF IFS via DBnomics,Q.US.NFI_R_SA_XDC,SA,Source seasonally adjusted,2012-07-01,833421.8
United States,US,USA,Comparator,Investment,IMF IFS via DBnomics,Q.US.NFI_R_SA_XDC,SA,Source seasonally adjusted,2012-10-01,843215.3
United States,US,USA,Comparator,Investment,IMF IFS via DBnomics,Q.US.NFI_R_SA_XDC,SA,Source seasonally adjusted,2013-01-01,853163
United States,US,USA,Comparator,Investment,IMF IFS via DBnomics,Q.US.NFI_R_SA_XDC,SA,Source seasonally adjusted,2013-04-01,859874.3
United States,US,USA,Comparator,Investment,IMF IFS via DBnomics,Q.US.NFI_R_SA_XDC,SA,Source seasonally adjusted,2013-07-01,873358.5
United States,US,USA,Comparator,Investment,IMF IFS via DBnomics,Q.US.NFI_R_SA_XDC,SA,Source seasonally adjusted,2013-10-01,883797.3
United States,US,USA,Comparator,Investment,IMF IFS via DBnomics,Q.US.NFI_R_SA_XDC,SA,Source seasonally adjusted,2014-01-01,888779
United States,US,USA,Comparator,Investment,IMF IFS via DBnomics,Q.US.NFI_R_SA_XDC,SA,Source seasonally adjusted,2014-04-01,913766.5
United States,US,USA,Comparator,Investment,IMF IFS via DBnomics,Q.US.NFI_R_SA_XDC,SA,Source seasonally adjusted,2014-07-01,929873
United States,US,USA,Comparator,Investment,IMF IFS via DBnomics,Q.US.NFI_R_SA_XDC,SA,Source seasonally adjusted,2014-10-01,942224.8
United States,US,USA,Comparator,Investment,IMF IFS via DBnomics,Q.US.NFI_R_SA_XDC,SA,Source seasonally adjusted,2015-01-01,944408.3
United States,US,USA,Comparator,Investment,IMF IFS via DBnomics,Q.US.NFI_R_SA_XDC,SA,Source seasonally adjusted,2015-04-01,957648
United States,US,USA,Comparator,Investment,IMF IFS via DBnomics,Q.US.NFI_R_SA_XDC,SA,Source seasonally adjusted,2015-07-01,967611.5
United States,US,USA,Comparator,Investment,IMF IFS via DBnomics,Q.US.NFI_R_SA_XDC,SA,Source seasonally adjusted,2015-10-01,966694.8
United States,US,USA,Comparator,Investment,IMF IFS via DBnomics,Q.US.NFI_R_SA_XDC,SA,Source seasonally adjusted,2016-01-01,976812
United States,US,USA,Comparator,Investment,IMF IFS via DBnomics,Q.US.NFI_R_SA_XDC,SA,Source seasonally adjusted,2016-04-01,981250.8
United States,US,USA,Comparator,Investment,IMF IFS via DBnomics,Q.US.NFI_R_SA_XDC,SA,Source seasonally adjusted,2016-07-01,990245.5
United States,US,USA,Comparator,Investment,IMF IFS via DBnomics,Q.US.NFI_R_SA_XDC,SA,Source seasonally adjusted,2016-10-01,999418
United States,US,USA,Comparator,Investment,IMF IFS via DBnomics,Q.US.NFI_R_SA_XDC,SA,Source seasonally adjusted,2017-01-01,1011264
United States,US,USA,Comparator,Investment,IMF IFS via DBnomics,Q.US.NFI_R_SA_XDC,SA,Source seasonally adjusted,2017-04-01,1021880.3
United States,US,USA,Comparator,Investment,IMF IFS via DBnomics,Q.US.NFI_R_SA_XDC,SA,Source seasonally adjusted,2017-07-01,1029443.3
United States,US,USA,Comparator,Investment,IMF IFS via DBnomics,Q.US.NFI_R_SA_XDC,SA,Source seasonally adjusted,2017-10-01,1053829.5
United States,US,USA,Comparator,Investment,IMF IFS via DBnomics,Q.US.NFI_R_SA_XDC,SA,Source seasonally adjusted,2018-01-01,1069657
United States,US,USA,Comparator,Investment,IMF IFS via DBnomics,Q.US.NFI_R_SA_XDC,SA,Source seasonally adjusted,2018-04-01,1081922.5
United States,US,USA,Comparator,Investment,IMF IFS via DBnomics,Q.US.NFI_R_SA_XDC,SA,Source seasonally adjusted,2018-07-01,1085621.3
United States,US,USA,Comparator,Investment,IMF IFS via DBnomics,Q.US.NFI_R_SA_XDC,SA,Source seasonally adjusted,2018-10-01,1086077
United States,US,USA,Comparator,Investment,IMF IFS via DBnomics,Q.US.NFI_R_SA_XDC,SA,Source seasonally adjusted,2019-01-01,1094165
United States,US,USA,Comparator,Investment,IMF IFS via DBnomics,Q.US.NFI_R_SA_XDC,SA,Source seasonally adjusted,2019-04-01,1110829.8
United States,US,USA,Comparator,Investment,IMF IFS via DBnomics,Q.US.NFI_R_SA_XDC,SA,Source seasonally adjusted,2019-07-01,1123495.8
United States,US,USA,Comparator,Investment,IMF IFS via DBnomics,Q.US.NFI_R_SA_XDC,SA,Source seasonally adjusted,2019-10-01,1121362.3
United States,US,USA,Comparator,Investment,IMF IFS via DBnomics,Q.US.NFI_R_SA_XDC,SA,Source seasonally adjusted,2020-01-01,1119507.8
United States,US,USA,Comparator,Investment,IMF IFS via DBnomics,Q.US.NFI_R_SA_XDC,SA,Source seasonally adjusted,2020-04-01,1049262.5
United States,US,USA,Comparator,Investment,IMF IFS via DBnomics,Q.US.NFI_R_SA_XDC,SA,Source seasonally adjusted,2020-07-01,1104223.8
United States,US,USA,Comparator,Investment,IMF IFS via DBnomics,Q.US.NFI_R_SA_XDC,SA,Source seasonally adjusted,2020-10-01,1140585.8
United States,US,USA,Comparator,Investment,IMF IFS via DBnomics,Q.US.NFI_R_SA_XDC,SA,Source seasonally adjusted,2021-01-01,1158055.5
United States,US,USA,Comparator,Investment,IMF IFS via DBnomics,Q.US.NFI_R_SA_XDC,SA,Source seasonally adjusted,2021-04-01,1167858.8
United States,US,USA,Comparator,Investment,IMF IFS via DBnomics,Q.US.NFI_R_SA_XDC,SA,Source seasonally adjusted,2021-07-01,1160726
United States,US,USA,Comparator,Investment,IMF IFS via DBnomics,Q.US.NFI_R_SA_XDC,SA,Source seasonally adjusted,2021-10-01,1166770.8
United States,US,USA,Comparator,Investment,IMF IFS via DBnomics,Q.US.NFI_R_SA_XDC,SA,Source seasonally adjusted,2022-01-01,1186144.3
United States,US,USA,Comparator,Investment,IMF IFS via DBnomics,Q.US.NFI_R_SA_XDC,SA,Source seasonally adjusted,2022-04-01,1190495
United States,US,USA,Comparator,Investment,IMF IFS via DBnomics,Q.US.NFI_R_SA_XDC,SA,Source seasonally adjusted,2022-07-01,1185383
United States,US,USA,Comparator,Investment,IMF IFS via DBnomics,Q.US.NFI_R_SA_XDC,SA,Source seasonally adjusted,2022-10-01,1185747.8
United States,US,USA,Comparator,Investment,IMF IFS via DBnomics,Q.US.NFI_R_SA_XDC,SA,Source seasonally adjusted,2023-01-01,1195878
United States,US,USA,Comparator,Investment,IMF IFS via DBnomics,Q.US.NFI_R_SA_XDC,SA,Source seasonally adjusted,2023-04-01,1222344.3
United States,US,USA,Comparator,Investment,IMF IFS via DBnomics,Q.US.NFI_R_SA_XDC,SA,Source seasonally adjusted,2023-07-01,1233545.8
United States,US,USA,Comparator,Investment,IMF IFS via DBnomics,Q.US.NFI_R_SA_XDC,SA,Source seasonally adjusted,2023-10-01,1249139
United States,US,USA,Comparator,Investment,IMF IFS via DBnomics,Q.US.NFI_R_SA_XDC,SA,Source seasonally adjusted,2024-01-01,1266285.8
United States,US,USA,Comparator,Investment,IMF IFS via DBnomics,Q.US.NFI_R_SA_XDC,SA,Source seasonally adjusted,2024-04-01,1275714.5
United States,US,USA,Comparator,Investment,IMF IFS via DBnomics,Q.US.NFI_R_SA_XDC,SA,Source seasonally adjusted,2024-07-01,1285015
United States,US,USA,Comparator,Investment,IMF IFS via DBnomics,Q.US.NFI_R_SA_XDC,SA,Source seasonally adjusted,2024-10-01,1284056.8
United States,US,USA,Comparator,Investment,IMF IFS via DBnomics,Q.US.NFI_R_SA_XDC,SA,Source seasonally adjusted,2025-01-01,1305332.8
United States,US,USA,Comparator,Investment,IMF IFS via DBnomics,Q.US.NFI_R_SA_XDC,SA,Source seasonally adjusted,2025-04-01,1309376
